店铺ID,店铺名称,地址,电话,行业分类,营业时间,是否营业中,Logo图片,外卖起送费,配送费,距离(km),商品ID,商品名称,分类,价格,原价,库存,是否缺货,商品图片,条码,描述,是否新品,创建时间
5865660,匠心卤（食堂二楼）,广东省广州市广东省广州市广州软件学院食堂二楼,13710983463,餐饮行业,"16:30-19:00, 10:30-13:00",否,https://img.pospal.cn/storeLogo/5865660/3516879b54c54d2aa5bca5f9988d5a68.jpg,0,0,0,159715257310382875,椒麻鸡拼鸭翅根,双拼,15.0,15.0,10.0,否,https://img.pospal.cn/productImages/0/default/food_200x200.png,2604180821059,,是,2026-04-18 08:22:03
5865660,匠心卤（食堂二楼）,广东省广州市广东省广州市广州软件学院食堂二楼,13710983463,餐饮行业,"16:30-19:00, 10:30-13:00",否,https://img.pospal.cn/storeLogo/5865660/3516879b54c54d2aa5bca5f9988d5a68.jpg,0,0,0,923897920332143200,椒麻鸡拼腐竹,双拼,15.0,15.0,10.0,否,https://img.pospal.cn/productImages/0/default/food_200x200.png,2604180822056,,是,2026-04-18 08:22:30
5865660,匠心卤（食堂二楼）,广东省广州市广东省广州市广州软件学院食堂二楼,13710983463,餐饮行业,"16:30-19:00, 10:30-13:00",否,https://img.pospal.cn/storeLogo/5865660/3516879b54c54d2aa5bca5f9988d5a68.jpg,0,0,0,119067495057247240,肘子拼腐竹,双拼,15.0,15.0,8.0,否,https://img.pospal.cn/productImages/0/default/food_200x200.png,2604181140586,,是,2026-04-18 11:41:27
5865660,匠心卤（食堂二楼）,广东省广州市广东省广州市广州软件学院食堂二楼,13710983463,餐饮行业,"16:30-19:00, 10:30-13:00",否,https://img.pospal.cn/storeLogo/5865660/3516879b54c54d2aa5bca5f9988d5a68.jpg,0,0,0,1003919643224135996,卤肉拼肘子,双拼,15.0,15.0,0.0,是,https://img.pospal.cn/productImages/0/default/food_200x200.png,2604180809286,,是,2026-04-18 08:10:22
5865660,匠心卤（食堂二楼）,广东省广州市广东省广州市广州软件学院食堂二楼,13710983463,餐饮行业,"16:30-19:00, 10:30-13:00",否,https://img.pospal.cn/storeLogo/5865660/3516879b54c54d2aa5bca5f9988d5a68.jpg,0,0,0,530898819395265871,卤肉拼椒麻鸡,双拼,15.0,15.0,0.0,是,https://img.pospal.cn/productImages/0/default/food_200x200.png,2604180810282,,是,2026-04-18 08:11:00
5865660,匠心卤（食堂二楼）,广东省广州市广东省广州市广州软件学院食堂二楼,13710983463,餐饮行业,"16:30-19:00, 10:30-13:00",否,https://img.pospal.cn/storeLogo/5865660/3516879b54c54d2aa5bca5f9988d5a68.jpg,0,0,0,560562515331375348,卤肉拼肉肠,双拼,15.0,15.0,0.0,是,https://img.pospal.cn/productImages/0/default/food_200x200.png,2604180811166,,是,2026-04-18 08:12:02
5865660,匠心卤（食堂二楼）,广东省广州市广东省广州市广州软件学院食堂二楼,13710983463,餐饮行业,"16:30-19:00, 10:30-13:00",否,https://img.pospal.cn/storeLogo/5865660/3516879b54c54d2aa5bca5f9988d5a68.jpg,0,0,0,734445878020783943,卤肉拼小酥肉,双拼,15.0,15.0,0.0,是,https://img.pospal.cn/productImages/0/default/food_200x200.png,2604180812095,,是,2026-04-18 08:12:30
5865660,匠心卤（食堂二楼）,广东省广州市广东省广州市广州软件学院食堂二楼,13710983463,餐饮行业,"16:30-19:00, 10:30-13:00",否,https://img.pospal.cn/storeLogo/5865660/3516879b54c54d2aa5bca5f9988d5a68.jpg,0,0,0,59314286611939350,卤肉拼鸡排,双拼,15.0,15.0,0.0,是,https://img.pospal.cn/productImages/0/default/food_200x200.png,2604180812354,,是,2026-04-18 08:12:59
5865660,匠心卤（食堂二楼）,广东省广州市广东省广州市广州软件学院食堂二楼,13710983463,餐饮行业,"16:30-19:00, 10:30-13:00",否,https://img.pospal.cn/storeLogo/5865660/3516879b54c54d2aa5bca5f9988d5a68.jpg,0,0,0,143327652247631123,卤肉拼莲藕,双拼,15.0,15.0,0.0,是,https://img.pospal.cn/productImages/0/default/food_200x200.png,2604180813047,,是,2026-04-18 08:13:37
5865660,匠心卤（食堂二楼）,广东省广州市广东省广州市广州软件学院食堂二楼,13710983463,餐饮行业,"16:30-19:00, 10:30-13:00",否,https://img.pospal.cn/storeLogo/5865660/3516879b54c54d2aa5bca5f9988d5a68.jpg,0,0,0,442037654426769048,卤肉拼腐竹,双拼,15.0,15.0,0.0,是,https://img.pospal.cn/productImages/0/default/food_200x200.png,2604180813412,,是,2026-04-18 08:14:00
5865660,匠心卤（食堂二楼）,广东省广州市广东省广州市广州软件学院食堂二楼,13710983463,餐饮行业,"16:30-19:00, 10:30-13:00",否,https://img.pospal.cn/storeLogo/5865660/3516879b54c54d2aa5bca5f9988d5a68.jpg,0,0,0,157148776034121733,卤肉拼茄子,双拼,15.0,15.0,0.0,是,https://img.pospal.cn/productImages/0/default/food_200x200.png,2604180814112,,是,2026-04-18 08:14:41
5865660,匠心卤（食堂二楼）,广东省广州市广东省广州市广州软件学院食堂二楼,13710983463,餐饮行业,"16:30-19:00, 10:30-13:00",否,https://img.pospal.cn/storeLogo/5865660/3516879b54c54d2aa5bca5f9988d5a68.jpg,0,0,0,347332758994994744,卤肉拼土豆,双拼,15.0,15.0,0.0,是,https://img.pospal.cn/productImages/0/default/food_200x200.png,2604180814440,,是,2026-04-18 08:15:08
5865660,匠心卤（食堂二楼）,广东省广州市广东省广州市广州软件学院食堂二楼,13710983463,餐饮行业,"16:30-19:00, 10:30-13:00",否,https://img.pospal.cn/storeLogo/5865660/3516879b54c54d2aa5bca5f9988d5a68.jpg,0,0,0,709922852139409829,卤肉拼鸭翅根,双拼,15.0,15.0,0.0,是,https://img.pospal.cn/productImages/0/default/food_200x200.png,2604180815430,,是,2026-04-18 08:16:23
5865660,匠心卤（食堂二楼）,广东省广州市广东省广州市广州软件学院食堂二楼,13710983463,餐饮行业,"16:30-19:00, 10:30-13:00",否,https://img.pospal.cn/storeLogo/5865660/3516879b54c54d2aa5bca5f9988d5a68.jpg,0,0,0,287297943040281269,"
肉肠拼鸡排",双拼,12.0,12.0,0.0,是,https://img.pospal.cn/productImages/0/default/food_200x200.png,2604180816345,,是,2026-04-18 08:17:42
5865660,匠心卤（食堂二楼）,广东省广州市广东省广州市广州软件学院食堂二楼,13710983463,餐饮行业,"16:30-19:00, 10:30-13:00",否,https://img.pospal.cn/storeLogo/5865660/3516879b54c54d2aa5bca5f9988d5a68.jpg,0,0,0,270680398359107771,肉肠拼小酥肉,双拼,12.0,12.0,0.0,是,https://img.pospal.cn/productImages/0/default/food_200x200.png,2604180817465,,是,2026-04-18 08:18:13
5865660,匠心卤（食堂二楼）,广东省广州市广东省广州市广州软件学院食堂二楼,13710983463,餐饮行业,"16:30-19:00, 10:30-13:00",否,https://img.pospal.cn/storeLogo/5865660/3516879b54c54d2aa5bca5f9988d5a68.jpg,0,0,0,1138244762527636958,肉肠拼鸭翅根,双拼,13.0,13.0,0.0,是,https://img.pospal.cn/productImages/0/default/food_200x200.png,2604180819032,,是,2026-04-18 08:19:54
5865660,匠心卤（食堂二楼）,广东省广州市广东省广州市广州软件学院食堂二楼,13710983463,餐饮行业,"16:30-19:00, 10:30-13:00",否,https://img.pospal.cn/storeLogo/5865660/3516879b54c54d2aa5bca5f9988d5a68.jpg,0,0,0,388604104782867516,椒麻鸡拼肉肠,双拼,15.0,15.0,0.0,是,https://img.pospal.cn/productImages/0/default/food_200x200.png,2604180820045,,是,2026-04-18 08:20:33
5865660,匠心卤（食堂二楼）,广东省广州市广东省广州市广州软件学院食堂二楼,13710983463,餐饮行业,"16:30-19:00, 10:30-13:00",否,https://img.pospal.cn/storeLogo/5865660/3516879b54c54d2aa5bca5f9988d5a68.jpg,0,0,0,71563827368549587,椒麻鸡拼鸡排,双拼,15.0,15.0,0.0,是,https://img.pospal.cn/productImages/0/default/food_200x200.png,2604180820359,,是,2026-04-18 08:21:01
5865660,匠心卤（食堂二楼）,广东省广州市广东省广州市广州软件学院食堂二楼,13710983463,餐饮行业,"16:30-19:00, 10:30-13:00",否,https://img.pospal.cn/storeLogo/5865660/3516879b54c54d2aa5bca5f9988d5a68.jpg,0,0,0,56650483766358256,椒麻鸡拼茄子,双拼,15.0,15.0,0.0,是,https://img.pospal.cn/productImages/0/default/food_200x200.png,2604180822346,,是,2026-04-18 08:23:08
5865660,匠心卤（食堂二楼）,广东省广州市广东省广州市广州软件学院食堂二楼,13710983463,餐饮行业,"16:30-19:00, 10:30-13:00",否,https://img.pospal.cn/storeLogo/5865660/3516879b54c54d2aa5bca5f9988d5a68.jpg,0,0,0,784362218181370987,椒麻鸡拼土豆,双拼,15.0,15.0,0.0,是,https://img.pospal.cn/productImages/0/default/food_200x200.png,2604180823152,,是,2026-04-18 08:23:44
5865660,匠心卤（食堂二楼）,广东省广州市广东省广州市广州软件学院食堂二楼,13710983463,餐饮行业,"16:30-19:00, 10:30-13:00",否,https://img.pospal.cn/storeLogo/5865660/3516879b54c54d2aa5bca5f9988d5a68.jpg,0,0,0,1055608273140396206,椒麻鸡拼莲藕,双拼,15.0,15.0,0.0,是,https://img.pospal.cn/productImages/0/default/food_200x200.png,2604180823473,,是,2026-04-18 08:24:20
5865660,匠心卤（食堂二楼）,广东省广州市广东省广州市广州软件学院食堂二楼,13710983463,餐饮行业,"16:30-19:00, 10:30-13:00",否,https://img.pospal.cn/storeLogo/5865660/3516879b54c54d2aa5bca5f9988d5a68.jpg,0,0,0,224816084143951629,肉肠拼土豆,双拼,12.0,12.0,0.0,是,https://img.pospal.cn/productImages/0/default/food_200x200.png,2604180825019,,是,2026-04-18 08:25:22
5865660,匠心卤（食堂二楼）,广东省广州市广东省广州市广州软件学院食堂二楼,13710983463,餐饮行业,"16:30-19:00, 10:30-13:00",否,https://img.pospal.cn/storeLogo/5865660/3516879b54c54d2aa5bca5f9988d5a68.jpg,0,0,0,577149474157428668,肉肠拼莲藕,双拼,12.0,12.0,0.0,是,https://img.pospal.cn/productImages/0/default/food_200x200.png,2604180825309,,是,2026-04-18 08:25:57
5865660,匠心卤（食堂二楼）,广东省广州市广东省广州市广州软件学院食堂二楼,13710983463,餐饮行业,"16:30-19:00, 10:30-13:00",否,https://img.pospal.cn/storeLogo/5865660/3516879b54c54d2aa5bca5f9988d5a68.jpg,0,0,0,486422182928832342,肉肠拼腐竹,双拼,12.0,12.0,0.0,是,https://img.pospal.cn/productImages/0/default/food_200x200.png,2604180826061,,是,2026-04-18 08:26:47
5865660,匠心卤（食堂二楼）,广东省广州市广东省广州市广州软件学院食堂二楼,13710983463,餐饮行业,"16:30-19:00, 10:30-13:00",否,https://img.pospal.cn/storeLogo/5865660/3516879b54c54d2aa5bca5f9988d5a68.jpg,0,0,0,543603204078854072,肉肠拼茄子,双拼,12.0,12.0,0.0,是,https://img.pospal.cn/productImages/0/default/food_200x200.png,2604180826535,,是,2026-04-18 08:27:14
5865660,匠心卤（食堂二楼）,广东省广州市广东省广州市广州软件学院食堂二楼,13710983463,餐饮行业,"16:30-19:00, 10:30-13:00",否,https://img.pospal.cn/storeLogo/5865660/3516879b54c54d2aa5bca5f9988d5a68.jpg,0,0,0,668320625182933780,鸡排拼腐竹,双拼,12.0,12.0,0.0,是,https://img.pospal.cn/productImages/0/default/food_200x200.png,2604180827204,,是,2026-04-18 08:28:04
5865660,匠心卤（食堂二楼）,广东省广州市广东省广州市广州软件学院食堂二楼,13710983463,餐饮行业,"16:30-19:00, 10:30-13:00",否,https://img.pospal.cn/storeLogo/5865660/3516879b54c54d2aa5bca5f9988d5a68.jpg,0,0,0,215822962825624480,鸡排拼土豆,双拼,12.0,12.0,0.0,是,https://img.pospal.cn/productImages/0/default/food_200x200.png,2604180828089,,是,2026-04-18 08:28:24
5865660,匠心卤（食堂二楼）,广东省广州市广东省广州市广州软件学院食堂二楼,13710983463,餐饮行业,"16:30-19:00, 10:30-13:00",否,https://img.pospal.cn/storeLogo/5865660/3516879b54c54d2aa5bca5f9988d5a68.jpg,0,0,0,304246244279492781,肘子拼小酥肉,双拼,15.0,15.0,0.0,是,https://img.pospal.cn/productImages/0/default/food_200x200.png,2604181139221,,是,2026-04-18 11:40:04
5865660,匠心卤（食堂二楼）,广东省广州市广东省广州市广州软件学院食堂二楼,13710983463,餐饮行业,"16:30-19:00, 10:30-13:00",否,https://img.pospal.cn/storeLogo/5865660/3516879b54c54d2aa5bca5f9988d5a68.jpg,0,0,0,806255902388879910,肘子拼肉肠,双拼,15.0,15.0,0.0,是,https://img.pospal.cn/productImages/0/default/food_200x200.png,2604181140135,,是,2026-04-18 11:40:41
5865660,匠心卤（食堂二楼）,广东省广州市广东省广州市广州软件学院食堂二楼,13710983463,餐饮行业,"16:30-19:00, 10:30-13:00",否,https://img.pospal.cn/storeLogo/5865660/3516879b54c54d2aa5bca5f9988d5a68.jpg,0,0,0,525175190917093882,肘子拼莲藕,双拼,15.0,15.0,0.0,是,https://img.pospal.cn/productImages/0/default/food_200x200.png,2604181141316,,是,2026-04-18 11:42:04
5865660,匠心卤（食堂二楼）,广东省广州市广东省广州市广州软件学院食堂二楼,13710983463,餐饮行业,"16:30-19:00, 10:30-13:00",否,https://img.pospal.cn/storeLogo/5865660/3516879b54c54d2aa5bca5f9988d5a68.jpg,0,0,0,495180388637562895,肘子拼茄子,双拼,15.0,15.0,0.0,是,https://img.pospal.cn/productImages/0/default/food_200x200.png,2604181142085,,是,2026-04-18 11:42:37
5865660,匠心卤（食堂二楼）,广东省广州市广东省广州市广州软件学院食堂二楼,13710983463,餐饮行业,"16:30-19:00, 10:30-13:00",否,https://img.pospal.cn/storeLogo/5865660/3516879b54c54d2aa5bca5f9988d5a68.jpg,0,0,0,1146831713663780045,鸡腿拼茄子,双拼,13.0,13.0,0.0,是,https://img.pospal.cn/productImages/0/default/food_200x200.png,2606082210047,,是,2026-06-08 22:10:37
5865660,匠心卤（食堂二楼）,广东省广州市广东省广州市广州软件学院食堂二楼,13710983463,餐饮行业,"16:30-19:00, 10:30-13:00",否,https://img.pospal.cn/storeLogo/5865660/3516879b54c54d2aa5bca5f9988d5a68.jpg,0,0,0,601889445130964783,鸡腿拼腐竹,双拼,13.0,13.0,0.0,是,https://img.pospal.cn/productImages/0/default/food_200x200.png,2606082210412,,是,2026-06-08 22:11:10
5865660,匠心卤（食堂二楼）,广东省广州市广东省广州市广州软件学院食堂二楼,13710983463,餐饮行业,"16:30-19:00, 10:30-13:00",否,https://img.pospal.cn/storeLogo/5865660/3516879b54c54d2aa5bca5f9988d5a68.jpg,0,0,0,676789718267943166,鸡腿拼土豆,双拼,13.0,13.0,0.0,是,https://img.pospal.cn/productImages/0/default/food_200x200.png,2606082211150,,是,2026-06-08 22:11:43
5865660,匠心卤（食堂二楼）,广东省广州市广东省广州市广州软件学院食堂二楼,13710983463,餐饮行业,"16:30-19:00, 10:30-13:00",否,https://img.pospal.cn/storeLogo/5865660/3516879b54c54d2aa5bca5f9988d5a68.jpg,0,0,0,262245041466978650,鸡腿拼莲藕,双拼,13.0,13.0,0.0,是,https://img.pospal.cn/productImages/0/default/food_200x200.png,2606082211501,,是,2026-06-08 22:12:15
5865660,匠心卤（食堂二楼）,广东省广州市广东省广州市广州软件学院食堂二楼,13710983463,餐饮行业,"16:30-19:00, 10:30-13:00",否,https://img.pospal.cn/storeLogo/5865660/3516879b54c54d2aa5bca5f9988d5a68.jpg,0,0,0,517090996144688023,卤汁腐竹饭,热卤系列,10.0,10.0,7.0,否,https://img.pospal.cn/productImages/5865660/9018bf21-53de-4c35-9b0b-59929e47d8c8_200x200.jpg,2604032325360,,否,2026-04-03 23:26:11
5865660,匠心卤（食堂二楼）,广东省广州市广东省广州市广州软件学院食堂二楼,13710983463,餐饮行业,"16:30-19:00, 10:30-13:00",否,https://img.pospal.cn/storeLogo/5865660/3516879b54c54d2aa5bca5f9988d5a68.jpg,0,0,0,582675856932726947,卤汁莲藕饭,热卤系列,9.0,9.0,0.0,是,https://img.pospal.cn/productImages/5865660/b2a9a564-5279-4da1-9234-1abe765a691c_200x200.jpg,2604032326473,,否,2026-04-03 23:27:17
5865660,匠心卤（食堂二楼）,广东省广州市广东省广州市广州软件学院食堂二楼,13710983463,餐饮行业,"16:30-19:00, 10:30-13:00",否,https://img.pospal.cn/storeLogo/5865660/3516879b54c54d2aa5bca5f9988d5a68.jpg,0,0,0,259883607832231653,热卤豆干饭,热卤系列,10.0,10.0,0.0,是,https://img.pospal.cn/productImages/0/default/food_200x200.png,2604032329030,,否,2026-04-03 23:29:24
5865660,匠心卤（食堂二楼）,广东省广州市广东省广州市广州软件学院食堂二楼,13710983463,餐饮行业,"16:30-19:00, 10:30-13:00",否,https://img.pospal.cn/storeLogo/5865660/3516879b54c54d2aa5bca5f9988d5a68.jpg,0,0,0,378770844700312996,热卤菌菇饭,热卤系列,10.0,10.0,0.0,是,https://img.pospal.cn/productImages/5865660/de8b04fd-9f1f-4208-991b-c4688a196e30_200x200.jpg,2604032329412,,否,2026-04-03 23:30:07
5865660,匠心卤（食堂二楼）,广东省广州市广东省广州市广州软件学院食堂二楼,13710983463,餐饮行业,"16:30-19:00, 10:30-13:00",否,https://img.pospal.cn/storeLogo/5865660/3516879b54c54d2aa5bca5f9988d5a68.jpg,0,0,0,408062453016944892,卤汁肉肠饭,热卤系列,12.0,12.0,0.0,是,https://img.pospal.cn/productImages/5865660/2205d5af-c3f2-49ff-b02b-1fd7950a6abc_200x200.jpg,2604032327197,,否,2026-04-03 23:28:00
5865660,匠心卤（食堂二楼）,广东省广州市广东省广州市广州软件学院食堂二楼,13710983463,餐饮行业,"16:30-19:00, 10:30-13:00",否,https://img.pospal.cn/storeLogo/5865660/3516879b54c54d2aa5bca5f9988d5a68.jpg,0,0,0,378033538997933116,卤汁鸡排饭,热卤系列,12.0,12.0,0.0,是,https://img.pospal.cn/productImages/5865660/e85d607c-393d-4bd3-957a-089b136dfce8_200x200.jpg,2604032326145,,否,2026-04-03 23:26:45
5865660,匠心卤（食堂二楼）,广东省广州市广东省广州市广州软件学院食堂二楼,13710983463,餐饮行业,"16:30-19:00, 10:30-13:00",否,https://img.pospal.cn/storeLogo/5865660/3516879b54c54d2aa5bca5f9988d5a68.jpg,0,0,0,364391160779196075,卤香琵琶腿,热卤系列,13.0,13.0,0.0,是,https://img.pospal.cn/productImages/5865660/031c97ea-1af5-46a9-a052-225897bf5146_200x200.jpg,2604032325070,,否,2026-04-03 23:25:33
5865660,匠心卤（食堂二楼）,广东省广州市广东省广州市广州软件学院食堂二楼,13710983463,餐饮行业,"16:30-19:00, 10:30-13:00",否,https://img.pospal.cn/storeLogo/5865660/3516879b54c54d2aa5bca5f9988d5a68.jpg,0,0,0,537255156679863858,甜辣鸭翅根,甜辣系列,13.0,13.0,8.0,否,https://img.pospal.cn/productImages/5865660/069df1ba-8836-443f-b41c-8b83a55fd30d_200x200.jpg,2604032332054,,否,2026-04-03 23:32:36
5865660,匠心卤（食堂二楼）,广东省广州市广东省广州市广州软件学院食堂二楼,13710983463,餐饮行业,"16:30-19:00, 10:30-13:00",否,https://img.pospal.cn/storeLogo/5865660/3516879b54c54d2aa5bca5f9988d5a68.jpg,0,0,0,794467804154258703,糖醋小酥肉,甜辣系列,13.0,13.0,0.0,是,https://img.pospal.cn/productImages/5865660/7a61f552-579c-4392-9d66-0e5b64f0b9b3_200x200.jpg,2604032330593,,否,2026-04-03 23:31:31
5865660,匠心卤（食堂二楼）,广东省广州市广东省广州市广州软件学院食堂二楼,13710983463,餐饮行业,"16:30-19:00, 10:30-13:00",否,https://img.pospal.cn/storeLogo/5865660/3516879b54c54d2aa5bca5f9988d5a68.jpg,0,0,0,191889405929652570,糖醋鸡中翅,甜辣系列,13.0,13.0,0.0,是,https://img.pospal.cn/productImages/5865660/46efba77-c27d-470c-9f99-a1ef0cbaecda_200x200.jpg,2604072256532,,是,2026-04-07 22:58:42
5865660,匠心卤（食堂二楼）,广东省广州市广东省广州市广州软件学院食堂二楼,13710983463,餐饮行业,"16:30-19:00, 10:30-13:00",否,https://img.pospal.cn/storeLogo/5865660/3516879b54c54d2aa5bca5f9988d5a68.jpg,0,0,0,419080008416413850,蒜香茄子饭,香炸系列,10.0,10.0,0.0,是,https://img.pospal.cn/productImages/5865660/285c31d0-3cbc-4a7f-be43-97db2a75b9c2_200x200.jpg,2604032333563,,否,2026-04-03 23:34:32
5865660,匠心卤（食堂二楼）,广东省广州市广东省广州市广州软件学院食堂二楼,13710983463,餐饮行业,"16:30-19:00, 10:30-13:00",否,https://img.pospal.cn/storeLogo/5865660/3516879b54c54d2aa5bca5f9988d5a68.jpg,0,0,0,896735780319419722,脆脆鸡排饭,香炸系列,12.0,12.0,0.0,是,https://img.pospal.cn/productImages/5865660/62cd62c9-4037-4809-8361-52b5d33ff9e1_200x200.jpg,2604032332399,,否,2026-04-03 23:33:15
5865660,匠心卤（食堂二楼）,广东省广州市广东省广州市广州软件学院食堂二楼,13710983463,餐饮行业,"16:30-19:00, 10:30-13:00",否,https://img.pospal.cn/storeLogo/5865660/3516879b54c54d2aa5bca5f9988d5a68.jpg,0,0,0,834101457307235007,老武汉炸鸡,香炸系列,13.0,13.0,0.0,是,https://img.pospal.cn/productImages/5865660/672cfa72-dd5b-4d86-ad96-52bf92b5f9d8_200x200.jpg,2604032333181,,否,2026-04-03 23:33:53
5865660,匠心卤（食堂二楼）,广东省广州市广东省广州市广州软件学院食堂二楼,13710983463,餐饮行业,"16:30-19:00, 10:30-13:00",否,https://img.pospal.cn/storeLogo/5865660/3516879b54c54d2aa5bca5f9988d5a68.jpg,0,0,0,771893495236740953,椒麻鸡肉饭,招牌系列,15.0,15.0,10.0,否,https://img.pospal.cn/productImages/5865660/1b3b0f16-43f9-47dd-8af4-062c0f895fb9_200x200.jpg,2604032335123,,否,2026-04-03 23:35:42
5865660,匠心卤（食堂二楼）,广东省广州市广东省广州市广州软件学院食堂二楼,13710983463,餐饮行业,"16:30-19:00, 10:30-13:00",否,https://img.pospal.cn/storeLogo/5865660/3516879b54c54d2aa5bca5f9988d5a68.jpg,0,0,0,612430576073986257,金牌肘子饭,招牌系列,15.0,15.0,5.0,否,https://img.pospal.cn/productImages/5865660/eeb0ab8e-ecec-4858-8ead-37e0524c4382_200x200.jpg,2604032335468,,否,2026-04-03 23:36:12
5865660,匠心卤（食堂二楼）,广东省广州市广东省广州市广州软件学院食堂二楼,13710983463,餐饮行业,"16:30-19:00, 10:30-13:00",否,https://img.pospal.cn/storeLogo/5865660/3516879b54c54d2aa5bca5f9988d5a68.jpg,0,0,0,589655192423849238,超级卤肉饭,招牌系列,15.0,15.0,0.0,是,https://img.pospal.cn/productImages/5865660/de924b1d-1e6d-441e-9378-b563688ee16a_200x200.jpg,2604032334348,,否,2026-04-03 23:35:09
5865660,匠心卤（食堂二楼）,广东省广州市广东省广州市广州软件学院食堂二楼,13710983463,餐饮行业,"16:30-19:00, 10:30-13:00",否,https://img.pospal.cn/storeLogo/5865660/3516879b54c54d2aa5bca5f9988d5a68.jpg,0,0,0,469487989408443804,武汉黑鸭饭,招牌系列,15.0,15.0,0.0,是,https://img.pospal.cn/productImages/5865660/244efe91-c3e5-43de-85b0-6b5f7ca8c82a_200x200.jpg,2604032336151,,否,2026-04-03 23:36:42
5865660,匠心卤（食堂二楼）,广东省广州市广东省广州市广州软件学院食堂二楼,13710983463,餐饮行业,"16:30-19:00, 10:30-13:00",否,https://img.pospal.cn/storeLogo/5865660/3516879b54c54d2aa5bca5f9988d5a68.jpg,0,0,0,14038574922289168,辣卤豆干饭,椒麻系列,10.0,10.0,0.0,是,https://img.pospal.cn/productImages/5865660/5806b7b7-f565-49eb-9998-3ecf738fcfe9_200x200.jpg,2604032322376,,否,2026-04-03 23:23:05
5865660,匠心卤（食堂二楼）,广东省广州市广东省广州市广州软件学院食堂二楼,13710983463,餐饮行业,"16:30-19:00, 10:30-13:00",否,https://img.pospal.cn/storeLogo/5865660/3516879b54c54d2aa5bca5f9988d5a68.jpg,0,0,0,492351254629086009,辣卤杏鲍菇,椒麻系列,10.0,10.0,0.0,是,https://img.pospal.cn/productImages/5865660/96307c51-ff55-4389-8498-82cef54ef469_200x200.jpg,2604032323090,,否,2026-04-03 23:23:39
5865660,匠心卤（食堂二楼）,广东省广州市广东省广州市广州软件学院食堂二楼,13710983463,餐饮行业,"16:30-19:00, 10:30-13:00",否,https://img.pospal.cn/storeLogo/5865660/3516879b54c54d2aa5bca5f9988d5a68.jpg,0,0,0,9284304095576357,香辣杏鲍菇,椒麻系列,10.0,10.0,0.0,是,https://img.pospal.cn/productImages/5865660/ff76a9f4-c386-4c4e-908c-71632a582f32_200x200.jpg,2604032324318,,否,2026-04-03 23:25:03
5865660,匠心卤（食堂二楼）,广东省广州市广东省广州市广州软件学院食堂二楼,13710983463,餐饮行业,"16:30-19:00, 10:30-13:00",否,https://img.pospal.cn/storeLogo/5865660/3516879b54c54d2aa5bca5f9988d5a68.jpg,0,0,0,579776327279245313,鲜椒鸭腿饭,椒麻系列,13.0,13.0,0.0,是,https://img.pospal.cn/productImages/5865660/148a882c-a4e7-4b1b-8154-872a9d2802c9_200x200.jpg,2604032324073,,否,2026-04-03 23:24:28
5865660,匠心卤（食堂二楼）,广东省广州市广东省广州市广州软件学院食堂二楼,13710983463,餐饮行业,"16:30-19:00, 10:30-13:00",否,https://img.pospal.cn/storeLogo/5865660/3516879b54c54d2aa5bca5f9988d5a68.jpg,0,0,0,93902137101515529,黑椒香菇鸡,椒麻系列,13.0,13.0,0.0,是,https://img.pospal.cn/productImages/5865660/ae32d74d-6a5f-46af-a65b-ff891b73c4fc_200x200.jpg,2604032320365,,否,2026-04-03 23:21:59
5865660,匠心卤（食堂二楼）,广东省广州市广东省广州市广州软件学院食堂二楼,13710983463,餐饮行业,"16:30-19:00, 10:30-13:00",否,https://img.pospal.cn/storeLogo/5865660/3516879b54c54d2aa5bca5f9988d5a68.jpg,0,0,0,460272925063908708,黑椒鸭脯饭,椒麻系列,12.0,12.0,0.0,是,https://img.pospal.cn/productImages/5865660/9342d7a6-9f77-4f6a-83e7-36c68797c960_200x200.jpg,2604032322055,,否,2026-04-03 23:22:34
5865660,匠心卤（食堂二楼）,广东省广州市广东省广州市广州软件学院食堂二楼,13710983463,餐饮行业,"16:30-19:00, 10:30-13:00",否,https://img.pospal.cn/storeLogo/5865660/3516879b54c54d2aa5bca5f9988d5a68.jpg,0,0,0,920279820234374835,椒麻鸭三宝,椒麻系列,14.0,14.0,0.0,是,https://img.pospal.cn/productImages/5865660/5fecc7fe-e36b-4cec-ad72-b5a07f6c36bb_200x200.jpg,2604072251360,,是,2026-04-07 22:53:01
5865660,匠心卤（食堂二楼）,广东省广州市广东省广州市广州软件学院食堂二楼,13710983463,餐饮行业,"16:30-19:00, 10:30-13:00",否,https://img.pospal.cn/storeLogo/5865660/3516879b54c54d2aa5bca5f9988d5a68.jpg,0,0,0,451672489116283014,孜然土豆饭,孜然系列,9.0,9.0,8.0,否,https://img.pospal.cn/productImages/5865660/4ce2b88d-2b2b-4dc4-9b61-c37ce3b3a954_200x200.jpg,2604032336441,,否,2026-04-03 23:37:17
5865660,匠心卤（食堂二楼）,广东省广州市广东省广州市广州软件学院食堂二楼,13710983463,餐饮行业,"16:30-19:00, 10:30-13:00",否,https://img.pospal.cn/storeLogo/5865660/3516879b54c54d2aa5bca5f9988d5a68.jpg,0,0,0,815988521236090849,孜然小酥肉,孜然系列,12.0,12.0,0.0,是,https://img.pospal.cn/productImages/5865660/1f6b7c1e-8889-40be-a742-34e7e137af79_200x200.jpg,2604032337264,,否,2026-04-03 23:37:45
4569096,七式校园鲜果切（二食堂）,广东省广州市广州软件学院二食堂,18312068280,餐饮行业,10:30-21:00,是,https://img.pospal.cn/storeLogo/6ae40547-fc06-4013-92a1-afa49455acd1.jpg,2.0,10.0,0.69,625982233644934647,西瓜（100克）,鲜果切,2.56,2.56,624.0,否,https://img.pospal.cn/productImages/4569096/cf4c5dbf-acee-4bb0-95c7-8145b1cccdb4_200x200.jpg,2454678534004,,否,2025-03-19 23:34:30
4569096,七式校园鲜果切（二食堂）,广东省广州市广州软件学院二食堂,18312068280,餐饮行业,10:30-21:00,是,https://img.pospal.cn/storeLogo/6ae40547-fc06-4013-92a1-afa49455acd1.jpg,2.0,10.0,0.69,254316561479777697,哈密瓜（100克）,鲜果切,2.56,2.56,144.0,否,https://img.pospal.cn/productImages/4569096/b5bc5cd3-0c69-4d0b-8bec-abff94d20ddb_200x200.jpg,0405754563779,,否,2025-03-19 23:36:18
4569096,七式校园鲜果切（二食堂）,广东省广州市广州软件学院二食堂,18312068280,餐饮行业,10:30-21:00,是,https://img.pospal.cn/storeLogo/6ae40547-fc06-4013-92a1-afa49455acd1.jpg,2.0,10.0,0.69,686286559756648896,青芒（100克）,鲜果切,2.56,2.56,589.0,否,https://img.pospal.cn/productImages/0/default/food_200x200.png,2517681694643,,否,2025-03-19 23:40:11
4569096,七式校园鲜果切（二食堂）,广东省广州市广州软件学院二食堂,18312068280,餐饮行业,10:30-21:00,是,https://img.pospal.cn/storeLogo/6ae40547-fc06-4013-92a1-afa49455acd1.jpg,2.0,10.0,0.69,948864219047133541,拌味青芒（100克）,鲜果切,2.56,2.56,599.0,否,https://img.pospal.cn/productImages/4569096/1add38ab-cde0-4d67-8960-4fb9d13dbd00_200x200.jpg,0218697192247,,否,2025-03-19 23:41:11
4569096,七式校园鲜果切（二食堂）,广东省广州市广州软件学院二食堂,18312068280,餐饮行业,10:30-21:00,是,https://img.pospal.cn/storeLogo/6ae40547-fc06-4013-92a1-afa49455acd1.jpg,2.0,10.0,0.69,337847001876097898,柑（100克）,鲜果切,2.56,2.56,619.0,否,https://img.pospal.cn/productImages/4569096/a827f511-d903-47b3-81e8-97ad4172ec2a_200x200.jpg,2801272617600,,否,2025-03-20 23:23:16
4569096,七式校园鲜果切（二食堂）,广东省广州市广州软件学院二食堂,18312068280,餐饮行业,10:30-21:00,是,https://img.pospal.cn/storeLogo/6ae40547-fc06-4013-92a1-afa49455acd1.jpg,2.0,10.0,0.69,1052094275460395839,红肉火龙果（100克）,鲜果切,2.56,2.56,424.0,否,https://img.pospal.cn/productImages/4569096/23063767-845b-46f9-be9f-c2d7cca5e86f_200x200.jpg,2452001971915,,否,2025-03-20 23:24:02
4569096,七式校园鲜果切（二食堂）,广东省广州市广州软件学院二食堂,18312068280,餐饮行业,10:30-21:00,是,https://img.pospal.cn/storeLogo/6ae40547-fc06-4013-92a1-afa49455acd1.jpg,2.0,10.0,0.69,813852842723887449,无籽红提（100克）,鲜果切,2.56,2.56,524.0,否,https://img.pospal.cn/productImages/4569096/8e0a36b4-0e81-4e53-bcda-afe11e0a16c0_200x200.jpg,0253947868572,,否,2025-03-20 23:26:36
4569096,七式校园鲜果切（二食堂）,广东省广州市广州软件学院二食堂,18312068280,餐饮行业,10:30-21:00,是,https://img.pospal.cn/storeLogo/6ae40547-fc06-4013-92a1-afa49455acd1.jpg,2.0,10.0,0.69,262658577729133278,白肉火龙果（100克）,鲜果切,2.56,2.56,969.0,否,https://img.pospal.cn/productImages/4569096/30494439-5e51-4db3-813c-7b21e23e9791_200x200.jpg,2384002187609,,否,2025-03-20 23:27:30
4569096,七式校园鲜果切（二食堂）,广东省广州市广州软件学院二食堂,18312068280,餐饮行业,10:30-21:00,是,https://img.pospal.cn/storeLogo/6ae40547-fc06-4013-92a1-afa49455acd1.jpg,2.0,10.0,0.69,837844239103333739,苹果（100克）,鲜果切,2.56,2.56,986.0,否,https://img.pospal.cn/productImages/4569096/f2c79294-36da-4dd1-93a5-843a1d30e936_200x200.jpg,2474539230739,,否,2025-03-20 23:28:05
4569096,七式校园鲜果切（二食堂）,广东省广州市广州软件学院二食堂,18312068280,餐饮行业,10:30-21:00,是,https://img.pospal.cn/storeLogo/6ae40547-fc06-4013-92a1-afa49455acd1.jpg,2.0,10.0,0.69,931926014208871991,蜜香瓜（100克）,鲜果切,2.56,2.56,862.0,否,https://img.pospal.cn/productImages/4569096/b0529e68-730c-4fdf-b584-60fed86d58be_200x200.jpg,2415388598847,,否,2025-03-20 23:29:33
4569096,七式校园鲜果切（二食堂）,广东省广州市广州软件学院二食堂,18312068280,餐饮行业,10:30-21:00,是,https://img.pospal.cn/storeLogo/6ae40547-fc06-4013-92a1-afa49455acd1.jpg,2.0,10.0,0.69,100110373385524215,贡梨（100克）,鲜果切,2.56,2.56,681.0,否,https://img.pospal.cn/productImages/4569096/c1b1c5cd-9459-41f1-95ee-563d9f139a21_200x200.jpg,2605765830251,,否,2025-03-20 23:30:14
4569096,七式校园鲜果切（二食堂）,广东省广州市广州软件学院二食堂,18312068280,餐饮行业,10:30-21:00,是,https://img.pospal.cn/storeLogo/6ae40547-fc06-4013-92a1-afa49455acd1.jpg,2.0,10.0,0.69,475760403963942272,圣女果（100克）,鲜果切,2.56,2.56,664.0,否,https://img.pospal.cn/productImages/4569096/f464dda7-39b9-4ce9-b172-6dfc178928e2_200x200.jpg,2216166836935,,否,2025-03-20 23:30:54
4569096,七式校园鲜果切（二食堂）,广东省广州市广州软件学院二食堂,18312068280,餐饮行业,10:30-21:00,是,https://img.pospal.cn/storeLogo/6ae40547-fc06-4013-92a1-afa49455acd1.jpg,2.0,10.0,0.69,440219324914330900,菠萝（100克）,鲜果切,2.56,2.56,397.0,否,https://img.pospal.cn/productImages/4569096/057f7799-a012-4bab-a53e-1b765dde5c89_200x200.jpg,2226574783431,,否,2025-03-20 23:31:34
4569096,七式校园鲜果切（二食堂）,广东省广州市广州软件学院二食堂,18312068280,餐饮行业,10:30-21:00,是,https://img.pospal.cn/storeLogo/6ae40547-fc06-4013-92a1-afa49455acd1.jpg,2.0,10.0,0.69,726831170884237659,木瓜（100克）,鲜果切,2.56,2.56,998.0,否,https://img.pospal.cn/productImages/0/default/food_200x200.png,2336968836558,,否,2025-03-20 23:32:16
4569096,七式校园鲜果切（二食堂）,广东省广州市广州软件学院二食堂,18312068280,餐饮行业,10:30-21:00,是,https://img.pospal.cn/storeLogo/6ae40547-fc06-4013-92a1-afa49455acd1.jpg,2.0,10.0,0.69,403720426980407677,奇异果（100克）,鲜果切,2.56,2.56,957.0,否,https://img.pospal.cn/productImages/4569096/cd2b5429-7c7a-4dbb-967b-f66a37aba8ed_200x200.jpg,0417761095013,,否,2025-03-20 23:34:16
4569096,七式校园鲜果切（二食堂）,广东省广州市广州软件学院二食堂,18312068280,餐饮行业,10:30-21:00,是,https://img.pospal.cn/storeLogo/6ae40547-fc06-4013-92a1-afa49455acd1.jpg,2.0,10.0,0.69,763105077178365115,黄芒果（100克）,鲜果切,2.56,2.56,955.0,否,https://img.pospal.cn/productImages/4569096/a8802e6f-b4f0-4eb6-98ab-ff92b9e2d39c_200x200.jpg,2699281213988,,否,2025-03-20 23:36:02
4569096,七式校园鲜果切（二食堂）,广东省广州市广州软件学院二食堂,18312068280,餐饮行业,10:30-21:00,是,https://img.pospal.cn/storeLogo/6ae40547-fc06-4013-92a1-afa49455acd1.jpg,2.0,10.0,0.69,823459439090338764,番石榴（100克）,鲜果切,2.56,2.56,832.0,否,https://img.pospal.cn/productImages/4569096/a1b5d5a9-1ade-46f0-b737-7c67939e0fa8_200x200.jpg,2011246423254,,否,2025-03-20 23:39:05
4569096,七式校园鲜果切（二食堂）,广东省广州市广州软件学院二食堂,18312068280,餐饮行业,10:30-21:00,是,https://img.pospal.cn/storeLogo/6ae40547-fc06-4013-92a1-afa49455acd1.jpg,2.0,10.0,0.69,2432311618546003,红心番石榴（100克）,鲜果切,2.56,2.56,865.0,否,https://img.pospal.cn/productImages/4569096/04d75b38-1a99-4730-b92d-f5869acb3df0_200x200.jpg,2481472446158,,否,2025-03-20 23:39:55
4569096,七式校园鲜果切（二食堂）,广东省广州市广州软件学院二食堂,18312068280,餐饮行业,10:30-21:00,是,https://img.pospal.cn/storeLogo/6ae40547-fc06-4013-92a1-afa49455acd1.jpg,2.0,10.0,0.69,11172364490785489,水蜜桃（100克）,鲜果切,2.56,2.56,941.0,否,https://img.pospal.cn/productImages/4569096/c11686a6-9c33-40ec-a980-5e20d29ae18f_200x200.jpg,2504082101405,,否,2025-04-08 21:02:17
4569096,七式校园鲜果切（二食堂）,广东省广州市广州软件学院二食堂,18312068280,餐饮行业,10:30-21:00,是,https://img.pospal.cn/storeLogo/6ae40547-fc06-4013-92a1-afa49455acd1.jpg,2.0,10.0,0.69,556407283295787739,西梅（100克）,鲜果切,2.56,2.56,998.0,否,https://img.pospal.cn/productImages/0/default/food_200x200.png,2505122148152,,否,2025-05-12 21:48:16
4569096,七式校园鲜果切（二食堂）,广东省广州市广州软件学院二食堂,18312068280,餐饮行业,10:30-21:00,是,https://img.pospal.cn/storeLogo/6ae40547-fc06-4013-92a1-afa49455acd1.jpg,2.0,10.0,0.69,146707351231266646,柑（100克）,鲜果切,2.56,2.56,961.0,否,https://img.pospal.cn/productImages/0/default/food_200x200.png,2505161616582,,否,2025-05-16 16:17:19
4569096,七式校园鲜果切（二食堂）,广东省广州市广州软件学院二食堂,18312068280,餐饮行业,10:30-21:00,是,https://img.pospal.cn/storeLogo/6ae40547-fc06-4013-92a1-afa49455acd1.jpg,2.0,10.0,0.69,510150625168876092,油桃（100克）,鲜果切,2.56,2.56,873.0,否,https://img.pospal.cn/productImages/4569096/ae352fea-3674-4557-ba38-e3811e856f05_200x200.jpg,2506051840124,,否,2025-06-05 18:41:04
4569096,七式校园鲜果切（二食堂）,广东省广州市广州软件学院二食堂,18312068280,餐饮行业,10:30-21:00,是,https://img.pospal.cn/storeLogo/6ae40547-fc06-4013-92a1-afa49455acd1.jpg,2.0,10.0,0.69,365235285761492717,红提（100克）,鲜果切,2.56,2.56,955.0,否,https://img.pospal.cn/productImages/0/default/food_200x200.png,2506171226532,,否,2025-06-17 12:27:10
4569096,七式校园鲜果切（二食堂）,广东省广州市广州软件学院二食堂,18312068280,餐饮行业,10:30-21:00,是,https://img.pospal.cn/storeLogo/6ae40547-fc06-4013-92a1-afa49455acd1.jpg,2.0,10.0,0.69,611266960733797262,阳光玫瑰（100克）,鲜果切,2.56,2.56,937.0,否,https://img.pospal.cn/productImages/0/default/food_200x200.png,2506171228192,,否,2025-06-17 12:28:37
4569096,七式校园鲜果切（二食堂）,广东省广州市广州软件学院二食堂,18312068280,餐饮行业,10:30-21:00,是,https://img.pospal.cn/storeLogo/6ae40547-fc06-4013-92a1-afa49455acd1.jpg,2.0,10.0,0.69,820829797812539106,布林（100克）,鲜果切,2.56,2.56,997.0,否,https://img.pospal.cn/productImages/4569096/3c11c207-e731-4578-94ad-16cadcc90db6_200x200.jpg,2506210944168,,否,2025-06-21 09:44:32
4569096,七式校园鲜果切（二食堂）,广东省广州市广州软件学院二食堂,18312068280,餐饮行业,10:30-21:00,是,https://img.pospal.cn/storeLogo/6ae40547-fc06-4013-92a1-afa49455acd1.jpg,2.0,10.0,0.69,589711605979630242,脆李（100克）,鲜果切,2.56,2.56,984.0,否,https://img.pospal.cn/productImages/0/default/food_200x200.png,2506210946056,,否,2025-06-21 09:46:22
4569096,七式校园鲜果切（二食堂）,广东省广州市广州软件学院二食堂,18312068280,餐饮行业,10:30-21:00,是,https://img.pospal.cn/storeLogo/6ae40547-fc06-4013-92a1-afa49455acd1.jpg,2.0,10.0,0.69,128907354784708877,巨峰葡萄（100克）,鲜果切,2.56,2.56,992.0,否,https://img.pospal.cn/productImages/0/default/food_200x200.png,2508292051215,,否,2025-08-29 20:51:50
4569096,七式校园鲜果切（二食堂）,广东省广州市广州软件学院二食堂,18312068280,餐饮行业,10:30-21:00,是,https://img.pospal.cn/storeLogo/6ae40547-fc06-4013-92a1-afa49455acd1.jpg,2.0,10.0,0.69,128941361928652413,冬枣（100克）,鲜果切,2.56,2.56,988.0,否,https://img.pospal.cn/productImages/0/default/food_200x200.png,2508292052274,,否,2025-08-29 20:52:46
4569096,七式校园鲜果切（二食堂）,广东省广州市广州软件学院二食堂,18312068280,餐饮行业,10:30-21:00,是,https://img.pospal.cn/storeLogo/6ae40547-fc06-4013-92a1-afa49455acd1.jpg,2.0,10.0,0.69,700677632814045477,红布林（100克）,鲜果切,2.56,2.56,999.0,否,https://img.pospal.cn/productImages/0/default/food_200x200.png,2509281301199,,是,2025-09-28 13:01:42
4569096,七式校园鲜果切（二食堂）,广东省广州市广州软件学院二食堂,18312068280,餐饮行业,10:30-21:00,是,https://img.pospal.cn/storeLogo/6ae40547-fc06-4013-92a1-afa49455acd1.jpg,2.0,10.0,0.69,106665775633510340,阳光玫瑰,鲜果切,2.56,2.56,991.0,否,https://img.pospal.cn/productImages/0/default/food_200x200.png,2510211058250,,是,2025-10-21 10:58:59
4569096,七式校园鲜果切（二食堂）,广东省广州市广州软件学院二食堂,18312068280,餐饮行业,10:30-21:00,是,https://img.pospal.cn/storeLogo/6ae40547-fc06-4013-92a1-afa49455acd1.jpg,2.0,10.0,0.69,1078467310041311250,"黑布林
",鲜果切,2.56,2.56,988.0,否,https://img.pospal.cn/productImages/0/default/food_200x200.png,2510211059462,,是,2025-10-21 11:00:07
4569096,七式校园鲜果切（二食堂）,广东省广州市广州软件学院二食堂,18312068280,餐饮行业,10:30-21:00,是,https://img.pospal.cn/storeLogo/6ae40547-fc06-4013-92a1-afa49455acd1.jpg,2.0,10.0,0.69,507520629411430731,凤梨（100克）,鲜果切,2.56,2.56,-4.0,是,https://img.pospal.cn/productImages/4569096/05531fb6-f018-4abc-a597-1053bbd31f04_200x200.jpg,2043068774818,,否,2025-03-20 23:25:53
4569096,七式校园鲜果切（二食堂）,广东省广州市广州软件学院二食堂,18312068280,餐饮行业,10:30-21:00,是,https://img.pospal.cn/storeLogo/6ae40547-fc06-4013-92a1-afa49455acd1.jpg,2.0,10.0,0.69,79352770911336787,脐橙（100克）,鲜果切,2.56,2.56,-4.0,是,https://img.pospal.cn/productImages/4569096/571b9a5f-e66d-4351-ace3-4cf4552c119c_200x200.jpg,2248598264253,,否,2025-03-20 23:34:53
4569096,七式校园鲜果切（二食堂）,广东省广州市广州软件学院二食堂,18312068280,餐饮行业,10:30-21:00,是,https://img.pospal.cn/storeLogo/6ae40547-fc06-4013-92a1-afa49455acd1.jpg,2.0,10.0,0.69,280163450921084113,黄肉西瓜（100克）,鲜果切,2.56,2.56,-2.0,是,https://img.pospal.cn/productImages/4569096/162f26e8-1fea-4e55-8453-84341eb34c83_200x200.jpg,2699646263283,,否,2025-03-20 23:36:37
4569096,七式校园鲜果切（二食堂）,广东省广州市广州软件学院二食堂,18312068280,餐饮行业,10:30-21:00,是,https://img.pospal.cn/storeLogo/6ae40547-fc06-4013-92a1-afa49455acd1.jpg,2.0,10.0,0.69,429653093262400023,金香玉香瓜（100克）,鲜果切,2.56,2.56,-2.0,是,https://img.pospal.cn/productImages/4569096/337a1bdc-9005-42f7-9e29-26929f8efca6_200x200.jpg,2461012337122,,否,2025-03-20 23:38:22
4569096,七式校园鲜果切（二食堂）,广东省广州市广州软件学院二食堂,18312068280,餐饮行业,10:30-21:00,是,https://img.pospal.cn/storeLogo/6ae40547-fc06-4013-92a1-afa49455acd1.jpg,2.0,10.0,0.69,874956020793906857,蓝莓葡萄（100克）,鲜果切,2.56,2.56,-1.0,是,https://img.pospal.cn/productImages/4569096/528eac9b-5616-42e8-9865-d14eda9152e7_200x200.png,2081951176349,,否,2025-03-31 20:30:26
4569096,七式校园鲜果切（二食堂）,广东省广州市广州软件学院二食堂,18312068280,餐饮行业,10:30-21:00,是,https://img.pospal.cn/storeLogo/6ae40547-fc06-4013-92a1-afa49455acd1.jpg,2.0,10.0,0.69,661850815725940939,树菠萝,鲜果切,2.56,2.56,-1.0,是,https://img.pospal.cn/productImages/0/default/food_200x200.png,2504181143030,,否,2025-04-18 11:43:22
4569096,七式校园鲜果切（二食堂）,广东省广州市广州软件学院二食堂,18312068280,餐饮行业,10:30-21:00,是,https://img.pospal.cn/storeLogo/6ae40547-fc06-4013-92a1-afa49455acd1.jpg,2.0,10.0,0.69,577713512440150077,荔枝（100克）,鲜果切,2.56,2.56,-1.0,是,https://img.pospal.cn/productImages/0/default/food_200x200.png,2506051837490,,否,2025-06-05 18:38:32
4569096,七式校园鲜果切（二食堂）,广东省广州市广州软件学院二食堂,18312068280,餐饮行业,10:30-21:00,是,https://img.pospal.cn/storeLogo/6ae40547-fc06-4013-92a1-afa49455acd1.jpg,2.0,10.0,0.69,792643998983723526,三华李（100克）,鲜果切,2.56,2.56,-1.0,是,https://img.pospal.cn/productImages/4569096/9a2d8cc0-dc44-4b35-a230-40a56b97bd2b_200x200.jpg,2506051841091,,否,2025-06-05 18:41:27
4569096,七式校园鲜果切（二食堂）,广东省广州市广州软件学院二食堂,18312068280,餐饮行业,10:30-21:00,是,https://img.pospal.cn/storeLogo/6ae40547-fc06-4013-92a1-afa49455acd1.jpg,2.0,10.0,0.69,640423476746166417,黄桃（100克）,鲜果切,2.56,2.56,-4.0,是,https://img.pospal.cn/productImages/0/default/food_200x200.png,2506081428361,,否,2025-06-08 14:28:57
4569096,七式校园鲜果切（二食堂）,广东省广州市广州软件学院二食堂,18312068280,餐饮行业,10:30-21:00,是,https://img.pospal.cn/storeLogo/6ae40547-fc06-4013-92a1-afa49455acd1.jpg,2.0,10.0,0.69,718961853032338183,杨桃（100克）,鲜果切,2.56,2.56,0.0,是,https://img.pospal.cn/productImages/0/default/food_200x200.png,2509241206090,,是,2025-09-24 12:07:26
4569096,七式校园鲜果切（二食堂）,广东省广州市广州软件学院二食堂,18312068280,餐饮行业,10:30-21:00,是,https://img.pospal.cn/storeLogo/6ae40547-fc06-4013-92a1-afa49455acd1.jpg,2.0,10.0,0.69,617576231604140212,果冻橙（100克）,鲜果切,2.56,2.56,-1.0,是,https://img.pospal.cn/productImages/0/default/food_200x200.png,2509281302257,,是,2025-09-28 13:02:44
4569096,七式校园鲜果切（二食堂）,广东省广州市广州软件学院二食堂,18312068280,餐饮行业,10:30-21:00,是,https://img.pospal.cn/storeLogo/6ae40547-fc06-4013-92a1-afa49455acd1.jpg,2.0,10.0,0.69,336824026834544335,人参果（100克）,鲜果切,2.56,2.56,-1.0,是,https://img.pospal.cn/productImages/0/default/food_200x200.png,2511171954392,,是,2025-11-17 19:55:13
4569096,七式校园鲜果切（二食堂）,广东省广州市广州软件学院二食堂,18312068280,餐饮行业,10:30-21:00,是,https://img.pospal.cn/storeLogo/6ae40547-fc06-4013-92a1-afa49455acd1.jpg,2.0,10.0,0.69,760680512215052672,柚子（100克）,鲜果切,2.56,2.56,-1.0,是,https://img.pospal.cn/productImages/0/default/food_200x200.png,2511171955252,,是,2025-11-17 19:55:45
4569096,七式校园鲜果切（二食堂）,广东省广州市广州软件学院二食堂,18312068280,餐饮行业,10:30-21:00,是,https://img.pospal.cn/storeLogo/6ae40547-fc06-4013-92a1-afa49455acd1.jpg,2.0,10.0,0.69,393001727852807963,沙糖桔（100克）,鲜果切,2.56,2.56,-4.0,是,https://img.pospal.cn/productImages/0/default/food_200x200.png,2511171955535,,是,2025-11-17 19:56:18
4569096,七式校园鲜果切（二食堂）,广东省广州市广州软件学院二食堂,18312068280,餐饮行业,10:30-21:00,是,https://img.pospal.cn/storeLogo/6ae40547-fc06-4013-92a1-afa49455acd1.jpg,2.0,10.0,0.69,805748015782355267,黑加仑,鲜果切,2.56,2.56,0.0,是,https://img.pospal.cn/productImages/0/default/food_200x200.png,2511171957034,,是,2025-11-17 19:57:26
6042046,闽味千里香（食堂二楼）,广东省广州市从化区广从南路548号广州软件学院食堂二楼,13725146988,餐饮行业,10:00-22:00,是,https://img.pospal.cn/storeLogo/6042046/c87d3c94768144e0b01455b75f340b83.jpg,2.0,10.0,0.52,907361558658184224,蛋炒饭,炒类,10.0,10.0,34.0,否,https://img.pospal.cn/productImages/6042046/bae2b137-f5cf-478d-bdf9-461e8445c4bb_200x200.jpg,2604092231106,,否,2026-04-09 22:31:29
6042046,闽味千里香（食堂二楼）,广东省广州市从化区广从南路548号广州软件学院食堂二楼,13725146988,餐饮行业,10:00-22:00,是,https://img.pospal.cn/storeLogo/6042046/c87d3c94768144e0b01455b75f340b83.jpg,2.0,10.0,0.52,378619380998742761,蛋肉炒饭,炒类,12.0,12.0,49.0,否,https://img.pospal.cn/productImages/6042046/478b4410-898c-4dd2-a3cb-445ab538365b_200x200.jpg,2604092231328,,否,2026-04-09 22:31:48
6042046,闽味千里香（食堂二楼）,广东省广州市从化区广从南路548号广州软件学院食堂二楼,13725146988,餐饮行业,10:00-22:00,是,https://img.pospal.cn/storeLogo/6042046/c87d3c94768144e0b01455b75f340b83.jpg,2.0,10.0,0.52,665712810311367184,蛋炒米粉,炒类,10.0,10.0,99.0,否,https://img.pospal.cn/productImages/6042046/f146db14-14f2-472d-9415-f1d607c5f899_200x200.jpg,2604092231519,,否,2026-04-09 22:32:08
6042046,闽味千里香（食堂二楼）,广东省广州市从化区广从南路548号广州软件学院食堂二楼,13725146988,餐饮行业,10:00-22:00,是,https://img.pospal.cn/storeLogo/6042046/c87d3c94768144e0b01455b75f340b83.jpg,2.0,10.0,0.52,738103957674147825,蛋肉炒米粉,炒类,12.0,12.0,98.0,否,https://img.pospal.cn/productImages/6042046/79fbac95-455b-4da0-8ab0-01f08ea2bf42_200x200.jpg,2604092232110,,否,2026-04-09 22:32:29
6042046,闽味千里香（食堂二楼）,广东省广州市从化区广从南路548号广州软件学院食堂二楼,13725146988,餐饮行业,10:00-22:00,是,https://img.pospal.cn/storeLogo/6042046/c87d3c94768144e0b01455b75f340b83.jpg,2.0,10.0,0.52,242589246547773031,蛋炒河粉,炒类,10.0,10.0,96.0,否,https://img.pospal.cn/productImages/6042046/6d7fd755-2997-4ecc-96cd-e23cb709ed62_200x200.jpg,2604092232318,,否,2026-04-09 22:32:48
6042046,闽味千里香（食堂二楼）,广东省广州市从化区广从南路548号广州软件学院食堂二楼,13725146988,餐饮行业,10:00-22:00,是,https://img.pospal.cn/storeLogo/6042046/c87d3c94768144e0b01455b75f340b83.jpg,2.0,10.0,0.52,901606196191538730,蛋肉炒河粉,炒类,12.0,12.0,98.0,否,https://img.pospal.cn/productImages/6042046/bfabb2de-4cc4-4f6d-87a3-d549e99243cf_200x200.jpg,2604092232509,,否,2026-04-09 22:33:06
6042046,闽味千里香（食堂二楼）,广东省广州市从化区广从南路548号广州软件学院食堂二楼,13725146988,餐饮行业,10:00-22:00,是,https://img.pospal.cn/storeLogo/6042046/c87d3c94768144e0b01455b75f340b83.jpg,2.0,10.0,0.52,1008741310687050424,炒牛河,炒类,13.0,13.0,94.0,否,https://img.pospal.cn/productImages/6042046/ec383fe7-7ad7-484a-a3cc-bb374cd88017_200x200.jpg,2604092233094,,否,2026-04-09 22:33:24
6042046,闽味千里香（食堂二楼）,广东省广州市从化区广从南路548号广州软件学院食堂二楼,13725146988,餐饮行业,10:00-22:00,是,https://img.pospal.cn/storeLogo/6042046/c87d3c94768144e0b01455b75f340b83.jpg,2.0,10.0,0.52,451498992005070879,牛腩炒饭,炒类,13.0,13.0,80.0,否,https://img.pospal.cn/productImages/6042046/b4170e8a-98b3-4e6a-8fc6-5b6b87a6bd69_200x200.jpg,2604092233261,,否,2026-04-09 22:33:43
6042046,闽味千里香（食堂二楼）,广东省广州市从化区广从南路548号广州软件学院食堂二楼,13725146988,餐饮行业,10:00-22:00,是,https://img.pospal.cn/storeLogo/6042046/c87d3c94768144e0b01455b75f340b83.jpg,2.0,10.0,0.52,418530121428736775,牛腩炒米粉,炒类,13.0,13.0,99.0,否,https://img.pospal.cn/productImages/6042046/6f4bf92f-9439-4bc1-a725-381d00e13740_200x200.jpg,2604092233469,,否,2026-04-09 22:34:02
6042046,闽味千里香（食堂二楼）,广东省广州市从化区广从南路548号广州软件学院食堂二楼,13725146988,餐饮行业,10:00-22:00,是,https://img.pospal.cn/storeLogo/6042046/c87d3c94768144e0b01455b75f340b83.jpg,2.0,10.0,0.52,120822337401339709,牛腩炒桂林粉,炒类,13.0,13.0,988.0,否,https://img.pospal.cn/productImages/6042046/729128c9-26c5-4ae7-ab6e-6190ff21d283_200x200.jpg,2604092234053,,否,2026-04-09 22:34:23
6042046,闽味千里香（食堂二楼）,广东省广州市从化区广从南路548号广州软件学院食堂二楼,13725146988,餐饮行业,10:00-22:00,是,https://img.pospal.cn/storeLogo/6042046/c87d3c94768144e0b01455b75f340b83.jpg,2.0,10.0,0.52,290427440740741522,咖喱牛肉炒饭,炒类,15.0,15.0,90.0,否,https://img.pospal.cn/productImages/6042046/4d5e1d12-3d16-4609-8ea5-fe50f9f402b3_200x200.jpg,2604092234312,,否,2026-04-09 22:34:43
6042046,闽味千里香（食堂二楼）,广东省广州市从化区广从南路548号广州软件学院食堂二楼,13725146988,餐饮行业,10:00-22:00,是,https://img.pospal.cn/storeLogo/6042046/c87d3c94768144e0b01455b75f340b83.jpg,2.0,10.0,0.52,583385255324744663,潮汕牛筋丸1粒,加料区,2.0,2.0,977.0,否,https://img.pospal.cn/productImages/0/default/food_200x200.png,2605311449005,,是,2026-05-31 14:50:45
6042046,闽味千里香（食堂二楼）,广东省广州市从化区广从南路548号广州软件学院食堂二楼,13725146988,餐饮行业,10:00-22:00,是,https://img.pospal.cn/storeLogo/6042046/c87d3c94768144e0b01455b75f340b83.jpg,2.0,10.0,0.52,1013737026650594078,煎蛋,加料区,2.0,2.0,696.0,否,https://img.pospal.cn/productImages/0/default/food_200x200.png,2602055509224,,否,2026-06-03 15:21:12
6042046,闽味千里香（食堂二楼）,广东省广州市从化区广从南路548号广州软件学院食堂二楼,13725146988,餐饮行业,10:00-22:00,是,https://img.pospal.cn/storeLogo/6042046/c87d3c94768144e0b01455b75f340b83.jpg,2.0,10.0,0.52,105161308774876665,卤蛋,加料区,2.0,2.0,966.0,否,https://img.pospal.cn/productImages/0/default/food_200x200.png,2605311452364,,是,2026-05-31 14:53:16
6042046,闽味千里香（食堂二楼）,广东省广州市从化区广从南路548号广州软件学院食堂二楼,13725146988,餐饮行业,10:00-22:00,是,https://img.pospal.cn/storeLogo/6042046/c87d3c94768144e0b01455b75f340b83.jpg,2.0,10.0,0.52,574406918057296498,青菜米粉,米粉,6.0,6.0,99.0,否,https://img.pospal.cn/productImages/0/default/food_200x200.png,2604092208597,,否,2026-04-09 22:09:36
6042046,闽味千里香（食堂二楼）,广东省广州市从化区广从南路548号广州软件学院食堂二楼,13725146988,餐饮行业,10:00-22:00,是,https://img.pospal.cn/storeLogo/6042046/c87d3c94768144e0b01455b75f340b83.jpg,2.0,10.0,0.52,588854684931785559,云吞米粉,米粉,10.0,10.0,98.0,否,https://img.pospal.cn/productImages/6042046/7a0f9bc4-ac9f-406d-9145-4d5bfeefd528_200x200.jpg,2604092210200,,否,2026-04-09 22:10:39
6042046,闽味千里香（食堂二楼）,广东省广州市从化区广从南路548号广州软件学院食堂二楼,13725146988,餐饮行业,10:00-22:00,是,https://img.pospal.cn/storeLogo/6042046/c87d3c94768144e0b01455b75f340b83.jpg,2.0,10.0,0.52,293793290465849803,牛筋丸米粉,米粉,10.0,10.0,99.0,否,https://img.pospal.cn/productImages/6042046/eda52794-9330-4aae-9af2-ff709ac4a0f6_200x200.jpg,2604092211115,,否,2026-04-09 22:11:30
6042046,闽味千里香（食堂二楼）,广东省广州市从化区广从南路548号广州软件学院食堂二楼,13725146988,餐饮行业,10:00-22:00,是,https://img.pospal.cn/storeLogo/6042046/c87d3c94768144e0b01455b75f340b83.jpg,2.0,10.0,0.52,771606896104903572,叉烧米粉,米粉,10.0,10.0,99.0,否,https://img.pospal.cn/productImages/6042046/7d9fcc60-53d4-4176-891f-7b28fb424238_200x200.jpg,2604092211337,,否,2026-04-09 22:11:54
6042046,闽味千里香（食堂二楼）,广东省广州市从化区广从南路548号广州软件学院食堂二楼,13725146988,餐饮行业,10:00-22:00,是,https://img.pospal.cn/storeLogo/6042046/c87d3c94768144e0b01455b75f340b83.jpg,2.0,10.0,0.52,211448027692395118,香菇鸡肉米粉,米粉,13.0,13.0,99.0,否,https://img.pospal.cn/productImages/6042046/418db98b-921a-46f8-9fb8-a4d21ff34db8_200x200.jpg,2604092213478,,否,2026-04-09 22:14:12
6042046,闽味千里香（食堂二楼）,广东省广州市从化区广从南路548号广州软件学院食堂二楼,13725146988,餐饮行业,10:00-22:00,是,https://img.pospal.cn/storeLogo/6042046/c87d3c94768144e0b01455b75f340b83.jpg,2.0,10.0,0.52,194870371783255109,番茄鸡蛋米粉,米粉,10.0,10.0,99.0,否,https://img.pospal.cn/productImages/6042046/d5bb7cf9-4780-4cec-9cb9-3d4a259b995e_200x200.jpg,2604092214147,,否,2026-04-09 22:14:41
6042046,闽味千里香（食堂二楼）,广东省广州市从化区广从南路548号广州软件学院食堂二楼,13725146988,餐饮行业,10:00-22:00,是,https://img.pospal.cn/storeLogo/6042046/c87d3c94768144e0b01455b75f340b83.jpg,2.0,10.0,0.52,740011867130905883,瘦肉米粉,米粉,9.0,9.0,99.0,否,https://img.pospal.cn/productImages/0/default/food_200x200.png,2604092209396,,否,2026-04-09 22:09:57
6042046,闽味千里香（食堂二楼）,广东省广州市从化区广从南路548号广州软件学院食堂二楼,13725146988,餐饮行业,10:00-22:00,是,https://img.pospal.cn/storeLogo/6042046/c87d3c94768144e0b01455b75f340b83.jpg,2.0,10.0,0.52,496940002237466540,幼笋米粉,米粉,9.0,9.0,99.0,否,https://img.pospal.cn/productImages/0/default/food_200x200.png,2604092209594,,否,2026-04-09 22:10:16
6042046,闽味千里香（食堂二楼）,广东省广州市从化区广从南路548号广州软件学院食堂二楼,13725146988,餐饮行业,10:00-22:00,是,https://img.pospal.cn/storeLogo/6042046/c87d3c94768144e0b01455b75f340b83.jpg,2.0,10.0,0.52,135920865869582966,水饺米粉,米粉,10.0,10.0,99.0,否,https://img.pospal.cn/productImages/0/default/food_200x200.png,2604092210422,,否,2026-04-09 22:11:09
6042046,闽味千里香（食堂二楼）,广东省广州市从化区广从南路548号广州软件学院食堂二楼,13725146988,餐饮行业,10:00-22:00,是,https://img.pospal.cn/storeLogo/6042046/c87d3c94768144e0b01455b75f340b83.jpg,2.0,10.0,0.52,690202085390122526,叉烧米粉,米粉,10.0,10.0,99.0,否,https://img.pospal.cn/productImages/0/default/food_200x200.png,2604092211573,,否,2026-04-09 22:12:25
6042046,闽味千里香（食堂二楼）,广东省广州市从化区广从南路548号广州软件学院食堂二楼,13725146988,餐饮行业,10:00-22:00,是,https://img.pospal.cn/storeLogo/6042046/c87d3c94768144e0b01455b75f340b83.jpg,2.0,10.0,0.52,624891777294937536,红烧肉米粉,米粉,12.0,12.0,99.0,否,https://img.pospal.cn/productImages/0/default/food_200x200.png,2604092213232,,否,2026-04-09 22:13:43
6042046,闽味千里香（食堂二楼）,广东省广州市从化区广从南路548号广州软件学院食堂二楼,13725146988,餐饮行业,10:00-22:00,是,https://img.pospal.cn/storeLogo/6042046/c87d3c94768144e0b01455b75f340b83.jpg,2.0,10.0,0.52,594042674910458999,牛腩米粉,米粉,13.0,13.0,99.0,否,https://img.pospal.cn/productImages/0/default/food_200x200.png,2604092212280,,否,2026-04-09 22:12:48
6042046,闽味千里香（食堂二楼）,广东省广州市从化区广从南路548号广州软件学院食堂二楼,13725146988,餐饮行业,10:00-22:00,是,https://img.pospal.cn/storeLogo/6042046/c87d3c94768144e0b01455b75f340b83.jpg,2.0,10.0,0.52,233606990875941812,酸辣粉,米粉,13.0,13.0,99.0,否,https://img.pospal.cn/productImages/0/default/food_200x200.png,2604092215267,,否,2026-04-09 22:16:18
6042046,闽味千里香（食堂二楼）,广东省广州市从化区广从南路548号广州软件学院食堂二楼,13725146988,餐饮行业,10:00-22:00,是,https://img.pospal.cn/storeLogo/6042046/c87d3c94768144e0b01455b75f340b83.jpg,2.0,10.0,0.52,944098456149870672,排骨米粉,米粉,13.0,13.0,0.0,是,https://img.pospal.cn/productImages/0/default/food_200x200.png,2604092212501,,否,2026-04-09 22:13:20
6042046,闽味千里香（食堂二楼）,广东省广州市从化区广从南路548号广州软件学院食堂二楼,13725146988,餐饮行业,10:00-22:00,是,https://img.pospal.cn/storeLogo/6042046/c87d3c94768144e0b01455b75f340b83.jpg,2.0,10.0,0.52,875467835911264212,绿豆粥（冰）,粥,7.0,7.0,92.0,否,https://img.pospal.cn/productImages/6042046/bf4c9de4-0da4-4b22-b6d3-f05db0f09ff6_200x200.jpg,2604190953429,,是,2026-04-19 09:53:45
6042046,闽味千里香（食堂二楼）,广东省广州市从化区广从南路548号广州软件学院食堂二楼,13725146988,餐饮行业,10:00-22:00,是,https://img.pospal.cn/storeLogo/6042046/c87d3c94768144e0b01455b75f340b83.jpg,2.0,10.0,0.52,1001298684835505776,八宝粥（冰）,粥,7.0,7.0,94.0,否,https://img.pospal.cn/productImages/6042046/e4a54294-9122-4b05-bdbf-c7b5bba5ba50_200x200.jpg,2604190954167,,是,2026-04-19 09:54:28
6042046,闽味千里香（食堂二楼）,广东省广州市从化区广从南路548号广州软件学院食堂二楼,13725146988,餐饮行业,10:00-22:00,是,https://img.pospal.cn/storeLogo/6042046/c87d3c94768144e0b01455b75f340b83.jpg,2.0,10.0,0.52,986523431189778568,青菜桂林粉,桂林粉,6.0,6.0,999.0,否,https://img.pospal.cn/productImages/0/default/food_200x200.png,2604092226126,,否,2026-04-09 22:26:23
6042046,闽味千里香（食堂二楼）,广东省广州市从化区广从南路548号广州软件学院食堂二楼,13725146988,餐饮行业,10:00-22:00,是,https://img.pospal.cn/storeLogo/6042046/c87d3c94768144e0b01455b75f340b83.jpg,2.0,10.0,0.52,943509277809312663,瘦肉桂林粉,桂林粉,9.0,9.0,975.0,否,https://img.pospal.cn/productImages/6042046/05ea5a2f-c77a-42f4-9a98-882c2022a0d3_200x200.jpg,2604092226263,,否,2026-04-09 22:26:45
6042046,闽味千里香（食堂二楼）,广东省广州市从化区广从南路548号广州软件学院食堂二楼,13725146988,餐饮行业,10:00-22:00,是,https://img.pospal.cn/storeLogo/6042046/c87d3c94768144e0b01455b75f340b83.jpg,2.0,10.0,0.52,295613763394524392,云吞桂林粉,桂林粉,10.0,10.0,988.0,否,https://img.pospal.cn/productImages/6042046/c24821e9-7e6b-46e2-8bf1-3310c1abe1b6_200x200.jpg,2604092227062,,否,2026-04-09 22:27:23
6042046,闽味千里香（食堂二楼）,广东省广州市从化区广从南路548号广州软件学院食堂二楼,13725146988,餐饮行业,10:00-22:00,是,https://img.pospal.cn/storeLogo/6042046/c87d3c94768144e0b01455b75f340b83.jpg,2.0,10.0,0.52,98928173519534181,牛肉丸桂林粉,桂林粉,10.0,10.0,992.0,否,https://img.pospal.cn/productImages/6042046/6131d697-152a-46cc-80c0-83a745794c74_200x200.jpg,2604092227482,,否,2026-04-09 22:28:04
6042046,闽味千里香（食堂二楼）,广东省广州市从化区广从南路548号广州软件学院食堂二楼,13725146988,餐饮行业,10:00-22:00,是,https://img.pospal.cn/storeLogo/6042046/c87d3c94768144e0b01455b75f340b83.jpg,2.0,10.0,0.52,1098209246910047577,牛腩桂林粉,桂林粉,13.0,13.0,991.0,否,https://img.pospal.cn/productImages/6042046/68203a71-54a3-4aa7-91b8-ccb7257360b0_200x200.jpg,2604092228335,,否,2026-04-09 22:28:52
6042046,闽味千里香（食堂二楼）,广东省广州市从化区广从南路548号广州软件学院食堂二楼,13725146988,餐饮行业,10:00-22:00,是,https://img.pospal.cn/storeLogo/6042046/c87d3c94768144e0b01455b75f340b83.jpg,2.0,10.0,0.52,39944033861341534,红烧肉桂林粉,桂林粉,12.0,12.0,99.0,否,https://img.pospal.cn/productImages/6042046/7e4b8c51-94d9-4777-810c-957dcd1897d6_200x200.jpg,2604092229189,,否,2026-04-09 22:29:38
6042046,闽味千里香（食堂二楼）,广东省广州市从化区广从南路548号广州软件学院食堂二楼,13725146988,餐饮行业,10:00-22:00,是,https://img.pospal.cn/storeLogo/6042046/c87d3c94768144e0b01455b75f340b83.jpg,2.0,10.0,0.52,54401086330021437,番茄鸡蛋桂林粉,桂林粉,10.0,10.0,990.0,否,https://img.pospal.cn/productImages/6042046/5a25a421-35ed-415b-b55e-a1022ea77968_200x200.jpg,2604092230093,,否,2026-04-09 22:30:26
6042046,闽味千里香（食堂二楼）,广东省广州市从化区广从南路548号广州软件学院食堂二楼,13725146988,餐饮行业,10:00-22:00,是,https://img.pospal.cn/storeLogo/6042046/c87d3c94768144e0b01455b75f340b83.jpg,2.0,10.0,0.52,492213642730430438,幼笋桂林粉,桂林粉,9.0,9.0,997.0,否,https://img.pospal.cn/productImages/0/default/food_200x200.png,2604092226485,,否,2026-04-09 22:27:04
6042046,闽味千里香（食堂二楼）,广东省广州市从化区广从南路548号广州软件学院食堂二楼,13725146988,餐饮行业,10:00-22:00,是,https://img.pospal.cn/storeLogo/6042046/c87d3c94768144e0b01455b75f340b83.jpg,2.0,10.0,0.52,719741216058596403,水饺桂林粉,桂林粉,10.0,10.0,998.0,否,https://img.pospal.cn/productImages/0/default/food_200x200.png,2604092227277,,否,2026-04-09 22:27:45
6042046,闽味千里香（食堂二楼）,广东省广州市从化区广从南路548号广州软件学院食堂二楼,13725146988,餐饮行业,10:00-22:00,是,https://img.pospal.cn/storeLogo/6042046/c87d3c94768144e0b01455b75f340b83.jpg,2.0,10.0,0.52,1035451341941550933,叉烧桂林粉,桂林粉,10.0,10.0,987.0,否,https://img.pospal.cn/productImages/0/default/food_200x200.png,2604092228083,,否,2026-04-09 22:28:31
6042046,闽味千里香（食堂二楼）,广东省广州市从化区广从南路548号广州软件学院食堂二楼,13725146988,餐饮行业,10:00-22:00,是,https://img.pospal.cn/storeLogo/6042046/c87d3c94768144e0b01455b75f340b83.jpg,2.0,10.0,0.52,1020486758735025571,香菇鸡肉桂林粉,桂林粉,13.0,13.0,99.0,否,https://img.pospal.cn/productImages/0/default/food_200x200.png,2604092229417,,否,2026-04-09 22:30:06
6042046,闽味千里香（食堂二楼）,广东省广州市从化区广从南路548号广州软件学院食堂二楼,13725146988,餐饮行业,10:00-22:00,是,https://img.pospal.cn/storeLogo/6042046/c87d3c94768144e0b01455b75f340b83.jpg,2.0,10.0,0.52,737294330262309264,排骨桂林粉,桂林粉,13.0,13.0,0.0,是,https://img.pospal.cn/productImages/6042046/499004de-01de-4e86-97e9-bfbd06a1c450_200x200.jpg,2604092228540,,否,2026-04-09 22:29:15
6042046,闽味千里香（食堂二楼）,广东省广州市从化区广从南路548号广州软件学院食堂二楼,13725146988,餐饮行业,10:00-22:00,是,https://img.pospal.cn/storeLogo/6042046/c87d3c94768144e0b01455b75f340b83.jpg,2.0,10.0,0.52,996040552137859385,青菜河粉,河粉,6.0,6.0,99.0,否,https://img.pospal.cn/productImages/0/default/food_200x200.png,2604092216226,,否,2026-04-09 22:16:40
6042046,闽味千里香（食堂二楼）,广东省广州市从化区广从南路548号广州软件学院食堂二楼,13725146988,餐饮行业,10:00-22:00,是,https://img.pospal.cn/storeLogo/6042046/c87d3c94768144e0b01455b75f340b83.jpg,2.0,10.0,0.52,1116040025067563036,幼笋河粉,河粉,9.0,9.0,99.0,否,https://img.pospal.cn/productImages/6042046/e863458a-70ea-4a71-b631-c3eba4e5b6ae_200x200.jpg,2604092219494,,否,2026-04-09 22:20:02
6042046,闽味千里香（食堂二楼）,广东省广州市从化区广从南路548号广州软件学院食堂二楼,13725146988,餐饮行业,10:00-22:00,是,https://img.pospal.cn/storeLogo/6042046/c87d3c94768144e0b01455b75f340b83.jpg,2.0,10.0,0.52,447428643164670119,牛筋丸河粉,河粉,10.0,10.0,99.0,否,https://img.pospal.cn/productImages/6042046/e5a5bcb1-c307-46c1-a1b6-c534b7d69181_200x200.jpg,2604092221428,,否,2026-04-09 22:22:02
6042046,闽味千里香（食堂二楼）,广东省广州市从化区广从南路548号广州软件学院食堂二楼,13725146988,餐饮行业,10:00-22:00,是,https://img.pospal.cn/storeLogo/6042046/c87d3c94768144e0b01455b75f340b83.jpg,2.0,10.0,0.52,35732509093512803,番茄鸡蛋河粉,河粉,10.0,10.0,99.0,否,https://img.pospal.cn/productImages/6042046/72f5fa51-65cd-4831-8d19-cd37e9de66b1_200x200.jpg,2604092223453,,否,2026-04-09 22:24:15
6042046,闽味千里香（食堂二楼）,广东省广州市从化区广从南路548号广州软件学院食堂二楼,13725146988,餐饮行业,10:00-22:00,是,https://img.pospal.cn/storeLogo/6042046/c87d3c94768144e0b01455b75f340b83.jpg,2.0,10.0,0.52,947920630931411621,瘦肉河粉,河粉,9.0,9.0,98.0,否,https://img.pospal.cn/productImages/0/default/food_200x200.png,2604092218503,,否,2026-04-09 22:19:10
6042046,闽味千里香（食堂二楼）,广东省广州市从化区广从南路548号广州软件学院食堂二楼,13725146988,餐饮行业,10:00-22:00,是,https://img.pospal.cn/storeLogo/6042046/c87d3c94768144e0b01455b75f340b83.jpg,2.0,10.0,0.52,825402194289004674,云吞河粉,河粉,10.0,10.0,99.0,否,https://img.pospal.cn/productImages/0/default/food_200x200.png,2604092220063,,否,2026-04-09 22:21:18
6042046,闽味千里香（食堂二楼）,广东省广州市从化区广从南路548号广州软件学院食堂二楼,13725146988,餐饮行业,10:00-22:00,是,https://img.pospal.cn/storeLogo/6042046/c87d3c94768144e0b01455b75f340b83.jpg,2.0,10.0,0.52,868561058511844980,水饺河粉,河粉,10.0,10.0,99.0,否,https://img.pospal.cn/productImages/0/default/food_200x200.png,2604092221213,,否,2026-04-09 22:21:39
6042046,闽味千里香（食堂二楼）,广东省广州市从化区广从南路548号广州软件学院食堂二楼,13725146988,餐饮行业,10:00-22:00,是,https://img.pospal.cn/storeLogo/6042046/c87d3c94768144e0b01455b75f340b83.jpg,2.0,10.0,0.52,134703935132640263,叉烧河粉,河粉,10.0,10.0,98.0,否,https://img.pospal.cn/productImages/0/default/food_200x200.png,2604092222043,,否,2026-04-09 22:22:21
6042046,闽味千里香（食堂二楼）,广东省广州市从化区广从南路548号广州软件学院食堂二楼,13725146988,餐饮行业,10:00-22:00,是,https://img.pospal.cn/storeLogo/6042046/c87d3c94768144e0b01455b75f340b83.jpg,2.0,10.0,0.52,653274869244784306,红烧肉河粉,河粉,12.0,12.0,99.0,否,https://img.pospal.cn/productImages/0/default/food_200x200.png,2604092223057,,否,2026-04-09 22:23:21
6042046,闽味千里香（食堂二楼）,广东省广州市从化区广从南路548号广州软件学院食堂二楼,13725146988,餐饮行业,10:00-22:00,是,https://img.pospal.cn/storeLogo/6042046/c87d3c94768144e0b01455b75f340b83.jpg,2.0,10.0,0.52,27407747092171927,牛腩河粉,河粉,13.0,13.0,99.0,否,https://img.pospal.cn/productImages/0/default/food_200x200.png,2604092222234,,否,2026-04-09 22:22:39
6042046,闽味千里香（食堂二楼）,广东省广州市从化区广从南路548号广州软件学院食堂二楼,13725146988,餐饮行业,10:00-22:00,是,https://img.pospal.cn/storeLogo/6042046/c87d3c94768144e0b01455b75f340b83.jpg,2.0,10.0,0.52,138703800843965321,香菇鸡肉河粉,河粉,13.0,13.0,99.0,否,https://img.pospal.cn/productImages/0/default/food_200x200.png,2604092223231,,否,2026-04-09 22:23:43
6042046,闽味千里香（食堂二楼）,广东省广州市从化区广从南路548号广州软件学院食堂二楼,13725146988,餐饮行业,10:00-22:00,是,https://img.pospal.cn/storeLogo/6042046/c87d3c94768144e0b01455b75f340b83.jpg,2.0,10.0,0.52,242782580104080357,排骨河粉,河粉,13.0,13.0,0.0,是,https://img.pospal.cn/productImages/0/default/food_200x200.png,2604092222432,,否,2026-04-09 22:23:02
6042046,闽味千里香（食堂二楼）,广东省广州市从化区广从南路548号广州软件学院食堂二楼,13725146988,餐饮行业,10:00-22:00,是,https://img.pospal.cn/storeLogo/6042046/c87d3c94768144e0b01455b75f340b83.jpg,2.0,10.0,0.52,987211142493428337,炸酱面,面,10.0,10.0,983.0,否,https://img.pospal.cn/productImages/6042046/a591b37f-8acd-414e-a001-a23b0ba53f1a_200x200.jpg,2604092200423,,否,2026-04-09 22:01:55
6042046,闽味千里香（食堂二楼）,广东省广州市从化区广从南路548号广州软件学院食堂二楼,13725146988,餐饮行业,10:00-22:00,是,https://img.pospal.cn/storeLogo/6042046/c87d3c94768144e0b01455b75f340b83.jpg,2.0,10.0,0.52,205595689200736915,沙县拌面,面,8.0,8.0,961.0,否,https://img.pospal.cn/productImages/6042046/3c8df19a-04aa-42ad-926f-ec8a9017f59f_200x200.jpg,2604092202083,,否,2026-04-09 22:02:24
6042046,闽味千里香（食堂二楼）,广东省广州市从化区广从南路548号广州软件学院食堂二楼,13725146988,餐饮行业,10:00-22:00,是,https://img.pospal.cn/storeLogo/6042046/c87d3c94768144e0b01455b75f340b83.jpg,2.0,10.0,0.52,842316066716849195,葱油拌面,面,9.0,9.0,987.0,否,https://img.pospal.cn/productImages/6042046/4e03d28a-fda7-4b5c-91c8-2b160c29749a_200x200.jpg,2604092202335,,否,2026-04-09 22:02:47
6042046,闽味千里香（食堂二楼）,广东省广州市从化区广从南路548号广州软件学院食堂二楼,13725146988,餐饮行业,10:00-22:00,是,https://img.pospal.cn/storeLogo/6042046/c87d3c94768144e0b01455b75f340b83.jpg,2.0,10.0,0.52,687811091516680335,青菜面,面,6.0,6.0,990.0,否,https://img.pospal.cn/productImages/0/default/food_200x200.png,2604092202502,,否,2026-04-09 22:03:16
6042046,闽味千里香（食堂二楼）,广东省广州市从化区广从南路548号广州软件学院食堂二楼,13725146988,餐饮行业,10:00-22:00,是,https://img.pospal.cn/storeLogo/6042046/c87d3c94768144e0b01455b75f340b83.jpg,2.0,10.0,0.52,452595355427533521,瘦肉面,面,9.0,9.0,974.0,否,https://img.pospal.cn/productImages/6042046/67ee8caa-d272-4614-9f91-b12ca0747b08_200x200.jpg,2604092203196,,否,2026-04-09 22:03:41
6042046,闽味千里香（食堂二楼）,广东省广州市从化区广从南路548号广州软件学院食堂二楼,13725146988,餐饮行业,10:00-22:00,是,https://img.pospal.cn/storeLogo/6042046/c87d3c94768144e0b01455b75f340b83.jpg,2.0,10.0,0.52,48506497012495615,幼笋面,面,9.0,9.0,977.0,否,https://img.pospal.cn/productImages/6042046/3ac78be2-ceff-4314-bbf2-258df8dc3a9b_200x200.jpg,2604092203448,,否,2026-04-09 22:04:05
6042046,闽味千里香（食堂二楼）,广东省广州市从化区广从南路548号广州软件学院食堂二楼,13725146988,餐饮行业,10:00-22:00,是,https://img.pospal.cn/storeLogo/6042046/c87d3c94768144e0b01455b75f340b83.jpg,2.0,10.0,0.52,1018863913310691160,云吞面,面,10.0,10.0,937.0,否,https://img.pospal.cn/productImages/6042046/6ccfac2c-4380-47c1-9170-86180c7e4135_200x200.jpg,2604092204094,,否,2026-04-09 22:04:34
6042046,闽味千里香（食堂二楼）,广东省广州市从化区广从南路548号广州软件学院食堂二楼,13725146988,餐饮行业,10:00-22:00,是,https://img.pospal.cn/storeLogo/6042046/c87d3c94768144e0b01455b75f340b83.jpg,2.0,10.0,0.52,834352761488382485,水饺面,面,10.0,10.0,994.0,否,https://img.pospal.cn/productImages/6042046/a3392c00-5006-4f56-a9e5-269f345b2c1d_200x200.jpg,2604092204377,,否,2026-04-09 22:04:58
6042046,闽味千里香（食堂二楼）,广东省广州市从化区广从南路548号广州软件学院食堂二楼,13725146988,餐饮行业,10:00-22:00,是,https://img.pospal.cn/storeLogo/6042046/c87d3c94768144e0b01455b75f340b83.jpg,2.0,10.0,0.52,781103823948142397,叉烧面,面,10.0,10.0,990.0,否,https://img.pospal.cn/productImages/6042046/38777aac-3e30-4625-8264-f0ded368cd41_200x200.jpg,2604092205282,,否,2026-04-09 22:05:50
6042046,闽味千里香（食堂二楼）,广东省广州市从化区广从南路548号广州软件学院食堂二楼,13725146988,餐饮行业,10:00-22:00,是,https://img.pospal.cn/storeLogo/6042046/c87d3c94768144e0b01455b75f340b83.jpg,2.0,10.0,0.52,707125226999031801,香菇鸡肉面,面,13.0,13.0,98.0,否,https://img.pospal.cn/productImages/6042046/60646bba-4ed2-4b7a-b345-b6370fe34056_200x200.jpg,2604092205534,,否,2026-04-09 22:06:17
6042046,闽味千里香（食堂二楼）,广东省广州市从化区广从南路548号广州软件学院食堂二楼,13725146988,餐饮行业,10:00-22:00,是,https://img.pospal.cn/storeLogo/6042046/c87d3c94768144e0b01455b75f340b83.jpg,2.0,10.0,0.52,710617004076205543,番茄鸡蛋面,面,10.0,10.0,957.0,否,https://img.pospal.cn/productImages/6042046/34ee9dfe-b635-4f4f-9987-f1ac65a5b01f_200x200.jpg,2604092207347,,否,2026-04-09 22:07:58
6042046,闽味千里香（食堂二楼）,广东省广州市从化区广从南路548号广州软件学院食堂二楼,13725146988,餐饮行业,10:00-22:00,是,https://img.pospal.cn/storeLogo/6042046/c87d3c94768144e0b01455b75f340b83.jpg,2.0,10.0,0.52,444795537758831881,牛腩面,面,13.0,13.0,989.0,否,https://img.pospal.cn/productImages/6042046/c698d2dc-14ac-433a-93a9-9f12de17eba9_200x200.jpg,2604121118392,,否,2026-04-12 11:19:11
6042046,闽味千里香（食堂二楼）,广东省广州市从化区广从南路548号广州软件学院食堂二楼,13725146988,餐饮行业,10:00-22:00,是,https://img.pospal.cn/storeLogo/6042046/c87d3c94768144e0b01455b75f340b83.jpg,2.0,10.0,0.52,86490374430774044,净云吞,面,9.0,9.0,802.0,否,https://img.pospal.cn/productImages/6042046/499d5bb8-877c-4256-89e2-79b0d6dfad59_200x200.jpg,2604121121262,,否,2026-04-12 11:22:03
6042046,闽味千里香（食堂二楼）,广东省广州市从化区广从南路548号广州软件学院食堂二楼,13725146988,餐饮行业,10:00-22:00,是,https://img.pospal.cn/storeLogo/6042046/c87d3c94768144e0b01455b75f340b83.jpg,2.0,10.0,0.52,219889497685005832,水饺,面,10.0,10.0,972.0,否,https://img.pospal.cn/productImages/6042046/5cbe567f-e3e2-4965-ae53-ef59816497e3_200x200.jpg,2604121122061,,否,2026-04-12 11:22:29
6042046,闽味千里香（食堂二楼）,广东省广州市从化区广从南路548号广州软件学院食堂二楼,13725146988,餐饮行业,10:00-22:00,是,https://img.pospal.cn/storeLogo/6042046/c87d3c94768144e0b01455b75f340b83.jpg,2.0,10.0,0.52,76647832889863856,牛肉丸面,面,10.0,10.0,999.0,否,https://img.pospal.cn/productImages/0/default/food_200x200.png,2604092205022,,否,2026-04-09 22:05:25
6042046,闽味千里香（食堂二楼）,广东省广州市从化区广从南路548号广州软件学院食堂二楼,13725146988,餐饮行业,10:00-22:00,是,https://img.pospal.cn/storeLogo/6042046/c87d3c94768144e0b01455b75f340b83.jpg,2.0,10.0,0.52,476962926799794694,红烧肉面,面,12.0,12.0,95.0,否,https://img.pospal.cn/productImages/0/default/food_200x200.png,2604092206500,,否,2026-04-09 22:07:03
6042046,闽味千里香（食堂二楼）,广东省广州市从化区广从南路548号广州软件学院食堂二楼,13725146988,餐饮行业,10:00-22:00,是,https://img.pospal.cn/storeLogo/6042046/c87d3c94768144e0b01455b75f340b83.jpg,2.0,10.0,0.52,895912393562390910,排骨面,面,13.0,13.0,-1.0,是,https://img.pospal.cn/productImages/0/default/food_200x200.png,2604092206203,,否,2026-04-09 22:06:38
4569087,炊班主干蒸排骨（二食堂）,广东省广州市从化区广从南路548号广州软件学院二食堂,17771626237,餐饮行业,10:00-20:00,是,https://img.pospal.cn/storeLogo/bb9f8637-acc0-4996-b615-9294c36f712d.jpg,2.0,10.0,0.52,896315449420135634,干蒸窝蛋肉饼,干蒸,11.9,11.9,9154.0,否,https://img.pospal.cn/productImages/4569087/da5b2701-14ee-4137-ad5b-46607747d039_200x200.jpg,2508280958496,,否,2025-08-28 09:59:30
4569087,炊班主干蒸排骨（二食堂）,广东省广州市从化区广从南路548号广州软件学院二食堂,17771626237,餐饮行业,10:00-20:00,是,https://img.pospal.cn/storeLogo/bb9f8637-acc0-4996-b615-9294c36f712d.jpg,2.0,10.0,0.52,904548215696090917,干蒸五花肉,干蒸,12.9,12.9,97360.0,否,https://img.pospal.cn/productImages/4569087/1c8e2718-9aa9-4204-b8b3-38337b0be477_200x200.jpg,2508280959332,,否,2025-08-28 10:00:24
4569087,炊班主干蒸排骨（二食堂）,广东省广州市从化区广从南路548号广州软件学院二食堂,17771626237,餐饮行业,10:00-20:00,是,https://img.pospal.cn/storeLogo/bb9f8637-acc0-4996-b615-9294c36f712d.jpg,2.0,10.0,0.52,223701169731445412,干蒸排骨饭,干蒸,13.9,13.9,9623.0,否,https://img.pospal.cn/productImages/4569087/5ad1b7d8-02db-48ad-baed-2f76683909d0_200x200.jpg,2508280957222,,否,2025-08-28 09:58:00
4569087,炊班主干蒸排骨（二食堂）,广东省广州市从化区广从南路548号广州软件学院二食堂,17771626237,餐饮行业,10:00-20:00,是,https://img.pospal.cn/storeLogo/bb9f8637-acc0-4996-b615-9294c36f712d.jpg,2.0,10.0,0.52,720570878047972305,干蒸沙姜鸡,干蒸,13.9,13.9,9762.0,否,https://img.pospal.cn/productImages/4569087/4098fc3a-5e3f-42c4-b036-dfc8654874f5_200x200.jpg,2508280958045,,否,2025-08-28 09:58:46
4569087,炊班主干蒸排骨（二食堂）,广东省广州市从化区广从南路548号广州软件学院二食堂,17771626237,餐饮行业,10:00-20:00,是,https://img.pospal.cn/storeLogo/bb9f8637-acc0-4996-b615-9294c36f712d.jpg,2.0,10.0,0.52,863340877564383012,干蒸猪颈肉,干蒸,14.9,14.9,6519.0,否,https://img.pospal.cn/productImages/4569087/d8c87fe9-fe1c-4363-8c0a-6c82c89bd421_200x200.jpg,2508281000286,,否,2025-08-28 10:01:14
4569087,炊班主干蒸排骨（二食堂）,广东省广州市从化区广从南路548号广州软件学院二食堂,17771626237,餐饮行业,10:00-20:00,是,https://img.pospal.cn/storeLogo/bb9f8637-acc0-4996-b615-9294c36f712d.jpg,2.0,10.0,0.52,387197119846972809,干蒸藤椒鸡,干蒸,12.9,12.9,6544.0,否,https://img.pospal.cn/productImages/4569087/da19fcfd-818a-44e1-9d4e-b98311e43f73_200x200.jpg,2511031016550,,否,2025-11-03 10:17:52
4569087,炊班主干蒸排骨（二食堂）,广东省广州市从化区广从南路548号广州软件学院二食堂,17771626237,餐饮行业,10:00-20:00,是,https://img.pospal.cn/storeLogo/bb9f8637-acc0-4996-b615-9294c36f712d.jpg,2.0,10.0,0.52,1023742417902190245,干蒸黑椒梅花肉,干蒸,13.9,13.9,9749.0,否,https://img.pospal.cn/productImages/4569087/5e982ee7-e4e1-4253-a70b-ba90f07ec1de_200x200.jpg,2512191054352,,否,2025-12-19 10:56:06
4569087,炊班主干蒸排骨（二食堂）,广东省广州市从化区广从南路548号广州软件学院二食堂,17771626237,餐饮行业,10:00-20:00,是,https://img.pospal.cn/storeLogo/bb9f8637-acc0-4996-b615-9294c36f712d.jpg,2.0,10.0,0.52,408051095168431810,干蒸红油辣子鸡,干蒸,13.9,13.9,9777.0,否,https://img.pospal.cn/productImages/4569087/828e15a4-c6f0-4fde-bdc2-83fcc4c53d05_200x200.jpg,2604301441487,,否,2026-04-30 14:43:22
4569087,炊班主干蒸排骨（二食堂）,广东省广州市从化区广从南路548号广州软件学院二食堂,17771626237,餐饮行业,10:00-20:00,是,https://img.pospal.cn/storeLogo/bb9f8637-acc0-4996-b615-9294c36f712d.jpg,2.0,10.0,0.52,1001243050594995980,肉沫干蒸鸡蛋,干蒸,2.5,2.5,9865.0,否,https://img.pospal.cn/productImages/4569087/6559e48c-d0c6-451a-b985-f28023c6e072_200x200.jpg,2604301443375,,否,2026-04-30 14:44:47
4569087,炊班主干蒸排骨（二食堂）,广东省广州市从化区广从南路548号广州软件学院二食堂,17771626237,餐饮行业,10:00-20:00,是,https://img.pospal.cn/storeLogo/bb9f8637-acc0-4996-b615-9294c36f712d.jpg,2.0,10.0,0.52,524467008991225014,干蒸脆鲷鱼,干蒸,13.9,13.9,0.0,是,https://img.pospal.cn/productImages/4569087/aae19636-36c1-4e0e-ac93-5093bfc9c3d0_200x200.jpg,2510241724057,,否,2025-10-24 17:26:01
4361943,广州软件学院菜鸟驿站,广东省广州市太平镇广从南路548号,13126466297,餐饮行业,00:00-23:59,是,https://img.pospal.cn/storeLogo/4cbf5c4f-ae50-4bce-85bd-2cba831e04e6.jpg,0.0,2.0,0.69,416751643262291491,邀请五人进群免一件单品配送费,特惠活动,2.0,2.0,984.0,否,https://img.pospal.cn/productImages/4361943/894e51f8-1c3b-4921-b256-6648dc347721_200x200.jpg,2311021020297,选择邀请五人进群免一件单品配送费特惠活动，请在备注栏手工填写定点地址名称、取件码，配送成功后后台退还2元货款。,否,2023-11-02 10:22:47
4361943,广州软件学院菜鸟驿站,广东省广州市太平镇广从南路548号,13126466297,餐饮行业,00:00-23:59,是,https://img.pospal.cn/storeLogo/4cbf5c4f-ae50-4bce-85bd-2cba831e04e6.jpg,0.0,2.0,0.69,624649411693831377,代取必读,代取必读,0.01,0.01,0.0,否,https://img.pospal.cn/productImages/4361943/3a4b39d8-63a0-4a39-a5b8-d78be82b59f0_200x200.jpg,2302281156116,"广软小二菜鸟驿站代取须知  
1、取送时段：10:30-21:00
2、选择定点配送，选定点地址、重量件数、超重比例金额，在备注栏手工填写取件码，下单成功留意取件码出库签收1-2小时内到定点取件。
3、如当日未找到代签收快递，需联系客服热线13126466297处理。
温馨提示:不代取贵重品、带轮电脑椅 、养生壶、电煮锅、电饭煲、超1500w电水壶。",否,2023-02-28 11:56:35
4361943,广州软件学院菜鸟驿站,广东省广州市太平镇广从南路548号,13126466297,餐饮行业,00:00-23:59,是,https://img.pospal.cn/storeLogo/4cbf5c4f-ae50-4bce-85bd-2cba831e04e6.jpg,0.0,2.0,0.69,805061227091799322,行李搬运运费补拍（1元）,行李搬运,1.0,1.0,0.0,否,https://img.pospal.cn/productImages/4361943/8e2cc765-8a01-419a-9cdc-9a08dc27b975_200x200.png,2401031607028,贵重易损不搬运，先下单，现场沟通，补拍运费。,否,2024-01-03 16:07:58
4361943,广州软件学院菜鸟驿站,广东省广州市太平镇广从南路548号,13126466297,餐饮行业,00:00-23:59,是,https://img.pospal.cn/storeLogo/4cbf5c4f-ae50-4bce-85bd-2cba831e04e6.jpg,0.0,2.0,0.69,601797424584844100,定点搬运,行李搬运,3.0,3.0,0.0,否,https://img.pospal.cn/productImages/4361943/62ae6d3f-49a1-4a72-954c-189012b575d8_200x200.png,2401031612213,贵重易损不搬运，先下单，加客服微信（xiaoerdaiqu）估价，现场确认补拍运费。定点名称及明细说明: 紫薇楼 （女生小卖部、 J 楼、橙宣居T 、橙宣居T1、金桂园），蓝楹楼 （F楼、橙宣居T2），男生北门岗（ G P绿杨、 Y黄槐、 M清风阁、B 碧波、Q书新）,否,2024-01-03 16:13:00
4361943,广州软件学院菜鸟驿站,广东省广州市太平镇广从南路548号,13126466297,餐饮行业,00:00-23:59,是,https://img.pospal.cn/storeLogo/4cbf5c4f-ae50-4bce-85bd-2cba831e04e6.jpg,0.0,2.0,0.69,961785742589942212,行李搬运运费补拍（10元）,行李搬运,10.0,10.0,0.0,否,https://img.pospal.cn/productImages/4361943/1202480f-d871-43f2-9649-e26867fcc8f5_200x200.png,2406051724595,,否,2024-06-05 17:25:50
4361943,广州软件学院菜鸟驿站,广东省广州市太平镇广从南路548号,13126466297,餐饮行业,00:00-23:59,是,https://img.pospal.cn/storeLogo/4cbf5c4f-ae50-4bce-85bd-2cba831e04e6.jpg,0.0,2.0,0.69,83469211399270104,运费补拍,定点配送,1.0,1.0,994226.0,否,https://img.pospal.cn/productImages/4361943/daddb2f0-e2dd-48d8-bf83-87f9a72c2d05_200x200.jpg,2309061941559,,否,2023-09-06 19:42:41
4361943,广州软件学院菜鸟驿站,广东省广州市太平镇广从南路548号,13126466297,餐饮行业,00:00-23:59,是,https://img.pospal.cn/storeLogo/4cbf5c4f-ae50-4bce-85bd-2cba831e04e6.jpg,0.0,2.0,0.69,279649006756411494,定点配送,定点配送,2.0,2.0,99990307.0,否,https://img.pospal.cn/productImages/4361943/cfa45338-fb0c-4b76-984c-9f863ca4f295_200x200.jpg,2510250520503,请在备注中填入取件码！如下单规格不在选择范围，请按比例选择运费补拍。定点名称及明细说明: 紫薇楼 （女生小卖部、 J 楼、橙宣居T 、橙宣居T1、金桂园），蓝楹楼 （F楼、橙宣居T2），男生北门岗（ G P绿杨、 Y黄槐、 M清风阁、B 碧波、Q书新）,是,2025-10-25 05:22:10
6042052,芝味鲜.蒸焗饭（食堂二楼）,广东省广州市从化区广从南路548号广州软件学院食堂二楼,13570707081,餐饮行业,"16:30-18:20, 10:30-12:20",否,https://img.pospal.cn/storeLogo/6042052/ebd7443a539343959eade45bded51a36.jpg,0,0,0,656543749237382484,原盅炖汤（品种随机）,炖汤供应,5.5,5.5,-1.0,是,https://img.pospal.cn/productImages/0/default/food_200x200.png,2609221027117,,否,2026-09-22 10:28:19
6042052,芝味鲜.蒸焗饭（食堂二楼）,广东省广州市从化区广从南路548号广州软件学院食堂二楼,13570707081,餐饮行业,"16:30-18:20, 10:30-12:20",否,https://img.pospal.cn/storeLogo/6042052/ebd7443a539343959eade45bded51a36.jpg,0,0,0,555303028300084624,五常大米蒸饭双拼套餐,蒸饭类,12.8,12.8,895.0,否,https://img.pospal.cn/productImages/0/default/food_200x200.png,2609221026172,配蒜蓉时蔬1份,否,2026-09-22 10:27:05
4598580,小街胡同牛杂面（食堂二楼）,广东省广州市广州软件学院新食堂二楼,13874143059,餐饮行业,"15:30-20:10, 08:30-14:30",是,https://img.pospal.cn/storeLogo/4598580/bf39d50336194420b25642bd1930dca4.jpg,0,0,0,792759179129539640,油泼面,拌面,9.0,9.0,9896.0,否,https://img.pospal.cn/productImages/4598580/caec7b61-28d3-41a6-bfcb-afbb929710cd_200x200.jpg,2604022315531,,否,2026-04-02 23:16:17
4598580,小街胡同牛杂面（食堂二楼）,广东省广州市广州软件学院新食堂二楼,13874143059,餐饮行业,"15:30-20:10, 08:30-14:30",是,https://img.pospal.cn/storeLogo/4598580/bf39d50336194420b25642bd1930dca4.jpg,0,0,0,47904466707944565,火鸡拌面,拌面,9.0,9.0,9851.0,否,https://img.pospal.cn/productImages/4598580/be556ca6-4f41-4ee7-940e-28ea007966e9_200x200.jpg,2604022314312,,否,2026-04-02 23:15:17
4598580,小街胡同牛杂面（食堂二楼）,广东省广州市广州软件学院新食堂二楼,13874143059,餐饮行业,"15:30-20:10, 08:30-14:30",是,https://img.pospal.cn/storeLogo/4598580/bf39d50336194420b25642bd1930dca4.jpg,0,0,0,860180319574656620,麻酱拌面,拌面,10.0,10.0,9852.0,否,https://img.pospal.cn/productImages/4598580/2b27eb5c-05bd-4a51-8864-39f3dcd29a3a_200x200.jpg,2604022313452,,否,2026-04-02 23:14:28
4598580,小街胡同牛杂面（食堂二楼）,广东省广州市广州软件学院新食堂二楼,13874143059,餐饮行业,"15:30-20:10, 08:30-14:30",是,https://img.pospal.cn/storeLogo/4598580/bf39d50336194420b25642bd1930dca4.jpg,0,0,0,16189406823844007,麻辣拌面,拌面,10.0,10.0,9983.0,否,https://img.pospal.cn/productImages/4598580/d4ff8905-a0c5-4964-82cc-0e004f7b9283_200x200.jpg,2604022312547,,否,2026-04-02 23:13:42
4598580,小街胡同牛杂面（食堂二楼）,广东省广州市广州软件学院新食堂二楼,13874143059,餐饮行业,"15:30-20:10, 08:30-14:30",是,https://img.pospal.cn/storeLogo/4598580/bf39d50336194420b25642bd1930dca4.jpg,0,0,0,1066494484323688099,肉沫酸豆角拌面,拌面,10.0,10.0,9897.0,否,https://img.pospal.cn/productImages/4598580/988af96d-15e1-4820-a595-64a119d268c3_200x200.jpg,2604022312011,,否,2026-04-02 23:12:51
4598580,小街胡同牛杂面（食堂二楼）,广东省广州市广州软件学院新食堂二楼,13874143059,餐饮行业,"15:30-20:10, 08:30-14:30",是,https://img.pospal.cn/storeLogo/4598580/bf39d50336194420b25642bd1930dca4.jpg,0,0,0,119077586145090500,肉沫炸酱面,拌面,11.0,11.0,9764.0,否,https://img.pospal.cn/productImages/4598580/00c95ffc-badc-436b-9087-22d61857612c_200x200.jpg,2604022257558,,否,2026-04-02 22:58:41
4598580,小街胡同牛杂面（食堂二楼）,广东省广州市广州软件学院新食堂二楼,13874143059,餐饮行业,"15:30-20:10, 08:30-14:30",是,https://img.pospal.cn/storeLogo/4598580/bf39d50336194420b25642bd1930dca4.jpg,0,0,0,469153531985061695,孜然肉片拌面,拌面,11.0,11.0,9757.0,否,https://img.pospal.cn/productImages/4598580/274658f3-5785-4b23-b3ca-f46d22ff221f_200x200.jpg,2604022300384,,否,2026-04-02 23:01:33
4598580,小街胡同牛杂面（食堂二楼）,广东省广州市广州软件学院新食堂二楼,13874143059,餐饮行业,"15:30-20:10, 08:30-14:30",是,https://img.pospal.cn/storeLogo/4598580/bf39d50336194420b25642bd1930dca4.jpg,0,0,0,291010732520662462,肉沫鲜椒拌面,拌面,11.0,11.0,9893.0,否,https://img.pospal.cn/productImages/4598580/1b920c10-4a2b-4473-877e-781320d8315b_200x200.jpg,2604022304283,,否,2026-04-02 23:06:32
4598580,小街胡同牛杂面（食堂二楼）,广东省广州市广州软件学院新食堂二楼,13874143059,餐饮行业,"15:30-20:10, 08:30-14:30",是,https://img.pospal.cn/storeLogo/4598580/bf39d50336194420b25642bd1930dca4.jpg,0,0,0,343828166497640912,麻酱鸡丝拌面,拌面,12.0,12.0,9679.0,否,https://img.pospal.cn/productImages/4598580/6aaaf48f-bd6a-4ebf-b787-16c0e0bbd69f_200x200.jpg,2604022258449,,否,2026-04-02 22:59:30
4598580,小街胡同牛杂面（食堂二楼）,广东省广州市广州软件学院新食堂二楼,13874143059,餐饮行业,"15:30-20:10, 08:30-14:30",是,https://img.pospal.cn/storeLogo/4598580/bf39d50336194420b25642bd1930dca4.jpg,0,0,0,12448322612469565,小街辣肉拌面,拌面,12.0,12.0,9931.0,否,https://img.pospal.cn/productImages/4598580/e3c18836-1914-4d43-bfdd-a5964370f15f_200x200.jpg,2604022259446,,否,2026-04-02 23:00:36
4598580,小街胡同牛杂面（食堂二楼）,广东省广州市广州软件学院新食堂二楼,13874143059,餐饮行业,"15:30-20:10, 08:30-14:30",是,https://img.pospal.cn/storeLogo/4598580/bf39d50336194420b25642bd1930dca4.jpg,0,0,0,5646284942600638,麻辣鸡丝拌面,拌面,12.0,12.0,9912.0,否,https://img.pospal.cn/productImages/4598580/76ededb0-6394-432b-a0c6-d2455d2418a7_200x200.jpg,2604022302456,,否,2026-04-02 23:03:40
4598580,小街胡同牛杂面（食堂二楼）,广东省广州市广州软件学院新食堂二楼,13874143059,餐饮行业,"15:30-20:10, 08:30-14:30",是,https://img.pospal.cn/storeLogo/4598580/bf39d50336194420b25642bd1930dca4.jpg,0,0,0,1148981779344061164,番茄鸡蛋打卤面,拌面,12.0,12.0,9838.0,否,https://img.pospal.cn/productImages/4598580/0a9c9970-b095-4cc2-a89c-0defe16112eb_200x200.jpg,2604022311021,,否,2026-04-02 23:11:57
4598580,小街胡同牛杂面（食堂二楼）,广东省广州市广州软件学院新食堂二楼,13874143059,餐饮行业,"15:30-20:10, 08:30-14:30",是,https://img.pospal.cn/storeLogo/4598580/bf39d50336194420b25642bd1930dca4.jpg,0,0,0,155919422218146827,麻辣肉酱拌面,拌面,13.0,13.0,9950.0,否,https://img.pospal.cn/productImages/4598580/6389f537-ebc2-4a74-9df0-90caf2e432a3_200x200.jpg,2604022303439,,否,2026-04-02 23:04:25
4598580,小街胡同牛杂面（食堂二楼）,广东省广州市广州软件学院新食堂二楼,13874143059,餐饮行业,"15:30-20:10, 08:30-14:30",是,https://img.pospal.cn/storeLogo/4598580/bf39d50336194420b25642bd1930dca4.jpg,0,0,0,956784872733212647,辣子鸡拌面,拌面,13.0,13.0,9964.0,否,https://img.pospal.cn/productImages/4598580/8f77eab3-b705-4391-a4a5-253403899fb3_200x200.jpg,2604022309349,,否,2026-04-02 23:10:10
4598580,小街胡同牛杂面（食堂二楼）,广东省广州市广州软件学院新食堂二楼,13874143059,餐饮行业,"15:30-20:10, 08:30-14:30",是,https://img.pospal.cn/storeLogo/4598580/bf39d50336194420b25642bd1930dca4.jpg,0,0,0,860167298999923167,小街鸡腿拌面,拌面,15.0,15.0,9963.0,否,https://img.pospal.cn/productImages/4598580/16055077-d65f-482b-9ed6-bf00fced2c92_200x200.jpg,2604022310130,,否,2026-04-02 23:11:00
4598580,小街胡同牛杂面（食堂二楼）,广东省广州市广州软件学院新食堂二楼,13874143059,餐饮行业,"15:30-20:10, 08:30-14:30",是,https://img.pospal.cn/storeLogo/4598580/bf39d50336194420b25642bd1930dca4.jpg,0,0,0,188319740117934760,麻辣肉沫拌面,拌面,12.0,12.0,9983.0,否,https://img.pospal.cn/productImages/4598580/8438fc37-c4e4-4d98-a1f3-f9bf275ac3a0_200x200.jpg,2606181114062,,否,2026-06-18 11:15:46
4598580,小街胡同牛杂面（食堂二楼）,广东省广州市广州软件学院新食堂二楼,13874143059,餐饮行业,"15:30-20:10, 08:30-14:30",是,https://img.pospal.cn/storeLogo/4598580/bf39d50336194420b25642bd1930dca4.jpg,0,0,0,200854605974000844,麻辣鸡丝拌面,拌面,12.0,12.0,9982.0,否,https://img.pospal.cn/productImages/4598580/b03604d8-4c41-45a3-b54d-8a9f95ddd611_200x200.jpg,2606181116172,,否,2026-06-18 11:17:06
4598580,小街胡同牛杂面（食堂二楼）,广东省广州市广州软件学院新食堂二楼,13874143059,餐饮行业,"15:30-20:10, 08:30-14:30",是,https://img.pospal.cn/storeLogo/4598580/bf39d50336194420b25642bd1930dca4.jpg,0,0,0,98127725893059158,麻辣拌面,拌面,10.0,10.0,9997.0,否,https://img.pospal.cn/productImages/4598580/4f3f3e2d-1e68-4f31-8187-85dd83044ad8_200x200.jpg,2606181117216,,否,2026-06-18 11:18:17
4598580,小街胡同牛杂面（食堂二楼）,广东省广州市广州软件学院新食堂二楼,13874143059,餐饮行业,"15:30-20:10, 08:30-14:30",是,https://img.pospal.cn/storeLogo/4598580/bf39d50336194420b25642bd1930dca4.jpg,0,0,0,940302600030585809,麻酱肉沫拌面,拌面,12.0,12.0,9975.0,否,https://img.pospal.cn/productImages/4598580/2c58b6bb-8fe6-4539-8fbd-e5849b156f16_200x200.jpg,2608251401591,,否,2026-08-25 14:02:51
4598580,小街胡同牛杂面（食堂二楼）,广东省广州市广州软件学院新食堂二楼,13874143059,餐饮行业,"15:30-20:10, 08:30-14:30",是,https://img.pospal.cn/storeLogo/4598580/bf39d50336194420b25642bd1930dca4.jpg,0,0,0,171979811443917152,素椒肉丝拌面,拌面,11.0,11.0,0.0,是,https://img.pospal.cn/productImages/4598580/3784b055-629a-4955-8457-4c2636a691d4_200x200.jpg,2071536282534,,否,2026-04-23 10:59:48
4598580,小街胡同牛杂面（食堂二楼）,广东省广州市广州软件学院新食堂二楼,13874143059,餐饮行业,"15:30-20:10, 08:30-14:30",是,https://img.pospal.cn/storeLogo/4598580/bf39d50336194420b25642bd1930dca4.jpg,0,0,0,375511339239353801,兰花干,卤味,2.0,2.0,9806.0,否,https://img.pospal.cn/productImages/4598580/eb909dae-a35a-47ce-a0fb-5650e429298d_200x200.jpg,2604022316255,,否,2026-04-02 23:16:42
4598580,小街胡同牛杂面（食堂二楼）,广东省广州市广州软件学院新食堂二楼,13874143059,餐饮行业,"15:30-20:10, 08:30-14:30",是,https://img.pospal.cn/storeLogo/4598580/bf39d50336194420b25642bd1930dca4.jpg,0,0,0,629426132321105859,卤蛋,卤味,2.0,2.0,9480.0,否,https://img.pospal.cn/productImages/4598580/ea2b6971-f330-478f-9527-8e2bdb464717_200x200.jpg,2604022317054,,否,2026-04-02 23:17:23
4598580,小街胡同牛杂面（食堂二楼）,广东省广州市广州软件学院新食堂二楼,13874143059,餐饮行业,"15:30-20:10, 08:30-14:30",是,https://img.pospal.cn/storeLogo/4598580/bf39d50336194420b25642bd1930dca4.jpg,0,0,0,206999643889434754,烤肉肠,卤味,3.5,3.5,9720.0,否,https://img.pospal.cn/productImages/4598580/e3dd3be1-a404-472f-88b2-45a0db45e693_200x200.jpg,2604022316453,,否,2026-04-02 23:17:03
4598580,小街胡同牛杂面（食堂二楼）,广东省广州市广州软件学院新食堂二楼,13874143059,餐饮行业,"15:30-20:10, 08:30-14:30",是,https://img.pospal.cn/storeLogo/4598580/bf39d50336194420b25642bd1930dca4.jpg,0,0,0,1027052495571814874,卤鸡腿,卤味,4.0,4.0,9984.0,否,https://img.pospal.cn/productImages/4598580/68cfd43c-9d94-4b74-9bf5-6d20f56965bb_200x200.jpg,2609161556173,,否,2026-09-16 15:56:59
4598580,小街胡同牛杂面（食堂二楼）,广东省广州市广州软件学院新食堂二楼,13874143059,餐饮行业,"15:30-20:10, 08:30-14:30",是,https://img.pospal.cn/storeLogo/4598580/bf39d50336194420b25642bd1930dca4.jpg,0,0,0,611479446082965647,煎蛋,卤味,2.0,2.0,9978.0,否,https://img.pospal.cn/productImages/4598580/005881be-13ee-47b5-8de3-cbd4168f5297_200x200.jpg,2609161557484,,否,2026-09-16 15:59:14
4598580,小街胡同牛杂面（食堂二楼）,广东省广州市广州软件学院新食堂二楼,13874143059,餐饮行业,"15:30-20:10, 08:30-14:30",是,https://img.pospal.cn/storeLogo/4598580/bf39d50336194420b25642bd1930dca4.jpg,0,0,0,145626796167207613,蔬菜汤面,汤面,9.0,9.0,9861.0,否,https://img.pospal.cn/productImages/4598580/6112c014-33ab-46da-a7ff-45fb9a94b7db_200x200.jpg,2604022257251,,否,2026-04-02 22:57:51
4598580,小街胡同牛杂面（食堂二楼）,广东省广州市广州软件学院新食堂二楼,13874143059,餐饮行业,"15:30-20:10, 08:30-14:30",是,https://img.pospal.cn/storeLogo/4598580/bf39d50336194420b25642bd1930dca4.jpg,0,0,0,1010444291906613436,肉沫酸豆角汤面,汤面,11.0,11.0,9799.0,否,https://img.pospal.cn/productImages/4598580/cc07ef72-10f7-4fd3-a906-18a3d95eb77e_200x200.jpg,2604022255493,,否,2026-04-02 22:56:23
4598580,小街胡同牛杂面（食堂二楼）,广东省广州市广州软件学院新食堂二楼,13874143059,餐饮行业,"15:30-20:10, 08:30-14:30",是,https://img.pospal.cn/storeLogo/4598580/bf39d50336194420b25642bd1930dca4.jpg,0,0,0,231568691370494175,肉沫汤面,汤面,11.0,11.0,9761.0,否,https://img.pospal.cn/productImages/4598580/7ced3f7a-bef0-4f02-9619-544911b47b12_200x200.jpg,2604022252034,,否,2026-04-02 22:53:03
4598580,小街胡同牛杂面（食堂二楼）,广东省广州市广州软件学院新食堂二楼,13874143059,餐饮行业,"15:30-20:10, 08:30-14:30",是,https://img.pospal.cn/storeLogo/4598580/bf39d50336194420b25642bd1930dca4.jpg,0,0,0,51001792772679098,孜然肉片汤面,汤面,11.0,11.0,9002.0,否,https://img.pospal.cn/productImages/4598580/b1686820-c737-4d75-8b72-0d98311ee19f_200x200.jpg,2604022246125,,否,2026-04-02 22:46:41
4598580,小街胡同牛杂面（食堂二楼）,广东省广州市广州软件学院新食堂二楼,13874143059,餐饮行业,"15:30-20:10, 08:30-14:30",是,https://img.pospal.cn/storeLogo/4598580/bf39d50336194420b25642bd1930dca4.jpg,0,0,0,724702700018196510,辣肉汤面,汤面,12.0,12.0,9792.0,否,https://img.pospal.cn/productImages/4598580/2a650617-cc90-4a2f-800e-4f5ec0bc31bb_200x200.jpg,2604022247054,,否,2026-04-02 22:47:29
4598580,小街胡同牛杂面（食堂二楼）,广东省广州市广州软件学院新食堂二楼,13874143059,餐饮行业,"15:30-20:10, 08:30-14:30",是,https://img.pospal.cn/storeLogo/4598580/bf39d50336194420b25642bd1930dca4.jpg,0,0,0,1077600915175612408,鸡丝汤面,汤面,12.0,12.0,9764.0,否,https://img.pospal.cn/productImages/4598580/91e65134-b89d-423e-85ff-fe6093a2a143_200x200.jpg,2604022247597,,否,2026-04-02 22:48:27
4598580,小街胡同牛杂面（食堂二楼）,广东省广州市广州软件学院新食堂二楼,13874143059,餐饮行业,"15:30-20:10, 08:30-14:30",是,https://img.pospal.cn/storeLogo/4598580/bf39d50336194420b25642bd1930dca4.jpg,0,0,0,1140069437618785453,小街牛杂面,汤面,13.0,13.0,8840.0,否,https://img.pospal.cn/productImages/4598580/134042b6-6806-4142-a17c-7a1cf460495d_200x200.jpg,2604022244411,,否,2026-04-02 22:45:34
4598580,小街胡同牛杂面（食堂二楼）,广东省广州市广州软件学院新食堂二楼,13874143059,餐饮行业,"15:30-20:10, 08:30-14:30",是,https://img.pospal.cn/storeLogo/4598580/bf39d50336194420b25642bd1930dca4.jpg,0,0,0,947914920834064355,辣子鸡汤面,汤面,13.0,13.0,9917.0,否,https://img.pospal.cn/productImages/4598580/deeaf3e7-c3a0-4932-bafc-79306f940410_200x200.jpg,2604022253062,,否,2026-04-02 22:53:52
4598580,小街胡同牛杂面（食堂二楼）,广东省广州市广州软件学院新食堂二楼,13874143059,餐饮行业,"15:30-20:10, 08:30-14:30",是,https://img.pospal.cn/storeLogo/4598580/bf39d50336194420b25642bd1930dca4.jpg,0,0,0,707508671225583164,牛肉汤面,汤面,15.0,15.0,9690.0,否,https://img.pospal.cn/productImages/4598580/f2cc186c-ce27-4cd4-9b41-7f118f6c49cb_200x200.jpg,2604022249249,,否,2026-04-02 22:49:57
4598580,小街胡同牛杂面（食堂二楼）,广东省广州市广州软件学院新食堂二楼,13874143059,餐饮行业,"15:30-20:10, 08:30-14:30",是,https://img.pospal.cn/storeLogo/4598580/bf39d50336194420b25642bd1930dca4.jpg,0,0,0,190719654917612078,鸡腿汤面,汤面,15.0,15.0,9904.0,否,https://img.pospal.cn/productImages/4598580/dc2f402e-ff17-4d23-8a5d-5782c16a6a5d_200x200.jpg,2604022253567,,否,2026-04-02 22:54:37
4598580,小街胡同牛杂面（食堂二楼）,广东省广州市广州软件学院新食堂二楼,13874143059,餐饮行业,"15:30-20:10, 08:30-14:30",是,https://img.pospal.cn/storeLogo/4598580/bf39d50336194420b25642bd1930dca4.jpg,0,0,0,931071292231103369,牛肚汤面,汤面,15.0,15.0,9852.0,否,https://img.pospal.cn/productImages/4598580/9ca7670c-54d7-4719-8308-c481f325a9bd_200x200.jpg,2604022254403,,否,2026-04-02 22:55:28
4598580,小街胡同牛杂面（食堂二楼）,广东省广州市广州软件学院新食堂二楼,13874143059,餐饮行业,"15:30-20:10, 08:30-14:30",是,https://img.pospal.cn/storeLogo/4598580/bf39d50336194420b25642bd1930dca4.jpg,0,0,0,503388762171139839,肉沫酸辣汤面,汤面,11.0,11.0,9970.0,否,https://img.pospal.cn/productImages/4598580/32dbf82c-3447-4c5d-ab77-c52f70c1f841_200x200.jpg,2608251403076,,否,2026-08-25 14:03:48
4598580,小街胡同牛杂面（食堂二楼）,广东省广州市广州软件学院新食堂二楼,13874143059,餐饮行业,"15:30-20:10, 08:30-14:30",是,https://img.pospal.cn/storeLogo/4598580/bf39d50336194420b25642bd1930dca4.jpg,0,0,0,355191826275275914,素椒肉丝汤面,汤面,12.0,12.0,0.0,是,https://img.pospal.cn/productImages/4598580/26a3d485-b97f-47bc-9b3a-9263020f62f3_200x200.jpg,2026792981493,,否,2026-04-23 10:18:24
6042065,米坐辣番茄火锅米线（食堂二楼）,广东省广州市从化区广从南路548号广州软件学院,13926134000,餐饮行业,00:00-23:59,是,https://img.pospal.cn/storeLogo/6042065/f2b46830856d42c689bfb40954de57ee.png,2.0,10.0,0.52,806720163348361779,骨汤香辣牛杂米线(今日特价),人气必吃榜,9.9,9.9,40.0,否,https://img.pospal.cn/productImages/0/default/food_200x200.png,2605222242160,,否,2026-05-22 22:42:47
6042065,米坐辣番茄火锅米线（食堂二楼）,广东省广州市从化区广从南路548号广州软件学院,13926134000,餐饮行业,00:00-23:59,是,https://img.pospal.cn/storeLogo/6042065/f2b46830856d42c689bfb40954de57ee.png,2.0,10.0,0.52,213675769027481277,豪华肥牛米线(今日送荷包蛋),人气必吃榜,16.8,16.8,977.0,否,https://img.pospal.cn/productImages/0/default/food_200x200.png,2605222242511,,否,2026-05-22 22:43:37
6042065,米坐辣番茄火锅米线（食堂二楼）,广东省广州市从化区广从南路548号广州软件学院,13926134000,餐饮行业,00:00-23:59,是,https://img.pospal.cn/storeLogo/6042065/f2b46830856d42c689bfb40954de57ee.png,2.0,10.0,0.52,927834694670977627,爽滑瘦肉米线(今天送荷包蛋),人气必吃榜,13.0,13.0,971.0,否,https://img.pospal.cn/productImages/0/default/food_200x200.png,2606091041472,,是,2026-06-09 10:43:58
6042065,米坐辣番茄火锅米线（食堂二楼）,广东省广州市从化区广从南路548号广州软件学院,13926134000,餐饮行业,00:00-23:59,是,https://img.pospal.cn/storeLogo/6042065/f2b46830856d42c689bfb40954de57ee.png,2.0,10.0,0.52,645909020785699095,香菇贡丸米线,人气必吃榜,15.8,15.8,998.0,否,https://img.pospal.cn/productImages/0/default/food_200x200.png,2605222241279,,否,2026-05-22 22:42:11
6042065,米坐辣番茄火锅米线（食堂二楼）,广东省广州市从化区广从南路548号广州软件学院,13926134000,餐饮行业,00:00-23:59,是,https://img.pospal.cn/storeLogo/6042065/f2b46830856d42c689bfb40954de57ee.png,2.0,10.0,0.52,998907269125695197,番茄浓汤米线(今天送荷包蛋),标配四荤四素米线,13.0,13.0,715.0,否,https://img.pospal.cn/productImages/6042065/e84762c3-16f1-4576-b090-8eab619beca9_200x200.png,2605222220557,,否,2026-05-22 22:21:46
6042065,米坐辣番茄火锅米线（食堂二楼）,广东省广州市从化区广从南路548号广州软件学院,13926134000,餐饮行业,00:00-23:59,是,https://img.pospal.cn/storeLogo/6042065/f2b46830856d42c689bfb40954de57ee.png,2.0,10.0,0.52,290478725723820099,鲜椒金汤米线(今天送荷包蛋),标配四荤四素米线,13.0,13.0,884.0,否,https://img.pospal.cn/productImages/6042065/3ed189f9-e288-40c2-aaa7-022d1d07085d_200x200.png,2605222222049,,否,2026-05-22 22:22:25
6042065,米坐辣番茄火锅米线（食堂二楼）,广东省广州市从化区广从南路548号广州软件学院,13926134000,餐饮行业,00:00-23:59,是,https://img.pospal.cn/storeLogo/6042065/f2b46830856d42c689bfb40954de57ee.png,2.0,10.0,0.52,700562820046428493,重庆麻辣米线(今天送荷包蛋),标配四荤四素米线,13.0,13.0,966.0,否,https://img.pospal.cn/productImages/6042065/8af4fbe1-2a1f-4696-ac4c-46c570c6500b_200x200.png,2605222222285,,否,2026-05-22 22:23:09
6042065,米坐辣番茄火锅米线（食堂二楼）,广东省广州市从化区广从南路548号广州软件学院,13926134000,餐饮行业,00:00-23:59,是,https://img.pospal.cn/storeLogo/6042065/f2b46830856d42c689bfb40954de57ee.png,2.0,10.0,0.52,310815685284967224,仙麻藤椒米线(今天送荷包蛋),标配四荤四素米线,13.0,13.0,970.0,否,https://img.pospal.cn/productImages/6042065/52af7eb8-6a49-456c-90ee-3fb774c07597_200x200.png,2605222223138,,否,2026-05-22 22:23:52
6042065,米坐辣番茄火锅米线（食堂二楼）,广东省广州市从化区广从南路548号广州软件学院,13926134000,餐饮行业,00:00-23:59,是,https://img.pospal.cn/storeLogo/6042065/f2b46830856d42c689bfb40954de57ee.png,2.0,10.0,0.52,910637227501265004,老坛酸菜米线(今天送荷包蛋),标配四荤四素米线,13.0,13.0,925.0,否,https://img.pospal.cn/productImages/6042065/4b4491ab-772c-4ae6-ba0e-f9723727b4ce_200x200.png,2605222223541,,否,2026-05-22 22:24:36
6042065,米坐辣番茄火锅米线（食堂二楼）,广东省广州市从化区广从南路548号广州软件学院,13926134000,餐饮行业,00:00-23:59,是,https://img.pospal.cn/storeLogo/6042065/f2b46830856d42c689bfb40954de57ee.png,2.0,10.0,0.52,820976545454866420,辣番茄米线(今天送荷包蛋),标配四荤四素米线,13.0,13.0,932.0,否,https://img.pospal.cn/productImages/6042065/4af4b20e-909f-4a31-97a8-dce68b757f55_200x200.jpg,2853130196857,,否,2026-09-04 17:31:56
6042065,米坐辣番茄火锅米线（食堂二楼）,广东省广州市从化区广从南路548号广州软件学院,13926134000,餐饮行业,00:00-23:59,是,https://img.pospal.cn/storeLogo/6042065/f2b46830856d42c689bfb40954de57ee.png,2.0,10.0,0.52,99912763930594220,素菜米线(五素)(今天送荷包蛋),米线,11.0,11.0,986.0,否,https://img.pospal.cn/productImages/6042065/804c52f1-d941-4cee-8737-eac4f1a96597_200x200.png,2605222219469,,否,2026-05-22 22:20:41
6042065,米坐辣番茄火锅米线（食堂二楼）,广东省广州市从化区广从南路548号广州软件学院,13926134000,餐饮行业,00:00-23:59,是,https://img.pospal.cn/storeLogo/6042065/f2b46830856d42c689bfb40954de57ee.png,2.0,10.0,0.52,463071534124308654,炸酱肉米线,米线,13.0,13.0,998.0,否,https://img.pospal.cn/productImages/0/default/food_200x200.png,2606181055211,,是,2026-06-18 10:57:22
6042065,米坐辣番茄火锅米线（食堂二楼）,广东省广州市从化区广从南路548号广州软件学院,13926134000,餐饮行业,00:00-23:59,是,https://img.pospal.cn/storeLogo/6042065/f2b46830856d42c689bfb40954de57ee.png,2.0,10.0,0.52,146944678811833021,麻酱火鸡拌粉,米线,9.0,9.0,0.0,是,https://img.pospal.cn/productImages/6042065/caa43a74-33d1-4732-8527-211506b8a148_200x200.png,2605222240050,,否,2026-05-22 22:40:54
4704336,悦轻荷（食堂二楼）,广东省广州市广软学院餐饮中心二楼,18927554054,餐饮行业,"15:30-19:30, 10:20-14:30",是,https://img.pospal.cn/storeLogo/4704336/88cef312f2364777ae0635721ca72a76.jpg,0,0,0,724812703009572781,墨西哥三明治,三明治系列,8.0,8.0,0.0,是,https://img.pospal.cn/productImages/4704336/90446bc4-2049-432a-ac41-7d32d1b884e1_200x200.jpg,2608262052140,,否,2026-08-26 20:52:33
4704336,悦轻荷（食堂二楼）,广东省广州市广软学院餐饮中心二楼,18927554054,餐饮行业,"15:30-19:30, 10:20-14:30",是,https://img.pospal.cn/storeLogo/4704336/88cef312f2364777ae0635721ca72a76.jpg,0,0,0,1137272757248313415,马尔代夫三明治,三明治系列,8.0,8.0,0.0,是,https://img.pospal.cn/productImages/4704336/ce4eec00-96e0-4433-9617-d74358bd879f_200x200.jpg,2608262052560,,否,2026-08-26 20:53:09
4704336,悦轻荷（食堂二楼）,广东省广州市广软学院餐饮中心二楼,18927554054,餐饮行业,"15:30-19:30, 10:20-14:30",是,https://img.pospal.cn/storeLogo/4704336/88cef312f2364777ae0635721ca72a76.jpg,0,0,0,632662693088046720,香煎鸡排意面,意面套餐,12.8,12.8,78.0,否,https://img.pospal.cn/productImages/4704336/7957ed5f-9955-4a5f-89d5-258bea912df3_200x200.jpg,2604030006308,,否,2026-04-03 00:07:26
4704336,悦轻荷（食堂二楼）,广东省广州市广软学院餐饮中心二楼,18927554054,餐饮行业,"15:30-19:30, 10:20-14:30",是,https://img.pospal.cn/storeLogo/4704336/88cef312f2364777ae0635721ca72a76.jpg,0,0,0,172514655380625037,烟熏鸡腿意面,意面套餐,13.8,13.8,97.0,否,https://img.pospal.cn/productImages/4704336/79caa135-d74d-424b-a06b-8229f692c6ce_200x200.png,2604030007299,,否,2026-04-03 00:08:19
4704336,悦轻荷（食堂二楼）,广东省广州市广软学院餐饮中心二楼,18927554054,餐饮行业,"15:30-19:30, 10:20-14:30",是,https://img.pospal.cn/storeLogo/4704336/88cef312f2364777ae0635721ca72a76.jpg,0,0,0,358546747623277588,奥尔良鸡腿意面,意面套餐,13.8,13.8,96.0,否,https://img.pospal.cn/productImages/4704336/aad0a65d-b9a4-413d-b817-e0438a915ec8_200x200.jpg,2604030001341,,否,2026-04-03 00:01:57
4704336,悦轻荷（食堂二楼）,广东省广州市广软学院餐饮中心二楼,18927554054,餐饮行业,"15:30-19:30, 10:20-14:30",是,https://img.pospal.cn/storeLogo/4704336/88cef312f2364777ae0635721ca72a76.jpg,0,0,0,1038165425945520323,照烧鸡腿意面,意面套餐,13.8,13.8,96.0,否,https://img.pospal.cn/productImages/4704336/e5b6486a-a6ed-4a4b-8311-9547a58a191e_200x200.jpg,2604030008494,,否,2026-04-03 00:09:19
4704336,悦轻荷（食堂二楼）,广东省广州市广软学院餐饮中心二楼,18927554054,餐饮行业,"15:30-19:30, 10:20-14:30",是,https://img.pospal.cn/storeLogo/4704336/88cef312f2364777ae0635721ca72a76.jpg,0,0,0,32837130902005413,蒲烧鳗鱼意面,意面套餐,17.8,17.8,79.0,否,https://img.pospal.cn/productImages/4704336/e8b8a27c-e388-4a7a-bcc4-c189e1c7a49a_200x200.jpg,2608262106126,,否,2026-08-26 21:06:30
4704336,悦轻荷（食堂二楼）,广东省广州市广软学院餐饮中心二楼,18927554054,餐饮行业,"15:30-19:30, 10:20-14:30",是,https://img.pospal.cn/storeLogo/4704336/88cef312f2364777ae0635721ca72a76.jpg,0,0,0,929535061637627240,椒麻鸡丝意面,意面套餐,13.8,13.8,99.0,否,https://img.pospal.cn/productImages/4704336/4e63f168-4486-4b2c-94c8-154108f88c38_200x200.jpg,2608262106553,,否,2026-08-26 21:07:13
4704336,悦轻荷（食堂二楼）,广东省广州市广软学院餐饮中心二楼,18927554054,餐饮行业,"15:30-19:30, 10:20-14:30",是,https://img.pospal.cn/storeLogo/4704336/88cef312f2364777ae0635721ca72a76.jpg,0,0,0,90044440185789772,黑椒鸡胸意面,意面套餐,12.8,12.8,97.0,否,https://img.pospal.cn/productImages/4704336/089ec362-7247-4eda-a538-5be27b4908e1_200x200.jpg,2608262107505,,否,2026-08-26 21:08:09
4704336,悦轻荷（食堂二楼）,广东省广州市广软学院餐饮中心二楼,18927554054,餐饮行业,"15:30-19:30, 10:20-14:30",是,https://img.pospal.cn/storeLogo/4704336/88cef312f2364777ae0635721ca72a76.jpg,0,0,0,527766602072320957,金枪鱼泥意面,意面套餐,15.8,15.8,82.0,否,https://img.pospal.cn/productImages/4704336/8af46575-e3cb-4acd-aa99-4b7378887535_200x200.jpg,2608262109189,,否,2026-08-26 21:09:36
4704336,悦轻荷（食堂二楼）,广东省广州市广软学院餐饮中心二楼,18927554054,餐饮行业,"15:30-19:30, 10:20-14:30",是,https://img.pospal.cn/storeLogo/4704336/88cef312f2364777ae0635721ca72a76.jpg,0,0,0,206434697238775299,孜然鸡胸意面,意面套餐,12.8,12.8,99.0,否,https://img.pospal.cn/productImages/4704336/0345e70e-860d-457c-ae81-6f5428933dc6_200x200.jpg,2609072340199,,否,2026-09-07 23:41:19
4704336,悦轻荷（食堂二楼）,广东省广州市广软学院餐饮中心二楼,18927554054,餐饮行业,"15:30-19:30, 10:20-14:30",是,https://img.pospal.cn/storeLogo/4704336/88cef312f2364777ae0635721ca72a76.jpg,0,0,0,1039365614741710363,柠檬鸡块意面,意面套餐,13.8,13.8,0.0,是,https://img.pospal.cn/productImages/4704336/2760873f-b0ec-4b38-ba17-5ef4b7861086_200x200.jpg,2604030005370,,否,2026-04-03 00:06:00
4704336,悦轻荷（食堂二楼）,广东省广州市广软学院餐饮中心二楼,18927554054,餐饮行业,"15:30-19:30, 10:20-14:30",是,https://img.pospal.cn/storeLogo/4704336/88cef312f2364777ae0635721ca72a76.jpg,0,0,0,253078617419909268,黑椒鸡腿意面,意面套餐,13.8,13.8,0.0,是,https://img.pospal.cn/productImages/4704336/523b246c-d183-4367-bb5d-5b7f202fb4fc_200x200.jpg,2608262108120,,否,2026-08-26 21:09:01
4704336,悦轻荷（食堂二楼）,广东省广州市广软学院餐饮中心二楼,18927554054,餐饮行业,"15:30-19:30, 10:20-14:30",是,https://img.pospal.cn/storeLogo/4704336/88cef312f2364777ae0635721ca72a76.jpg,0,0,0,1008183702779615520,墨西哥时蔬鸡胸意面,意面套餐,12.8,12.8,0.0,是,https://img.pospal.cn/productImages/4704336/871cc2f8-b6dc-4630-b507-cd50aecfade7_200x200.jpg,2608262111144,,否,2026-08-26 21:11:40
4704336,悦轻荷（食堂二楼）,广东省广州市广软学院餐饮中心二楼,18927554054,餐饮行业,"15:30-19:30, 10:20-14:30",是,https://img.pospal.cn/storeLogo/4704336/88cef312f2364777ae0635721ca72a76.jpg,0,0,0,575272158590454802,鳗鱼饭团,粗粮主食,5.0,5.0,78.0,否,https://img.pospal.cn/productImages/4704336/234f90b5-c5c2-4d0e-8452-8945dcb68a84_200x200.jpg,2604142211270,,否,2026-04-14 22:13:03
4704336,悦轻荷（食堂二楼）,广东省广州市广软学院餐饮中心二楼,18927554054,餐饮行业,"15:30-19:30, 10:20-14:30",是,https://img.pospal.cn/storeLogo/4704336/88cef312f2364777ae0635721ca72a76.jpg,0,0,0,94798234264390383,金枪鱼泥饭团,粗粮主食,5.0,5.0,0.0,是,https://img.pospal.cn/productImages/4704336/ceb45c9b-8c7c-45e8-be92-f30557ec970d_200x200.jpg,2608262153250,,否,2026-08-26 21:53:38
4704336,悦轻荷（食堂二楼）,广东省广州市广软学院餐饮中心二楼,18927554054,餐饮行业,"15:30-19:30, 10:20-14:30",是,https://img.pospal.cn/storeLogo/4704336/88cef312f2364777ae0635721ca72a76.jpg,0,0,0,958035668966043711,香煎鸡排谷物饭,谷物饭套餐,12.8,12.8,72.0,否,https://img.pospal.cn/productImages/4704336/7369aa83-c177-4a21-974b-3425ed71b8f7_200x200.jpg,2604022356244,,否,2026-04-02 23:56:45
4704336,悦轻荷（食堂二楼）,广东省广州市广软学院餐饮中心二楼,18927554054,餐饮行业,"15:30-19:30, 10:20-14:30",是,https://img.pospal.cn/storeLogo/4704336/88cef312f2364777ae0635721ca72a76.jpg,0,0,0,829238251737450098,奥尔良鸡腿谷物饭,谷物饭套餐,13.8,13.8,87.0,否,https://img.pospal.cn/productImages/4704336/65d87cab-44e3-42e8-ad9b-c758c43a9cfc_200x200.jpg,2604022348577,,否,2026-04-02 23:50:17
4704336,悦轻荷（食堂二楼）,广东省广州市广软学院餐饮中心二楼,18927554054,餐饮行业,"15:30-19:30, 10:20-14:30",是,https://img.pospal.cn/storeLogo/4704336/88cef312f2364777ae0635721ca72a76.jpg,0,0,0,754778436720232389,烟熏鸡腿谷物饭,谷物饭套餐,13.8,13.8,97.0,否,https://img.pospal.cn/productImages/4704336/495d2de8-9431-45ef-97f0-26ae31b760fa_200x200.jpg,2604022357364,,否,2026-04-02 23:58:19
4704336,悦轻荷（食堂二楼）,广东省广州市广软学院餐饮中心二楼,18927554054,餐饮行业,"15:30-19:30, 10:20-14:30",是,https://img.pospal.cn/storeLogo/4704336/88cef312f2364777ae0635721ca72a76.jpg,0,0,0,21324354915605538,照烧鸡腿谷物饭,谷物饭套餐,13.8,13.8,84.0,否,https://img.pospal.cn/productImages/4704336/666e4440-9dc2-4fb8-948b-d3e92f0c5c7f_200x200.jpg,2604022358224,,否,2026-04-03 00:00:40
4704336,悦轻荷（食堂二楼）,广东省广州市广软学院餐饮中心二楼,18927554054,餐饮行业,"15:30-19:30, 10:20-14:30",是,https://img.pospal.cn/storeLogo/4704336/88cef312f2364777ae0635721ca72a76.jpg,0,0,0,838442015784701710,孜然鸡胸谷物饭,谷物饭套餐,12.8,12.8,98.0,否,https://img.pospal.cn/productImages/4704336/91763eca-bd2b-49e6-81d2-17e8c61c0382_200x200.jpg,2608262100537,,否,2026-08-26 21:01:10
4704336,悦轻荷（食堂二楼）,广东省广州市广软学院餐饮中心二楼,18927554054,餐饮行业,"15:30-19:30, 10:20-14:30",是,https://img.pospal.cn/storeLogo/4704336/88cef312f2364777ae0635721ca72a76.jpg,0,0,0,967884623063175740,黑椒鸡胸谷物饭,谷物饭套餐,12.8,12.8,94.0,否,https://img.pospal.cn/productImages/4704336/7b7eeec7-d727-45f4-b29e-ea48f05fb2ec_200x200.jpg,2608262102029,,否,2026-08-26 21:02:27
4704336,悦轻荷（食堂二楼）,广东省广州市广软学院餐饮中心二楼,18927554054,餐饮行业,"15:30-19:30, 10:20-14:30",是,https://img.pospal.cn/storeLogo/4704336/88cef312f2364777ae0635721ca72a76.jpg,0,0,0,808390174369636390,蒲烧鳗鱼谷物饭,谷物饭套餐,17.8,17.8,69.0,否,https://img.pospal.cn/productImages/4704336/a0aa7427-b0bd-4977-a9ad-d0cf51b6cd84_200x200.jpg,2608262104573,,否,2026-08-26 21:05:16
4704336,悦轻荷（食堂二楼）,广东省广州市广软学院餐饮中心二楼,18927554054,餐饮行业,"15:30-19:30, 10:20-14:30",是,https://img.pospal.cn/storeLogo/4704336/88cef312f2364777ae0635721ca72a76.jpg,0,0,0,279775973233607787,椒麻鸡丝谷物饭,谷物饭套餐,13.8,13.8,99.0,否,https://img.pospal.cn/productImages/4704336/41d2f40f-e036-4816-b78e-597d7af13997_200x200.jpg,2608262105365,,否,2026-08-26 21:05:54
4704336,悦轻荷（食堂二楼）,广东省广州市广软学院餐饮中心二楼,18927554054,餐饮行业,"15:30-19:30, 10:20-14:30",是,https://img.pospal.cn/storeLogo/4704336/88cef312f2364777ae0635721ca72a76.jpg,0,0,0,1074216265527483969,金枪鱼泥谷物饭,谷物饭套餐,15.8,15.8,62.0,否,https://img.pospal.cn/productImages/4704336/a6372e57-11d2-45ab-a6fd-21adc39d3c21_200x200.jpg,2608262110345,,否,2026-08-26 21:10:53
4704336,悦轻荷（食堂二楼）,广东省广州市广软学院餐饮中心二楼,18927554054,餐饮行业,"15:30-19:30, 10:20-14:30",是,https://img.pospal.cn/storeLogo/4704336/88cef312f2364777ae0635721ca72a76.jpg,0,0,0,257905638442286132,柠檬鸡块谷物饭,谷物饭套餐,13.8,13.8,0.0,是,https://img.pospal.cn/productImages/4704336/d15d6d6e-bff2-480c-b487-a435bd7396b1_200x200.jpg,2604022355223,,否,2026-04-02 23:55:53
4704336,悦轻荷（食堂二楼）,广东省广州市广软学院餐饮中心二楼,18927554054,餐饮行业,"15:30-19:30, 10:20-14:30",是,https://img.pospal.cn/storeLogo/4704336/88cef312f2364777ae0635721ca72a76.jpg,0,0,0,673526053472283619,黑椒鸡腿谷物饭,谷物饭套餐,13.8,13.8,0.0,是,https://img.pospal.cn/productImages/4704336/85a48677-2e11-4d02-9486-5cdfeb7dfe01_200x200.jpg,2608262104184,,否,2026-08-26 21:04:40
4704336,悦轻荷（食堂二楼）,广东省广州市广软学院餐饮中心二楼,18927554054,餐饮行业,"15:30-19:30, 10:20-14:30",是,https://img.pospal.cn/storeLogo/4704336/88cef312f2364777ae0635721ca72a76.jpg,0,0,0,752664653002768824,黑椒意面,意面,8.8,8.8,99.0,否,https://img.pospal.cn/productImages/4704336/697f8c55-b067-4260-a3a4-f657b745a5c0_200x200.jpg,2609150925249,,是,2026-09-15 09:25:51
4704336,悦轻荷（食堂二楼）,广东省广州市广软学院餐饮中心二楼,18927554054,餐饮行业,"15:30-19:30, 10:20-14:30",是,https://img.pospal.cn/storeLogo/4704336/88cef312f2364777ae0635721ca72a76.jpg,0,0,0,530927252551689500,番茄意面,意面,8.8,8.8,996.0,否,https://img.pospal.cn/productImages/4704336/f0cc7618-0182-41f9-8599-e1fe11ce1fec_200x200.jpg,2609150926130,,是,2026-09-15 09:26:38
4704336,悦轻荷（食堂二楼）,广东省广州市广软学院餐饮中心二楼,18927554054,餐饮行业,"15:30-19:30, 10:20-14:30",是,https://img.pospal.cn/storeLogo/4704336/88cef312f2364777ae0635721ca72a76.jpg,0,0,0,20415982702246666,椒麻鸡丝,优质蛋白,4.5,4.5,99.0,否,https://img.pospal.cn/productImages/4704336/b5926169-cc2e-44c1-9c87-f29803f254f6_200x200.jpg,2605051954166,,否,2026-05-05 19:54:55
4704336,悦轻荷（食堂二楼）,广东省广州市广软学院餐饮中心二楼,18927554054,餐饮行业,"15:30-19:30, 10:20-14:30",是,https://img.pospal.cn/storeLogo/4704336/88cef312f2364777ae0635721ca72a76.jpg,0,0,0,463547022956584237,香煎鸡排,优质蛋白,5.0,5.0,99.0,否,https://img.pospal.cn/productImages/4704336/4e0b1104-0e2c-47ce-a5c6-c324bc6d527f_200x200.jpg,2605051948257,,否,2026-05-05 19:49:04
4704336,悦轻荷（食堂二楼）,广东省广州市广软学院餐饮中心二楼,18927554054,餐饮行业,"15:30-19:30, 10:20-14:30",是,https://img.pospal.cn/storeLogo/4704336/88cef312f2364777ae0635721ca72a76.jpg,0,0,0,360306741570162951,照烧鸡腿肉,优质蛋白,5.0,5.0,99.0,否,https://img.pospal.cn/productImages/4704336/3524058b-ec49-41c1-ae7b-a2237aaf8a68_200x200.jpg,2605051950403,,否,2026-05-05 19:50:57
4704336,悦轻荷（食堂二楼）,广东省广州市广软学院餐饮中心二楼,18927554054,餐饮行业,"15:30-19:30, 10:20-14:30",是,https://img.pospal.cn/storeLogo/4704336/88cef312f2364777ae0635721ca72a76.jpg,0,0,0,270119487164604937,烟熏鸡腿肉,优质蛋白,5.0,5.0,99.0,否,https://img.pospal.cn/productImages/4704336/62a8a7e2-d9bd-4add-96b9-ba47f589da24_200x200.jpg,2605222324194,,否,2026-05-22 23:24:44
4704336,悦轻荷（食堂二楼）,广东省广州市广软学院餐饮中心二楼,18927554054,餐饮行业,"15:30-19:30, 10:20-14:30",是,https://img.pospal.cn/storeLogo/4704336/88cef312f2364777ae0635721ca72a76.jpg,0,0,0,1029647573593922267,孜然鸡胸,优质蛋白,5.0,5.0,99.0,否,https://img.pospal.cn/productImages/4704336/3bb35c1f-2965-4a9b-8727-5cb61a81c648_200x200.jpg,2608262045111,,否,2026-08-26 20:45:37
4704336,悦轻荷（食堂二楼）,广东省广州市广软学院餐饮中心二楼,18927554054,餐饮行业,"15:30-19:30, 10:20-14:30",是,https://img.pospal.cn/storeLogo/4704336/88cef312f2364777ae0635721ca72a76.jpg,0,0,0,414321661291892950,黑椒鸡胸,优质蛋白,5.0,5.0,98.0,否,https://img.pospal.cn/productImages/4704336/45a7088b-0061-4c03-a493-57f707446bd6_200x200.jpg,2608262045548,,否,2026-08-26 20:46:09
4704336,悦轻荷（食堂二楼）,广东省广州市广软学院餐饮中心二楼,18927554054,餐饮行业,"15:30-19:30, 10:20-14:30",是,https://img.pospal.cn/storeLogo/4704336/88cef312f2364777ae0635721ca72a76.jpg,0,0,0,980706367945488629,煎鸡蛋,优质蛋白,2.5,2.5,90.0,否,https://img.pospal.cn/productImages/4704336/b3b3ba56-abcc-491c-bdd6-76fad75149ad_200x200.jpg,2608262054267,,否,2026-08-26 20:54:40
4704336,悦轻荷（食堂二楼）,广东省广州市广软学院餐饮中心二楼,18927554054,餐饮行业,"15:30-19:30, 10:20-14:30",是,https://img.pospal.cn/storeLogo/4704336/88cef312f2364777ae0635721ca72a76.jpg,0,0,0,1079044930006409864,水煮蛋,优质蛋白,2.5,2.5,80.0,否,https://img.pospal.cn/productImages/4704336/6eb7afc7-f9ae-4b60-a606-3c18624064fa_200x200.jpg,2608262055240,,否,2026-08-26 20:55:38
4704336,悦轻荷（食堂二楼）,广东省广州市广软学院餐饮中心二楼,18927554054,餐饮行业,"15:30-19:30, 10:20-14:30",是,https://img.pospal.cn/storeLogo/4704336/88cef312f2364777ae0635721ca72a76.jpg,0,0,0,1143409659693476521,鸡蛋泥,优质蛋白,4.0,4.0,9980.0,否,https://img.pospal.cn/productImages/4704336/ed3c8500-9235-4cdd-a6a2-54bff914baef_200x200.jpg,2608262056278,,否,2026-08-26 20:56:40
4704336,悦轻荷（食堂二楼）,广东省广州市广软学院餐饮中心二楼,18927554054,餐饮行业,"15:30-19:30, 10:20-14:30",是,https://img.pospal.cn/storeLogo/4704336/88cef312f2364777ae0635721ca72a76.jpg,0,0,0,157819261983051883,金枪鱼泥,优质蛋白,5.0,5.0,9982.0,否,https://img.pospal.cn/productImages/4704336/5409950c-9248-44ba-845c-9aab2fdba43d_200x200.jpg,2608262058548,,否,2026-08-26 20:59:17
4704336,悦轻荷（食堂二楼）,广东省广州市广软学院餐饮中心二楼,18927554054,餐饮行业,"15:30-19:30, 10:20-14:30",是,https://img.pospal.cn/storeLogo/4704336/88cef312f2364777ae0635721ca72a76.jpg,0,0,0,208477666656630380,鳗鱼,优质蛋白,6.0,6.0,983.0,否,https://img.pospal.cn/productImages/4704336/1dd7209d-f180-4176-b902-bb6a8144d88d_200x200.jpg,2608262152024,,否,2026-08-26 21:52:23
4704336,悦轻荷（食堂二楼）,广东省广州市广软学院餐饮中心二楼,18927554054,餐饮行业,"15:30-19:30, 10:20-14:30",是,https://img.pospal.cn/storeLogo/4704336/88cef312f2364777ae0635721ca72a76.jpg,0,0,0,148715440905934355,奥尔良鸡腿肉,优质蛋白,5.0,5.0,98.0,否,https://img.pospal.cn/productImages/4704336/3e012e15-4df1-4d6b-9770-455c7f5ed65b_200x200.jpg,2608262155391,,否,2026-08-26 21:55:55
4704336,悦轻荷（食堂二楼）,广东省广州市广软学院餐饮中心二楼,18927554054,餐饮行业,"15:30-19:30, 10:20-14:30",是,https://img.pospal.cn/storeLogo/4704336/88cef312f2364777ae0635721ca72a76.jpg,0,0,0,674253633602819816,照烧鸡腿肉,优质蛋白,5.0,5.0,98.0,否,https://img.pospal.cn/productImages/4704336/512495a5-0883-420f-9156-aaa7f776c4d1_200x200.jpg,2608262157104,,否,2026-08-26 21:57:23
4704336,悦轻荷（食堂二楼）,广东省广州市广软学院餐饮中心二楼,18927554054,餐饮行业,"15:30-19:30, 10:20-14:30",是,https://img.pospal.cn/storeLogo/4704336/88cef312f2364777ae0635721ca72a76.jpg,0,0,0,400837141566496645,柠檬鸡块,优质蛋白,5.0,5.0,0.0,是,https://img.pospal.cn/productImages/4704336/fba27ade-8381-4537-82ab-c10765354090_200x200.jpg,2605222323067,,否,2026-05-22 23:23:42
4704336,悦轻荷（食堂二楼）,广东省广州市广软学院餐饮中心二楼,18927554054,餐饮行业,"15:30-19:30, 10:20-14:30",是,https://img.pospal.cn/storeLogo/4704336/88cef312f2364777ae0635721ca72a76.jpg,0,0,0,1067274105239133776,黑椒鸡腿,优质蛋白,5.0,5.0,0.0,是,https://img.pospal.cn/productImages/4704336/f668568c-6910-4579-971f-cbd29f8c5c15_200x200.jpg,2608262046217,,否,2026-08-26 20:46:41
4704336,悦轻荷（食堂二楼）,广东省广州市广软学院餐饮中心二楼,18927554054,餐饮行业,"15:30-19:30, 10:20-14:30",是,https://img.pospal.cn/storeLogo/4704336/88cef312f2364777ae0635721ca72a76.jpg,0,0,0,1083117755459620199,墨西哥时蔬,优质蛋白,5.0,5.0,0.0,是,https://img.pospal.cn/productImages/4704336/c28031cd-ff27-47d9-97e8-760989158510_200x200.jpg,2608262156466,,否,2026-08-26 21:56:58
4704336,悦轻荷（食堂二楼）,广东省广州市广软学院餐饮中心二楼,18927554054,餐饮行业,"15:30-19:30, 10:20-14:30",是,https://img.pospal.cn/storeLogo/4704336/88cef312f2364777ae0635721ca72a76.jpg,0,0,0,783716266875349454,烧烤土豆,蔬菜纤维,4.0,4.0,987.0,否,https://img.pospal.cn/productImages/4704336/a2903f3b-d402-43e6-87e2-e169a2d19d5e_200x200.jpg,2608262047399,,否,2026-08-26 20:47:56
4704336,悦轻荷（食堂二楼）,广东省广州市广软学院餐饮中心二楼,18927554054,餐饮行业,"15:30-19:30, 10:20-14:30",是,https://img.pospal.cn/storeLogo/4704336/88cef312f2364777ae0635721ca72a76.jpg,0,0,0,859995227456444055,黑椒杏鲍菇,蔬菜纤维,4.0,4.0,9988.0,否,https://img.pospal.cn/productImages/4704336/edc84032-f48f-4f45-ae33-054eca5186ee_200x200.jpg,2608262050009,,否,2026-08-26 20:50:14
4704336,悦轻荷（食堂二楼）,广东省广州市广软学院餐饮中心二楼,18927554054,餐饮行业,"15:30-19:30, 10:20-14:30",是,https://img.pospal.cn/storeLogo/4704336/88cef312f2364777ae0635721ca72a76.jpg,0,0,0,1114223675349082726,凉拌木耳,蔬菜纤维,4.0,4.0,9989.0,否,https://img.pospal.cn/productImages/4704336/c65601c5-ff40-4572-8f84-a05fcd8eedeb_200x200.jpg,2608262050337,,否,2026-08-26 20:50:47
4704336,悦轻荷（食堂二楼）,广东省广州市广软学院餐饮中心二楼,18927554054,餐饮行业,"15:30-19:30, 10:20-14:30",是,https://img.pospal.cn/storeLogo/4704336/88cef312f2364777ae0635721ca72a76.jpg,0,0,0,805814944591237007,椒麻金针菇,蔬菜纤维,4.0,4.0,93.0,否,https://img.pospal.cn/productImages/4704336/e77346ad-2c43-4c37-8e8b-6863da617896_200x200.jpg,2608262051068,,否,2026-08-26 20:51:20
4704336,悦轻荷（食堂二楼）,广东省广州市广软学院餐饮中心二楼,18927554054,餐饮行业,"15:30-19:30, 10:20-14:30",是,https://img.pospal.cn/storeLogo/4704336/88cef312f2364777ae0635721ca72a76.jpg,0,0,0,910795522997838464,贝贝南瓜,蔬菜纤维,4.0,4.0,994.0,否,https://img.pospal.cn/productImages/4704336/db916911-50bc-4bb4-ac1a-84b868e4dcb0_200x200.jpg,2608262051372,,否,2026-08-26 20:51:54
4704336,悦轻荷（食堂二楼）,广东省广州市广软学院餐饮中心二楼,18927554054,餐饮行业,"15:30-19:30, 10:20-14:30",是,https://img.pospal.cn/storeLogo/4704336/88cef312f2364777ae0635721ca72a76.jpg,0,0,0,613654370871343369,烤花菜,蔬菜纤维,4.0,4.0,90.0,否,https://img.pospal.cn/productImages/4704336/f92de0aa-1c59-49bc-9199-886742031eca_200x200.jpg,2608262053239,,否,2026-08-26 20:53:39
4704336,悦轻荷（食堂二楼）,广东省广州市广软学院餐饮中心二楼,18927554054,餐饮行业,"15:30-19:30, 10:20-14:30",是,https://img.pospal.cn/storeLogo/4704336/88cef312f2364777ae0635721ca72a76.jpg,0,0,0,163047229306090469,玉米粒,蔬菜纤维,3.0,3.0,9996.0,否,https://img.pospal.cn/productImages/4704336/ad9879c2-ff97-47ac-b87c-67dce1412bb5_200x200.jpg,2608262053581,,否,2026-08-26 20:54:12
4704336,悦轻荷（食堂二楼）,广东省广州市广软学院餐饮中心二楼,18927554054,餐饮行业,"15:30-19:30, 10:20-14:30",是,https://img.pospal.cn/storeLogo/4704336/88cef312f2364777ae0635721ca72a76.jpg,0,0,0,489905775223519817,青瓜,蔬菜纤维,2.5,2.5,87.0,否,https://img.pospal.cn/productImages/4704336/6570951c-d4ae-43d7-a1c1-91fee9978870_200x200.jpg,2608262054571,,否,2026-08-26 20:55:11
4704336,悦轻荷（食堂二楼）,广东省广州市广软学院餐饮中心二楼,18927554054,餐饮行业,"15:30-19:30, 10:20-14:30",是,https://img.pospal.cn/storeLogo/4704336/88cef312f2364777ae0635721ca72a76.jpg,0,0,0,171427800567764706,紫薯泥,蔬菜纤维,3.0,3.0,9983.0,否,https://img.pospal.cn/productImages/4704336/cf4ee21e-243e-4f23-9290-72b5be8590e3_200x200.jpg,2608262055592,,否,2026-08-26 20:56:12
4704336,悦轻荷（食堂二楼）,广东省广州市广软学院餐饮中心二楼,18927554054,餐饮行业,"15:30-19:30, 10:20-14:30",是,https://img.pospal.cn/storeLogo/4704336/88cef312f2364777ae0635721ca72a76.jpg,0,0,0,324684613301858471,土豆泥,蔬菜纤维,3.0,3.0,9976.0,否,https://img.pospal.cn/productImages/4704336/67110cb6-c54a-4adf-b4d7-894c79538488_200x200.jpg,2608262057114,,否,2026-08-26 20:57:23
4704336,悦轻荷（食堂二楼）,广东省广州市广软学院餐饮中心二楼,18927554054,餐饮行业,"15:30-19:30, 10:20-14:30",是,https://img.pospal.cn/storeLogo/4704336/88cef312f2364777ae0635721ca72a76.jpg,0,0,0,448643176126219586,烧蘑菇,蔬菜纤维,4.0,4.0,9993.0,否,https://img.pospal.cn/productImages/4704336/c75086a8-47ef-48dc-bf8b-7ba8f5b902c6_200x200.jpg,2608262057398,,否,2026-08-26 20:57:54
4704336,悦轻荷（食堂二楼）,广东省广州市广软学院餐饮中心二楼,18927554054,餐饮行业,"15:30-19:30, 10:20-14:30",是,https://img.pospal.cn/storeLogo/4704336/88cef312f2364777ae0635721ca72a76.jpg,0,0,0,1127708564770035299,胡萝卜,蔬菜纤维,2.5,2.5,9995.0,否,https://img.pospal.cn/productImages/4704336/1c4e615d-f1f8-404e-be03-a364796bc107_200x200.jpg,2608262059309,,否,2026-08-26 21:00:12
4704336,悦轻荷（食堂二楼）,广东省广州市广软学院餐饮中心二楼,18927554054,餐饮行业,"15:30-19:30, 10:20-14:30",是,https://img.pospal.cn/storeLogo/4704336/88cef312f2364777ae0635721ca72a76.jpg,0,0,0,176134977617891699,藕片,蔬菜纤维,4.0,4.0,993.0,否,https://img.pospal.cn/productImages/4704336/1bc503a4-41a0-48fa-ba12-d42135489a8e_200x200.jpg,2608262151263,,否,2026-08-26 21:51:46
4704336,悦轻荷（食堂二楼）,广东省广州市广软学院餐饮中心二楼,18927554054,餐饮行业,"15:30-19:30, 10:20-14:30",是,https://img.pospal.cn/storeLogo/4704336/88cef312f2364777ae0635721ca72a76.jpg,0,0,0,624538244283066475,西兰花,蔬菜纤维,3.0,3.0,984.0,否,https://img.pospal.cn/productImages/4704336/867dc8ad-9b20-44f9-b31e-3df5588c45ab_200x200.jpg,2609150923047,,是,2026-09-15 09:23:38
4704336,悦轻荷（食堂二楼）,广东省广州市广软学院餐饮中心二楼,18927554054,餐饮行业,"15:30-19:30, 10:20-14:30",是,https://img.pospal.cn/storeLogo/4704336/88cef312f2364777ae0635721ca72a76.jpg,0,0,0,790013349090360717,彩椒,蔬菜纤维,4.0,4.0,99.0,否,https://img.pospal.cn/productImages/4704336/1042e85c-878a-43c1-91f8-b328f869a4b1_200x200.jpg,2609230918178,,是,2026-09-23 09:18:47
4704336,悦轻荷（食堂二楼）,广东省广州市广软学院餐饮中心二楼,18927554054,餐饮行业,"15:30-19:30, 10:20-14:30",是,https://img.pospal.cn/storeLogo/4704336/88cef312f2364777ae0635721ca72a76.jpg,0,0,0,119805204378636003,椒麻莴笋,蔬菜纤维,3.5,3.5,99.0,否,https://img.pospal.cn/productImages/4704336/58344c47-33a8-41f6-8d58-88d4c10de75c_200x200.jpg,2609230924568,,是,2026-09-23 09:25:21
4704336,悦轻荷（食堂二楼）,广东省广州市广软学院餐饮中心二楼,18927554054,餐饮行业,"15:30-19:30, 10:20-14:30",是,https://img.pospal.cn/storeLogo/4704336/88cef312f2364777ae0635721ca72a76.jpg,0,0,0,618142815927611340,生菜,蔬菜纤维,2.5,2.5,999.0,否,https://img.pospal.cn/productImages/4704336/98a507d4-43a5-457e-8234-23106ac33bf1_200x200.jpg,2609230925244,,是,2026-09-23 09:25:44
4704336,悦轻荷（食堂二楼）,广东省广州市广软学院餐饮中心二楼,18927554054,餐饮行业,"15:30-19:30, 10:20-14:30",是,https://img.pospal.cn/storeLogo/4704336/88cef312f2364777ae0635721ca72a76.jpg,0,0,0,1035503608708508394,菠菜,蔬菜纤维,3.5,3.5,99.0,否,https://img.pospal.cn/productImages/4704336/626448a2-bf19-47e5-9ae4-76d14739a85d_200x200.jpg,2609230926333,,是,2026-09-23 09:26:46
4704336,悦轻荷（食堂二楼）,广东省广州市广软学院餐饮中心二楼,18927554054,餐饮行业,"15:30-19:30, 10:20-14:30",是,https://img.pospal.cn/storeLogo/4704336/88cef312f2364777ae0635721ca72a76.jpg,0,0,0,734324901743214074,宁夏菜心,蔬菜纤维,3.0,3.0,99.0,否,https://img.pospal.cn/productImages/4704336/2df34dbc-8982-48fc-b108-30e17a4383ea_200x200.jpg,2609231811249,,是,2026-09-23 18:11:47
4704336,悦轻荷（食堂二楼）,广东省广州市广软学院餐饮中心二楼,18927554054,餐饮行业,"15:30-19:30, 10:20-14:30",是,https://img.pospal.cn/storeLogo/4704336/88cef312f2364777ae0635721ca72a76.jpg,0,0,0,660632096460938449,山药,蔬菜纤维,4.0,4.0,0.0,是,https://img.pospal.cn/productImages/4704336/d1137fb6-c3f4-4df6-b9ad-689382e637bc_200x200.jpg,2608262100261,,否,2026-08-26 21:00:37
4569086,筒骨粉牛肉面（二食堂）,广东省广州市广州软件学院第二食堂,18370396739,餐饮行业,10:00-20:59,是,https://img.pospal.cn/storeLogo/4569086/591b5d81195a4a01a5d5c4a7bd1e900e.jpg,2.0,10.0,0.69,496904299404402395,筒骨清汤河粉,筒骨汤河粉,6.0,6.0,992.0,否,https://img.pospal.cn/productImages/0/default/food_200x200.png,2609012140308,,否,2026-09-01 21:40:48
4569086,筒骨粉牛肉面（二食堂）,广东省广州市广州软件学院第二食堂,18370396739,餐饮行业,10:00-20:59,是,https://img.pospal.cn/storeLogo/4569086/591b5d81195a4a01a5d5c4a7bd1e900e.jpg,2.0,10.0,0.69,759810158634595078,筒骨汤香菇肉丝河粉,筒骨汤河粉,8.0,8.0,963.0,否,https://img.pospal.cn/productImages/0/default/food_200x200.png,2609012140599,,否,2026-09-01 21:41:11
4569086,筒骨粉牛肉面（二食堂）,广东省广州市广州软件学院第二食堂,18370396739,餐饮行业,10:00-20:59,是,https://img.pospal.cn/storeLogo/4569086/591b5d81195a4a01a5d5c4a7bd1e900e.jpg,2.0,10.0,0.69,1074917295165838439,筒骨汤肉丝河粉,筒骨汤河粉,8.0,8.0,986.0,否,https://img.pospal.cn/productImages/0/default/food_200x200.png,2609012141237,,否,2026-09-01 21:41:32
4569086,筒骨粉牛肉面（二食堂）,广东省广州市广州软件学院第二食堂,18370396739,餐饮行业,10:00-20:59,是,https://img.pospal.cn/storeLogo/4569086/591b5d81195a4a01a5d5c4a7bd1e900e.jpg,2.0,10.0,0.69,1028179565785129118,筒骨汤廋肉河粉,筒骨汤河粉,12.0,12.0,974.0,否,https://img.pospal.cn/productImages/0/default/food_200x200.png,2609012141442,,否,2026-09-01 21:41:52
4569086,筒骨粉牛肉面（二食堂）,广东省广州市广州软件学院第二食堂,18370396739,餐饮行业,10:00-20:59,是,https://img.pospal.cn/storeLogo/4569086/591b5d81195a4a01a5d5c4a7bd1e900e.jpg,2.0,10.0,0.69,315473622143345006,筒骨汤牛肉丸河粉,筒骨汤河粉,12.0,12.0,975.0,否,https://img.pospal.cn/productImages/0/default/food_200x200.png,2609012142081,,否,2026-09-01 21:42:20
4569086,筒骨粉牛肉面（二食堂）,广东省广州市广州软件学院第二食堂,18370396739,餐饮行业,10:00-20:59,是,https://img.pospal.cn/storeLogo/4569086/591b5d81195a4a01a5d5c4a7bd1e900e.jpg,2.0,10.0,0.69,999236550815054742,筒骨汤牛杂河粉,筒骨汤河粉,12.0,12.0,971.0,否,https://img.pospal.cn/productImages/0/default/food_200x200.png,2609012142234,,否,2026-09-01 21:42:46
4569086,筒骨粉牛肉面（二食堂）,广东省广州市广州软件学院第二食堂,18370396739,餐饮行业,10:00-20:59,是,https://img.pospal.cn/storeLogo/4569086/591b5d81195a4a01a5d5c4a7bd1e900e.jpg,2.0,10.0,0.69,1064659602314213931,筒骨汤河粉,筒骨汤河粉,15.0,15.0,998.0,否,https://img.pospal.cn/productImages/0/default/food_200x200.png,2609012142586,,否,2026-09-01 21:43:12
4569086,筒骨粉牛肉面（二食堂）,广东省广州市广州软件学院第二食堂,18370396739,餐饮行业,10:00-20:59,是,https://img.pospal.cn/storeLogo/4569086/591b5d81195a4a01a5d5c4a7bd1e900e.jpg,2.0,10.0,0.69,1117279618060446805,筒骨汤牛肉河粉,筒骨汤河粉,16.0,16.0,979.0,否,https://img.pospal.cn/productImages/0/default/food_200x200.png,2609012143224,,否,2026-09-01 21:43:32
4569086,筒骨粉牛肉面（二食堂）,广东省广州市广州软件学院第二食堂,18370396739,餐饮行业,10:00-20:59,是,https://img.pospal.cn/storeLogo/4569086/591b5d81195a4a01a5d5c4a7bd1e900e.jpg,2.0,10.0,0.69,1010336875170479248,清汤面,汤面,8.0,8.0,992.0,否,https://img.pospal.cn/productImages/0/default/food_200x200.png,2609012118086,,否,2026-09-01 21:18:33
4569086,筒骨粉牛肉面（二食堂）,广东省广州市广州软件学院第二食堂,18370396739,餐饮行业,10:00-20:59,是,https://img.pospal.cn/storeLogo/4569086/591b5d81195a4a01a5d5c4a7bd1e900e.jpg,2.0,10.0,0.69,527632483008381816,酸菜肉末面,汤面,9.0,9.0,979.0,否,https://img.pospal.cn/productImages/0/default/food_200x200.png,2609012118369,,否,2026-09-01 21:18:59
4569086,筒骨粉牛肉面（二食堂）,广东省广州市广州软件学院第二食堂,18370396739,餐饮行业,10:00-20:59,是,https://img.pospal.cn/storeLogo/4569086/591b5d81195a4a01a5d5c4a7bd1e900e.jpg,2.0,10.0,0.69,795035419021853937,酸豆角肉沫面,汤面,9.0,9.0,989.0,否,https://img.pospal.cn/productImages/0/default/food_200x200.png,2609012119038,,否,2026-09-01 21:19:28
4569086,筒骨粉牛肉面（二食堂）,广东省广州市广州软件学院第二食堂,18370396739,餐饮行业,10:00-20:59,是,https://img.pospal.cn/storeLogo/4569086/591b5d81195a4a01a5d5c4a7bd1e900e.jpg,2.0,10.0,0.69,328838107565434197,芽菜肉沫面,汤面,9.0,9.0,991.0,否,https://img.pospal.cn/productImages/0/default/food_200x200.png,2609012119304,,否,2026-09-01 21:19:48
4569086,筒骨粉牛肉面（二食堂）,广东省广州市广州软件学院第二食堂,18370396739,餐饮行业,10:00-20:59,是,https://img.pospal.cn/storeLogo/4569086/591b5d81195a4a01a5d5c4a7bd1e900e.jpg,2.0,10.0,0.69,1086669195300740173,肉丝面,汤面,11.0,11.0,991.0,否,https://img.pospal.cn/productImages/0/default/food_200x200.png,2609012119533,,否,2026-09-01 21:20:05
4569086,筒骨粉牛肉面（二食堂）,广东省广州市广州软件学院第二食堂,18370396739,餐饮行业,10:00-20:59,是,https://img.pospal.cn/storeLogo/4569086/591b5d81195a4a01a5d5c4a7bd1e900e.jpg,2.0,10.0,0.69,581760310607997179,香菇肉丝面,汤面,11.0,11.0,981.0,否,https://img.pospal.cn/productImages/0/default/food_200x200.png,2609012120089,,否,2026-09-01 21:20:25
4569086,筒骨粉牛肉面（二食堂）,广东省广州市广州软件学院第二食堂,18370396739,餐饮行业,10:00-20:59,是,https://img.pospal.cn/storeLogo/4569086/591b5d81195a4a01a5d5c4a7bd1e900e.jpg,2.0,10.0,0.69,810252327213840224,辣肉面,汤面,12.0,12.0,975.0,否,https://img.pospal.cn/productImages/0/default/food_200x200.png,2609012120317,,否,2026-09-01 21:20:45
4569086,筒骨粉牛肉面（二食堂）,广东省广州市广州软件学院第二食堂,18370396739,餐饮行业,10:00-20:59,是,https://img.pospal.cn/storeLogo/4569086/591b5d81195a4a01a5d5c4a7bd1e900e.jpg,2.0,10.0,0.69,437803802807438771,牛杂面,汤面,12.0,12.0,955.0,否,https://img.pospal.cn/productImages/0/default/food_200x200.png,2609012120478,,否,2026-09-01 21:20:58
4569086,筒骨粉牛肉面（二食堂）,广东省广州市广州软件学院第二食堂,18370396739,餐饮行业,10:00-20:59,是,https://img.pospal.cn/storeLogo/4569086/591b5d81195a4a01a5d5c4a7bd1e900e.jpg,2.0,10.0,0.69,913791158676181260,卤肉面,汤面,15.0,15.0,991.0,否,https://img.pospal.cn/productImages/0/default/food_200x200.png,2609012121017,,否,2026-09-01 21:21:15
4569086,筒骨粉牛肉面（二食堂）,广东省广州市广州软件学院第二食堂,18370396739,餐饮行业,10:00-20:59,是,https://img.pospal.cn/storeLogo/4569086/591b5d81195a4a01a5d5c4a7bd1e900e.jpg,2.0,10.0,0.69,554190584121009494,牛肉面,汤面,16.0,16.0,969.0,否,https://img.pospal.cn/productImages/0/default/food_200x200.png,2609012121185,,否,2026-09-01 21:21:30
4569086,筒骨粉牛肉面（二食堂）,广东省广州市广州软件学院第二食堂,18370396739,餐饮行业,10:00-20:59,是,https://img.pospal.cn/storeLogo/4569086/591b5d81195a4a01a5d5c4a7bd1e900e.jpg,2.0,10.0,0.69,344963091248072188,筒骨清汤红薯粉,筒骨汤红薯粉,6.0,6.0,994.0,否,https://img.pospal.cn/productImages/0/default/food_200x200.png,2609012144009,,否,2026-09-01 21:44:20
4569086,筒骨粉牛肉面（二食堂）,广东省广州市广州软件学院第二食堂,18370396739,餐饮行业,10:00-20:59,是,https://img.pospal.cn/storeLogo/4569086/591b5d81195a4a01a5d5c4a7bd1e900e.jpg,2.0,10.0,0.69,677751068462494459,筒骨汤香菇肉丝红薯粉,筒骨汤红薯粉,8.0,8.0,984.0,否,https://img.pospal.cn/productImages/0/default/food_200x200.png,2609012144238,,否,2026-09-01 21:44:41
4569086,筒骨粉牛肉面（二食堂）,广东省广州市广州软件学院第二食堂,18370396739,餐饮行业,10:00-20:59,是,https://img.pospal.cn/storeLogo/4569086/591b5d81195a4a01a5d5c4a7bd1e900e.jpg,2.0,10.0,0.69,71270102055948051,筒骨汤肉丝红薯粉,筒骨汤红薯粉,8.0,8.0,989.0,否,https://img.pospal.cn/productImages/0/default/food_200x200.png,2609012144528,,否,2026-09-01 21:44:58
4569086,筒骨粉牛肉面（二食堂）,广东省广州市广州软件学院第二食堂,18370396739,餐饮行业,10:00-20:59,是,https://img.pospal.cn/storeLogo/4569086/591b5d81195a4a01a5d5c4a7bd1e900e.jpg,2.0,10.0,0.69,312284507459813299,筒骨汤廋肉红薯粉,筒骨汤红薯粉,12.0,12.0,986.0,否,https://img.pospal.cn/productImages/0/default/food_200x200.png,2609012145310,,否,2026-09-01 21:45:46
4569086,筒骨粉牛肉面（二食堂）,广东省广州市广州软件学院第二食堂,18370396739,餐饮行业,10:00-20:59,是,https://img.pospal.cn/storeLogo/4569086/591b5d81195a4a01a5d5c4a7bd1e900e.jpg,2.0,10.0,0.69,758307507981408525,筒骨汤牛肉丸红薯粉,筒骨汤红薯粉,12.0,12.0,990.0,否,https://img.pospal.cn/productImages/0/default/food_200x200.png,2609012145501,,否,2026-09-01 21:46:09
4569086,筒骨粉牛肉面（二食堂）,广东省广州市广州软件学院第二食堂,18370396739,餐饮行业,10:00-20:59,是,https://img.pospal.cn/storeLogo/4569086/591b5d81195a4a01a5d5c4a7bd1e900e.jpg,2.0,10.0,0.69,218633715535782419,筒骨汤牛杂,筒骨汤红薯粉,12.0,12.0,994.0,否,https://img.pospal.cn/productImages/0/default/food_200x200.png,2609012146225,,否,2026-09-01 21:46:31
4569086,筒骨粉牛肉面（二食堂）,广东省广州市广州软件学院第二食堂,18370396739,餐饮行业,10:00-20:59,是,https://img.pospal.cn/storeLogo/4569086/591b5d81195a4a01a5d5c4a7bd1e900e.jpg,2.0,10.0,0.69,995644543716774550,筒骨汤红薯粉,筒骨汤红薯粉,15.0,15.0,999.0,否,https://img.pospal.cn/productImages/0/default/food_200x200.png,2609012146423,,否,2026-09-01 21:46:52
4569086,筒骨粉牛肉面（二食堂）,广东省广州市广州软件学院第二食堂,18370396739,餐饮行业,10:00-20:59,是,https://img.pospal.cn/storeLogo/4569086/591b5d81195a4a01a5d5c4a7bd1e900e.jpg,2.0,10.0,0.69,204422707616425676,筒骨汤牛肉红薯粉,筒骨汤红薯粉,16.0,16.0,995.0,否,https://img.pospal.cn/productImages/0/default/food_200x200.png,2609012147017,,否,2026-09-01 21:47:18
4569086,筒骨粉牛肉面（二食堂）,广东省广州市广州软件学院第二食堂,18370396739,餐饮行业,10:00-20:59,是,https://img.pospal.cn/storeLogo/4569086/591b5d81195a4a01a5d5c4a7bd1e900e.jpg,2.0,10.0,0.69,1111123153250810182,筒骨清汤米粉,筒骨汤米粉,6.0,6.0,983.0,否,https://img.pospal.cn/productImages/0/default/food_200x200.png,2609012133065,,否,2026-09-01 21:33:52
4569086,筒骨粉牛肉面（二食堂）,广东省广州市广州软件学院第二食堂,18370396739,餐饮行业,10:00-20:59,是,https://img.pospal.cn/storeLogo/4569086/591b5d81195a4a01a5d5c4a7bd1e900e.jpg,2.0,10.0,0.69,116195832538187637,筒骨汤香菇肉丝米粉,筒骨汤米粉,8.0,8.0,946.0,否,https://img.pospal.cn/productImages/0/default/food_200x200.png,2609012133584,,否,2026-09-01 21:34:34
4569086,筒骨粉牛肉面（二食堂）,广东省广州市广州软件学院第二食堂,18370396739,餐饮行业,10:00-20:59,是,https://img.pospal.cn/storeLogo/4569086/591b5d81195a4a01a5d5c4a7bd1e900e.jpg,2.0,10.0,0.69,873756179997499768,筒骨汤肉丝米粉,筒骨汤米粉,8.0,8.0,980.0,否,https://img.pospal.cn/productImages/0/default/food_200x200.png,2609012134376,,否,2026-09-01 21:35:05
4569086,筒骨粉牛肉面（二食堂）,广东省广州市广州软件学院第二食堂,18370396739,餐饮行业,10:00-20:59,是,https://img.pospal.cn/storeLogo/4569086/591b5d81195a4a01a5d5c4a7bd1e900e.jpg,2.0,10.0,0.69,543117640503735874,筒骨汤廋肉米粉,筒骨汤米粉,12.0,12.0,969.0,否,https://img.pospal.cn/productImages/0/default/food_200x200.png,2609012135090,,否,2026-09-01 21:35:36
4569086,筒骨粉牛肉面（二食堂）,广东省广州市广州软件学院第二食堂,18370396739,餐饮行业,10:00-20:59,是,https://img.pospal.cn/storeLogo/4569086/591b5d81195a4a01a5d5c4a7bd1e900e.jpg,2.0,10.0,0.69,858938612756598654,筒骨汤牛肉丸米粉,筒骨汤米粉,12.0,12.0,980.0,否,https://img.pospal.cn/productImages/0/default/food_200x200.png,2609012135397,,否,2026-09-01 21:35:59
4569086,筒骨粉牛肉面（二食堂）,广东省广州市广州软件学院第二食堂,18370396739,餐饮行业,10:00-20:59,是,https://img.pospal.cn/storeLogo/4569086/591b5d81195a4a01a5d5c4a7bd1e900e.jpg,2.0,10.0,0.69,761163862711304046,筒骨汤牛杂米粉,筒骨汤米粉,12.0,12.0,972.0,否,https://img.pospal.cn/productImages/0/default/food_200x200.png,2609012136035,,否,2026-09-01 21:36:18
4569086,筒骨粉牛肉面（二食堂）,广东省广州市广州软件学院第二食堂,18370396739,餐饮行业,10:00-20:59,是,https://img.pospal.cn/storeLogo/4569086/591b5d81195a4a01a5d5c4a7bd1e900e.jpg,2.0,10.0,0.69,986945003431223647,筒骨汤米粉,筒骨汤米粉,15.0,15.0,996.0,否,https://img.pospal.cn/productImages/0/default/food_200x200.png,2609012136202,,否,2026-09-01 21:37:11
4569086,筒骨粉牛肉面（二食堂）,广东省广州市广州软件学院第二食堂,18370396739,餐饮行业,10:00-20:59,是,https://img.pospal.cn/storeLogo/4569086/591b5d81195a4a01a5d5c4a7bd1e900e.jpg,2.0,10.0,0.69,683900981007553270,筒骨汤牛肉米粉,筒骨汤米粉,16.0,16.0,980.0,否,https://img.pospal.cn/productImages/0/default/food_200x200.png,2609012137179,,否,2026-09-01 21:37:32
4569086,筒骨粉牛肉面（二食堂）,广东省广州市广州软件学院第二食堂,18370396739,餐饮行业,10:00-20:59,是,https://img.pospal.cn/storeLogo/4569086/591b5d81195a4a01a5d5c4a7bd1e900e.jpg,2.0,10.0,0.69,133492406720641201,加牛肉,加料,8.0,8.0,992.0,否,https://img.pospal.cn/productImages/0/default/food_200x200.png,2609012127033,,否,2026-09-01 21:27:22
4569086,筒骨粉牛肉面（二食堂）,广东省广州市广州软件学院第二食堂,18370396739,餐饮行业,10:00-20:59,是,https://img.pospal.cn/storeLogo/4569086/591b5d81195a4a01a5d5c4a7bd1e900e.jpg,2.0,10.0,0.69,882797490948776327,加牛杂,加料,6.0,6.0,987.0,否,https://img.pospal.cn/productImages/0/default/food_200x200.png,2609012127255,,否,2026-09-01 21:27:40
4569086,筒骨粉牛肉面（二食堂）,广东省广州市广州软件学院第二食堂,18370396739,餐饮行业,10:00-20:59,是,https://img.pospal.cn/storeLogo/4569086/591b5d81195a4a01a5d5c4a7bd1e900e.jpg,2.0,10.0,0.69,52291428106689904,加辣肉,加料,6.0,6.0,997.0,否,https://img.pospal.cn/productImages/0/default/food_200x200.png,2609012127422,,否,2026-09-01 21:27:54
4569086,筒骨粉牛肉面（二食堂）,广东省广州市广州软件学院第二食堂,18370396739,餐饮行业,10:00-20:59,是,https://img.pospal.cn/storeLogo/4569086/591b5d81195a4a01a5d5c4a7bd1e900e.jpg,2.0,10.0,0.69,65773657855321916,加芽菜肉沫,加料,4.0,4.0,993.0,否,https://img.pospal.cn/productImages/0/default/food_200x200.png,2609012127576,,否,2026-09-01 21:28:12
4569086,筒骨粉牛肉面（二食堂）,广东省广州市广州软件学院第二食堂,18370396739,餐饮行业,10:00-20:59,是,https://img.pospal.cn/storeLogo/4569086/591b5d81195a4a01a5d5c4a7bd1e900e.jpg,2.0,10.0,0.69,457438506217727017,加酸菜肉沫,加料,3.0,3.0,992.0,否,https://img.pospal.cn/productImages/0/default/food_200x200.png,2609012128146,,否,2026-09-01 21:28:28
4569086,筒骨粉牛肉面（二食堂）,广东省广州市广州软件学院第二食堂,18370396739,餐饮行业,10:00-20:59,是,https://img.pospal.cn/storeLogo/4569086/591b5d81195a4a01a5d5c4a7bd1e900e.jpg,2.0,10.0,0.69,116454759399285547,加酸豆角肉沫,加料,3.0,3.0,989.0,否,https://img.pospal.cn/productImages/0/default/food_200x200.png,2609012128313,,否,2026-09-01 21:28:45
4569086,筒骨粉牛肉面（二食堂）,广东省广州市广州软件学院第二食堂,18370396739,餐饮行业,10:00-20:59,是,https://img.pospal.cn/storeLogo/4569086/591b5d81195a4a01a5d5c4a7bd1e900e.jpg,2.0,10.0,0.69,785638845574763930,加花生米,加料,2.0,2.0,991.0,否,https://img.pospal.cn/productImages/0/default/food_200x200.png,2609012128474,,否,2026-09-01 21:28:59
4569086,筒骨粉牛肉面（二食堂）,广东省广州市广州软件学院第二食堂,18370396739,餐饮行业,10:00-20:59,是,https://img.pospal.cn/storeLogo/4569086/591b5d81195a4a01a5d5c4a7bd1e900e.jpg,2.0,10.0,0.69,255830547817902556,卤蛋,加料,2.0,2.0,947.0,否,https://img.pospal.cn/productImages/0/default/food_200x200.png,2609012129037,,否,2026-09-01 21:29:12
4569086,筒骨粉牛肉面（二食堂）,广东省广州市广州软件学院第二食堂,18370396739,餐饮行业,10:00-20:59,是,https://img.pospal.cn/storeLogo/4569086/591b5d81195a4a01a5d5c4a7bd1e900e.jpg,2.0,10.0,0.69,183646510658565029,煎蛋,加料,2.0,2.0,911.0,否,https://img.pospal.cn/productImages/0/default/food_200x200.png,2609012129150,,否,2026-09-01 21:29:24
4569086,筒骨粉牛肉面（二食堂）,广东省广州市广州软件学院第二食堂,18370396739,餐饮行业,10:00-20:59,是,https://img.pospal.cn/storeLogo/4569086/591b5d81195a4a01a5d5c4a7bd1e900e.jpg,2.0,10.0,0.69,14044097489757704,卤豆腐,加料,2.0,2.0,968.0,否,https://img.pospal.cn/productImages/0/default/food_200x200.png,2609012129273,,否,2026-09-01 21:29:38
4569086,筒骨粉牛肉面（二食堂）,广东省广州市广州软件学院第二食堂,18370396739,餐饮行业,10:00-20:59,是,https://img.pospal.cn/storeLogo/4569086/591b5d81195a4a01a5d5c4a7bd1e900e.jpg,2.0,10.0,0.69,568166976883947763,卤狮子头,加料,2.0,2.0,983.0,否,https://img.pospal.cn/productImages/0/default/food_200x200.png,2609012129419,,否,2026-09-01 21:30:08
4569086,筒骨粉牛肉面（二食堂）,广东省广州市广州软件学院第二食堂,18370396739,餐饮行业,10:00-20:59,是,https://img.pospal.cn/storeLogo/4569086/591b5d81195a4a01a5d5c4a7bd1e900e.jpg,2.0,10.0,0.69,1091499585616730687,卤肠,加料,3.0,3.0,986.0,否,https://img.pospal.cn/productImages/0/default/food_200x200.png,2609012130118,,否,2026-09-01 21:30:38
4569086,筒骨粉牛肉面（二食堂）,广东省广州市广州软件学院第二食堂,18370396739,餐饮行业,10:00-20:59,是,https://img.pospal.cn/storeLogo/4569086/591b5d81195a4a01a5d5c4a7bd1e900e.jpg,2.0,10.0,0.69,281414456615020857,卤五花肉,加料,6.0,6.0,990.0,否,https://img.pospal.cn/productImages/0/default/food_200x200.png,2609012130408,,否,2026-09-01 21:31:00
4569086,筒骨粉牛肉面（二食堂）,广东省广州市广州软件学院第二食堂,18370396739,餐饮行业,10:00-20:59,是,https://img.pospal.cn/storeLogo/4569086/591b5d81195a4a01a5d5c4a7bd1e900e.jpg,2.0,10.0,0.69,284616341528364350,卤鸡腿,加料,6.0,6.0,990.0,否,https://img.pospal.cn/productImages/0/default/food_200x200.png,2609012131054,,否,2026-09-01 21:31:15
4569086,筒骨粉牛肉面（二食堂）,广东省广州市广州软件学院第二食堂,18370396739,餐饮行业,10:00-20:59,是,https://img.pospal.cn/storeLogo/4569086/591b5d81195a4a01a5d5c4a7bd1e900e.jpg,2.0,10.0,0.69,311562085843066957,肉酱拌面,拌面,10.0,10.0,979.0,否,https://img.pospal.cn/productImages/0/default/food_200x200.png,2609012121352,,否,2026-09-01 21:21:52
4569086,筒骨粉牛肉面（二食堂）,广东省广州市广州软件学院第二食堂,18370396739,餐饮行业,10:00-20:59,是,https://img.pospal.cn/storeLogo/4569086/591b5d81195a4a01a5d5c4a7bd1e900e.jpg,2.0,10.0,0.69,385820402139595116,鸡蛋酱拌面,拌面,10.0,10.0,991.0,否,https://img.pospal.cn/productImages/0/default/food_200x200.png,2609012121550,,否,2026-09-01 21:22:11
4569086,筒骨粉牛肉面（二食堂）,广东省广州市广州软件学院第二食堂,18370396739,餐饮行业,10:00-20:59,是,https://img.pospal.cn/storeLogo/4569086/591b5d81195a4a01a5d5c4a7bd1e900e.jpg,2.0,10.0,0.69,1002646562871229976,混合酱拌面,拌面,10.0,10.0,993.0,否,https://img.pospal.cn/productImages/0/default/food_200x200.png,2609012122137,,否,2026-09-01 21:22:48
4569086,筒骨粉牛肉面（二食堂）,广东省广州市广州软件学院第二食堂,18370396739,餐饮行业,10:00-20:59,是,https://img.pospal.cn/storeLogo/4569086/591b5d81195a4a01a5d5c4a7bd1e900e.jpg,2.0,10.0,0.69,915915600541360600,酸豆角肉沫拌面,拌面,10.0,10.0,989.0,否,https://img.pospal.cn/productImages/0/default/food_200x200.png,2609012122519,,否,2026-09-01 21:23:20
4569086,筒骨粉牛肉面（二食堂）,广东省广州市广州软件学院第二食堂,18370396739,餐饮行业,10:00-20:59,是,https://img.pospal.cn/storeLogo/4569086/591b5d81195a4a01a5d5c4a7bd1e900e.jpg,2.0,10.0,0.69,541099496416314642,酸菜肉沫拌面,拌面,10.0,10.0,993.0,否,https://img.pospal.cn/productImages/0/default/food_200x200.png,2609012123233,,否,2026-09-01 21:23:54
4569086,筒骨粉牛肉面（二食堂）,广东省广州市广州软件学院第二食堂,18370396739,餐饮行业,10:00-20:59,是,https://img.pospal.cn/storeLogo/4569086/591b5d81195a4a01a5d5c4a7bd1e900e.jpg,2.0,10.0,0.69,563173891361092209,鸡丝拌面,拌面,11.0,11.0,974.0,否,https://img.pospal.cn/productImages/0/default/food_200x200.png,2609012123585,,否,2026-09-01 21:24:16
4569086,筒骨粉牛肉面（二食堂）,广东省广州市广州软件学院第二食堂,18370396739,餐饮行业,10:00-20:59,是,https://img.pospal.cn/storeLogo/4569086/591b5d81195a4a01a5d5c4a7bd1e900e.jpg,2.0,10.0,0.69,806168686042384475,芽菜肉沫拌面,拌面,11.0,11.0,993.0,否,https://img.pospal.cn/productImages/0/default/food_200x200.png,2609012124186,,否,2026-09-01 21:24:39
4569086,筒骨粉牛肉面（二食堂）,广东省广州市广州软件学院第二食堂,18370396739,餐饮行业,10:00-20:59,是,https://img.pospal.cn/storeLogo/4569086/591b5d81195a4a01a5d5c4a7bd1e900e.jpg,2.0,10.0,0.69,668143395516686639,辣肉拌面,拌面,12.0,12.0,981.0,否,https://img.pospal.cn/productImages/0/default/food_200x200.png,2609012124421,,否,2026-09-01 21:25:05
4569086,筒骨粉牛肉面（二食堂）,广东省广州市广州软件学院第二食堂,18370396739,餐饮行业,10:00-20:59,是,https://img.pospal.cn/storeLogo/4569086/591b5d81195a4a01a5d5c4a7bd1e900e.jpg,2.0,10.0,0.69,277615332395469369,牛杂拌面,拌面,12.0,12.0,984.0,否,https://img.pospal.cn/productImages/0/default/food_200x200.png,2609012125091,,否,2026-09-01 21:25:21
4569086,筒骨粉牛肉面（二食堂）,广东省广州市广州软件学院第二食堂,18370396739,餐饮行业,10:00-20:59,是,https://img.pospal.cn/storeLogo/4569086/591b5d81195a4a01a5d5c4a7bd1e900e.jpg,2.0,10.0,0.69,769673159337351319,牛肉拌面,拌面,16.0,16.0,996.0,否,https://img.pospal.cn/productImages/0/default/food_200x200.png,2609012125244,,否,2026-09-01 21:25:40
4569086,筒骨粉牛肉面（二食堂）,广东省广州市广州软件学院第二食堂,18370396739,餐饮行业,10:00-20:59,是,https://img.pospal.cn/storeLogo/4569086/591b5d81195a4a01a5d5c4a7bd1e900e.jpg,2.0,10.0,0.69,648513847482804548,鸡蛋炒面,炒粉面,10.0,10.0,995.0,否,https://img.pospal.cn/productImages/0/default/food_200x200.png,2609012246024,,否,2026-09-01 22:47:03
4569086,筒骨粉牛肉面（二食堂）,广东省广州市广州软件学院第二食堂,18370396739,餐饮行业,10:00-20:59,是,https://img.pospal.cn/storeLogo/4569086/591b5d81195a4a01a5d5c4a7bd1e900e.jpg,2.0,10.0,0.69,246794910859405910,鸡蛋炒米粉,炒粉面,10.0,10.0,990.0,否,https://img.pospal.cn/productImages/0/default/food_200x200.png,2609012247052,,否,2026-09-01 22:47:33
4569086,筒骨粉牛肉面（二食堂）,广东省广州市广州软件学院第二食堂,18370396739,餐饮行业,10:00-20:59,是,https://img.pospal.cn/storeLogo/4569086/591b5d81195a4a01a5d5c4a7bd1e900e.jpg,2.0,10.0,0.69,545372945540018314,鸡蛋炒河粉,炒粉面,10.0,10.0,987.0,否,https://img.pospal.cn/productImages/0/default/food_200x200.png,2609012247366,,否,2026-09-01 22:48:03
4569086,筒骨粉牛肉面（二食堂）,广东省广州市广州软件学院第二食堂,18370396739,餐饮行业,10:00-20:59,是,https://img.pospal.cn/storeLogo/4569086/591b5d81195a4a01a5d5c4a7bd1e900e.jpg,2.0,10.0,0.69,397851579714285455,瘦肉炒面,炒粉面,12.0,12.0,988.0,否,https://img.pospal.cn/productImages/0/default/food_200x200.png,2609012248387,,否,2026-09-01 22:48:59
4569086,筒骨粉牛肉面（二食堂）,广东省广州市广州软件学院第二食堂,18370396739,餐饮行业,10:00-20:59,是,https://img.pospal.cn/storeLogo/4569086/591b5d81195a4a01a5d5c4a7bd1e900e.jpg,2.0,10.0,0.69,971452886823830074,瘦肉炒米粉,炒粉面,12.0,12.0,993.0,否,https://img.pospal.cn/productImages/0/default/food_200x200.png,2609012249032,,否,2026-09-01 22:49:15
4569086,筒骨粉牛肉面（二食堂）,广东省广州市广州软件学院第二食堂,18370396739,餐饮行业,10:00-20:59,是,https://img.pospal.cn/storeLogo/4569086/591b5d81195a4a01a5d5c4a7bd1e900e.jpg,2.0,10.0,0.69,61492681409943645,瘦肉炒河粉,炒粉面,12.0,12.0,992.0,否,https://img.pospal.cn/productImages/0/default/food_200x200.png,2609012249209,,否,2026-09-01 22:49:32
4569086,筒骨粉牛肉面（二食堂）,广东省广州市广州软件学院第二食堂,18370396739,餐饮行业,10:00-20:59,是,https://img.pospal.cn/storeLogo/4569086/591b5d81195a4a01a5d5c4a7bd1e900e.jpg,2.0,10.0,0.69,927810519386395007,牛肉炒面,炒粉面,16.0,16.0,995.0,否,https://img.pospal.cn/productImages/0/default/food_200x200.png,2609012249353,,否,2026-09-01 22:49:46
4569086,筒骨粉牛肉面（二食堂）,广东省广州市广州软件学院第二食堂,18370396739,餐饮行业,10:00-20:59,是,https://img.pospal.cn/storeLogo/4569086/591b5d81195a4a01a5d5c4a7bd1e900e.jpg,2.0,10.0,0.69,1029645363129499521,牛肉炒米粉,炒粉面,16.0,16.0,999.0,否,https://img.pospal.cn/productImages/0/default/food_200x200.png,2609012249490,,否,2026-09-01 22:50:08
4569086,筒骨粉牛肉面（二食堂）,广东省广州市广州软件学院第二食堂,18370396739,餐饮行业,10:00-20:59,是,https://img.pospal.cn/storeLogo/4569086/591b5d81195a4a01a5d5c4a7bd1e900e.jpg,2.0,10.0,0.69,187952577788436885,牛肉炒河粉,炒粉面,16.0,16.0,995.0,否,https://img.pospal.cn/productImages/0/default/food_200x200.png,2609012250113,,否,2026-09-01 22:50:22
4569086,筒骨粉牛肉面（二食堂）,广东省广州市广州软件学院第二食堂,18370396739,餐饮行业,10:00-20:59,是,https://img.pospal.cn/storeLogo/4569086/591b5d81195a4a01a5d5c4a7bd1e900e.jpg,2.0,10.0,0.69,1110747127951701205,筒骨清汤桂林米粉,筒骨汤桂林米粉,6.0,6.0,992.0,否,https://img.pospal.cn/productImages/0/default/food_200x200.png,2609012147383,,否,2026-09-01 21:47:59
4569086,筒骨粉牛肉面（二食堂）,广东省广州市广州软件学院第二食堂,18370396739,餐饮行业,10:00-20:59,是,https://img.pospal.cn/storeLogo/4569086/591b5d81195a4a01a5d5c4a7bd1e900e.jpg,2.0,10.0,0.69,1114748345625819693,筒骨汤香菇肉丝桂林米粉,筒骨汤桂林米粉,8.0,8.0,954.0,否,https://img.pospal.cn/productImages/0/default/food_200x200.png,2609012148090,,否,2026-09-01 21:48:20
4569086,筒骨粉牛肉面（二食堂）,广东省广州市广州软件学院第二食堂,18370396739,餐饮行业,10:00-20:59,是,https://img.pospal.cn/storeLogo/4569086/591b5d81195a4a01a5d5c4a7bd1e900e.jpg,2.0,10.0,0.69,185329738724464761,筒骨汤肉丝桂林米粉,筒骨汤桂林米粉,8.0,8.0,986.0,否,https://img.pospal.cn/productImages/0/default/food_200x200.png,2609012148281,,否,2026-09-01 21:48:41
4569086,筒骨粉牛肉面（二食堂）,广东省广州市广州软件学院第二食堂,18370396739,餐饮行业,10:00-20:59,是,https://img.pospal.cn/storeLogo/4569086/591b5d81195a4a01a5d5c4a7bd1e900e.jpg,2.0,10.0,0.69,966099685639786038,筒骨汤廋肉桂林米粉,筒骨汤桂林米粉,12.0,12.0,985.0,否,https://img.pospal.cn/productImages/0/default/food_200x200.png,2609012148519,,否,2026-09-01 21:49:08
4569086,筒骨粉牛肉面（二食堂）,广东省广州市广州软件学院第二食堂,18370396739,餐饮行业,10:00-20:59,是,https://img.pospal.cn/storeLogo/4569086/591b5d81195a4a01a5d5c4a7bd1e900e.jpg,2.0,10.0,0.69,451940543377529662,筒骨汤牛肉丸桂林米粉,筒骨汤桂林米粉,12.0,12.0,986.0,否,https://img.pospal.cn/productImages/0/default/food_200x200.png,2609012149110,,否,2026-09-01 21:49:29
4569086,筒骨粉牛肉面（二食堂）,广东省广州市广州软件学院第二食堂,18370396739,餐饮行业,10:00-20:59,是,https://img.pospal.cn/storeLogo/4569086/591b5d81195a4a01a5d5c4a7bd1e900e.jpg,2.0,10.0,0.69,163462287322382479,筒骨汤牛杂桂林米粉,筒骨汤桂林米粉,12.0,12.0,966.0,否,https://img.pospal.cn/productImages/0/default/food_200x200.png,2609012149370,,否,2026-09-01 21:49:49
4569086,筒骨粉牛肉面（二食堂）,广东省广州市广州软件学院第二食堂,18370396739,餐饮行业,10:00-20:59,是,https://img.pospal.cn/storeLogo/4569086/591b5d81195a4a01a5d5c4a7bd1e900e.jpg,2.0,10.0,0.69,1024392787645926266,筒骨汤桂林米粉,筒骨汤桂林米粉,15.0,15.0,995.0,否,https://img.pospal.cn/productImages/0/default/food_200x200.png,2609012149578,,否,2026-09-01 21:50:07
4569086,筒骨粉牛肉面（二食堂）,广东省广州市广州软件学院第二食堂,18370396739,餐饮行业,10:00-20:59,是,https://img.pospal.cn/storeLogo/4569086/591b5d81195a4a01a5d5c4a7bd1e900e.jpg,2.0,10.0,0.69,103822266062125224,筒骨汤牛肉桂林米粉,筒骨汤桂林米粉,16.0,16.0,992.0,否,https://img.pospal.cn/productImages/0/default/food_200x200.png,2609012150178,,否,2026-09-01 21:50:30
4542462,袁记味饺(啡比店),广东省广州市从化区太平镇广从南路548内（菲比幸福）,13048077417,餐饮行业,09:50-21:28,是,https://img.pospal.cn/storeLogo/4542462/11bfcb0a49ef4926a5b7ea8c6deaae36.png,2.0,10.0,0.69,889303424951716187,杂酱干挑面,面类,6.0,6.0,992.0,否,https://img.pospal.cn/productImages/4542462/21c4d722-e430-4d70-8f35-b695efa643a0_200x200.jpg,2604022010214,,否,2026-04-02 20:11:37
4542462,袁记味饺(啡比店),广东省广州市从化区太平镇广从南路548内（菲比幸福）,13048077417,餐饮行业,09:50-21:28,是,https://img.pospal.cn/storeLogo/4542462/11bfcb0a49ef4926a5b7ea8c6deaae36.png,2.0,10.0,0.69,805930270234717670,葱葱干挑面,面类,6.0,6.0,9992.0,否,https://img.pospal.cn/productImages/4542462/3074c934-50c3-4f8a-863f-a14f754e641d_200x200.jpg,2604022011426,,否,2026-04-02 20:12:40
4542462,袁记味饺(啡比店),广东省广州市从化区太平镇广从南路548内（菲比幸福）,13048077417,餐饮行业,09:50-21:28,是,https://img.pospal.cn/storeLogo/4542462/11bfcb0a49ef4926a5b7ea8c6deaae36.png,2.0,10.0,0.69,612570214843607128,纯肉干挑面,面类,9.9,9.9,8878.0,否,https://img.pospal.cn/productImages/4542462/38374aaf-d95e-44af-a9ea-1a50bc76bd9c_200x200.jpg,2604022012553,,否,2026-04-02 20:13:32
4542462,袁记味饺(啡比店),广东省广州市从化区太平镇广从南路548内（菲比幸福）,13048077417,餐饮行业,09:50-21:28,是,https://img.pospal.cn/storeLogo/4542462/11bfcb0a49ef4926a5b7ea8c6deaae36.png,2.0,10.0,0.69,218757714694482801,葱葱肉沫干挑面,面类,9.9,9.9,99985.0,否,https://img.pospal.cn/productImages/4542462/75b52ea9-cd76-42a5-a6e5-9eda4b560b71_200x200.jpg,2604022013451,,否,2026-04-02 20:14:14
4542462,袁记味饺(啡比店),广东省广州市从化区太平镇广从南路548内（菲比幸福）,13048077417,餐饮行业,09:50-21:28,是,https://img.pospal.cn/storeLogo/4542462/11bfcb0a49ef4926a5b7ea8c6deaae36.png,2.0,10.0,0.69,546007012094229082,剁椒肉沫干挑面,面类,9.9,9.9,8874.0,否,https://img.pospal.cn/productImages/4542462/ce5718ee-b662-4016-b223-15838f468543_200x200.jpg,2604022014298,,否,2026-04-02 20:15:01
4542462,袁记味饺(啡比店),广东省广州市从化区太平镇广从南路548内（菲比幸福）,13048077417,餐饮行业,09:50-21:28,是,https://img.pospal.cn/storeLogo/4542462/11bfcb0a49ef4926a5b7ea8c6deaae36.png,2.0,10.0,0.69,58674796825800733,全家福饺子,饺子类,12.0,12.0,9999.0,否,https://img.pospal.cn/productImages/4542462/e9c77b97-0758-453c-9582-6e1bfef105ac_200x200.jpg,2604021844292,,否,2026-04-02 18:46:42
4542462,袁记味饺(啡比店),广东省广州市从化区太平镇广从南路548内（菲比幸福）,13048077417,餐饮行业,09:50-21:28,是,https://img.pospal.cn/storeLogo/4542462/11bfcb0a49ef4926a5b7ea8c6deaae36.png,2.0,10.0,0.69,121463819240509419,全家福饺子,饺子类,15.0,15.0,998.0,否,https://img.pospal.cn/productImages/4542462/e9c77b97-0758-453c-9582-6e1bfef105ac_200x200.jpg,2604021844292-1,,否,2026-04-02 18:46:42
4542462,袁记味饺(啡比店),广东省广州市从化区太平镇广从南路548内（菲比幸福）,13048077417,餐饮行业,09:50-21:28,是,https://img.pospal.cn/storeLogo/4542462/11bfcb0a49ef4926a5b7ea8c6deaae36.png,2.0,10.0,0.69,770954097966354435,冬菇鲜肉饺子,饺子类,12.0,12.0,866.0,否,https://img.pospal.cn/productImages/4542462/3b12ac0e-992d-4641-9456-7b734a3e1bae_200x200.jpg,2604021846494,,否,2026-04-02 18:48:07
4542462,袁记味饺(啡比店),广东省广州市从化区太平镇广从南路548内（菲比幸福）,13048077417,餐饮行业,09:50-21:28,是,https://img.pospal.cn/storeLogo/4542462/11bfcb0a49ef4926a5b7ea8c6deaae36.png,2.0,10.0,0.69,931314044462151649,冬菇鲜肉饺子,饺子类,15.0,15.0,8869.0,否,https://img.pospal.cn/productImages/4542462/3b12ac0e-992d-4641-9456-7b734a3e1bae_200x200.jpg,2604021846494-1,,否,2026-04-02 18:48:07
4542462,袁记味饺(啡比店),广东省广州市从化区太平镇广从南路548内（菲比幸福）,13048077417,餐饮行业,09:50-21:28,是,https://img.pospal.cn/storeLogo/4542462/11bfcb0a49ef4926a5b7ea8c6deaae36.png,2.0,10.0,0.69,646891978470506808,玉米鲜肉饺子,饺子类,12.0,12.0,5847.0,否,https://img.pospal.cn/productImages/4542462/3b716bd2-53f8-4621-bd3a-e237d1a71236_200x200.jpg,2604021848184,,否,2026-04-02 18:49:19
4542462,袁记味饺(啡比店),广东省广州市从化区太平镇广从南路548内（菲比幸福）,13048077417,餐饮行业,09:50-21:28,是,https://img.pospal.cn/storeLogo/4542462/11bfcb0a49ef4926a5b7ea8c6deaae36.png,2.0,10.0,0.69,1039025887656258667,玉米鲜肉饺子,饺子类,15.0,15.0,854.0,否,https://img.pospal.cn/productImages/4542462/3b716bd2-53f8-4621-bd3a-e237d1a71236_200x200.jpg,2604021848184-1,,否,2026-04-02 18:49:19
4542462,袁记味饺(啡比店),广东省广州市从化区太平镇广从南路548内（菲比幸福）,13048077417,餐饮行业,09:50-21:28,是,https://img.pospal.cn/storeLogo/4542462/11bfcb0a49ef4926a5b7ea8c6deaae36.png,2.0,10.0,0.69,540949764655628188,韭菜鲜肉饺子,饺子类,12.0,12.0,8887.0,否,https://img.pospal.cn/productImages/4542462/68703eca-d3b9-4de9-91c9-60f65466c2a8_200x200.jpg,2604021849235,,否,2026-04-02 20:08:54
4542462,袁记味饺(啡比店),广东省广州市从化区太平镇广从南路548内（菲比幸福）,13048077417,餐饮行业,09:50-21:28,是,https://img.pospal.cn/storeLogo/4542462/11bfcb0a49ef4926a5b7ea8c6deaae36.png,2.0,10.0,0.69,58348354640860861,韭菜鲜肉饺子,饺子类,15.0,15.0,998.0,否,https://img.pospal.cn/productImages/4542462/68703eca-d3b9-4de9-91c9-60f65466c2a8_200x200.jpg,2604021849235-1,,否,2026-04-02 20:08:54
4542462,袁记味饺(啡比店),广东省广州市从化区太平镇广从南路548内（菲比幸福）,13048077417,餐饮行业,09:50-21:28,是,https://img.pospal.cn/storeLogo/4542462/11bfcb0a49ef4926a5b7ea8c6deaae36.png,2.0,10.0,0.69,856617015350428675,白菜鲜肉饺子,饺子类,12.0,12.0,6666.0,否,https://img.pospal.cn/productImages/4542462/273d65e4-3a3d-490e-aa49-20b88251d814_200x200.jpg,2604022009041,,否,2026-04-02 20:10:01
4542462,袁记味饺(啡比店),广东省广州市从化区太平镇广从南路548内（菲比幸福）,13048077417,餐饮行业,09:50-21:28,是,https://img.pospal.cn/storeLogo/4542462/11bfcb0a49ef4926a5b7ea8c6deaae36.png,2.0,10.0,0.69,82379796771336596,白菜鲜肉饺子,饺子类,15.0,15.0,999.0,否,https://img.pospal.cn/productImages/4542462/273d65e4-3a3d-490e-aa49-20b88251d814_200x200.jpg,2604022009041-1,,否,2026-04-02 20:10:01
4570708,陈记粿条汤（食堂二楼）,广东省广州市广州软件学院新食堂二楼,15914384552,餐饮行业,未设置,是,https://img.pospal.cn/storeLogo/4570708/b89ebb6b50354b628f3468c7d0b97d98.jpg,0,0,0,943023754093750813,猪杂汤粿条,粿条,10.0,10.0,54.0,否,https://img.pospal.cn/productImages/4570708/2f8f9216-8c7d-49da-abe0-acf401fd5d17_200x200.jpg,2604022201117,,否,2026-04-02 22:02:34
4570708,陈记粿条汤（食堂二楼）,广东省广州市广州软件学院新食堂二楼,15914384552,餐饮行业,未设置,是,https://img.pospal.cn/storeLogo/4570708/b89ebb6b50354b628f3468c7d0b97d98.jpg,0,0,0,432445216062272361,瘦肉汤粿条,粿条,10.0,10.0,77.0,否,https://img.pospal.cn/productImages/4570708/95b831e9-1650-448f-ad52-e1519f54d74b_200x200.jpg,2604022202381,,否,2026-04-02 22:03:37
4570708,陈记粿条汤（食堂二楼）,广东省广州市广州软件学院新食堂二楼,15914384552,餐饮行业,未设置,是,https://img.pospal.cn/storeLogo/4570708/b89ebb6b50354b628f3468c7d0b97d98.jpg,0,0,0,841486597131426487,肉卷汤粿条,粿条,10.0,10.0,88.0,否,https://img.pospal.cn/productImages/4570708/431d4413-4aef-4327-b59d-56b61b78c41e_200x200.jpg,2604022203401,,否,2026-04-02 22:04:34
4570708,陈记粿条汤（食堂二楼）,广东省广州市广州软件学院新食堂二楼,15914384552,餐饮行业,未设置,是,https://img.pospal.cn/storeLogo/4570708/b89ebb6b50354b628f3468c7d0b97d98.jpg,0,0,0,1131602984250261470,猪肝汤粿条,粿条,10.0,10.0,98.0,否,https://img.pospal.cn/productImages/0/default/food_200x200.png,2604022204385,,否,2026-04-02 22:05:30
4570708,陈记粿条汤（食堂二楼）,广东省广州市广州软件学院新食堂二楼,15914384552,餐饮行业,未设置,是,https://img.pospal.cn/storeLogo/4570708/b89ebb6b50354b628f3468c7d0b97d98.jpg,0,0,0,1085963246043091094,猪肉丸汤粿条,粿条,10.0,10.0,89.0,否,https://img.pospal.cn/productImages/4570708/8712eb7a-acdb-4989-af63-62d50f2d4a4b_200x200.jpg,2604022205344,,否,2026-04-02 22:06:35
4570708,陈记粿条汤（食堂二楼）,广东省广州市广州软件学院新食堂二楼,15914384552,餐饮行业,未设置,是,https://img.pospal.cn/storeLogo/4570708/b89ebb6b50354b628f3468c7d0b97d98.jpg,0,0,0,958585255723007670,猪粉肠汤粿条,粿条,12.0,12.0,98.0,否,https://img.pospal.cn/productImages/4570708/7979d264-f606-4a32-8c7f-10c04ef8d954_200x200.jpg,2604022206396,,否,2026-04-02 22:07:52
4570708,陈记粿条汤（食堂二楼）,广东省广州市广州软件学院新食堂二楼,15914384552,餐饮行业,未设置,是,https://img.pospal.cn/storeLogo/4570708/b89ebb6b50354b628f3468c7d0b97d98.jpg,0,0,0,741753496885375792,牛杂汤粿条,粿条,15.0,15.0,99.0,否,https://img.pospal.cn/productImages/4570708/5b11b379-7668-429b-980d-bf5330cbd6d9_200x200.jpg,2604022207591,,否,2026-04-02 22:08:42
4570708,陈记粿条汤（食堂二楼）,广东省广州市广州软件学院新食堂二楼,15914384552,餐饮行业,未设置,是,https://img.pospal.cn/storeLogo/4570708/b89ebb6b50354b628f3468c7d0b97d98.jpg,0,0,0,601833860706343302,牛腩汤粿条,粿条,15.0,15.0,99.0,否,https://img.pospal.cn/productImages/4570708/40663bff-5d84-407f-af4a-37066f65260e_200x200.jpg,2604022208451,,否,2026-04-02 22:09:33
4570708,陈记粿条汤（食堂二楼）,广东省广州市广州软件学院新食堂二楼,15914384552,餐饮行业,未设置,是,https://img.pospal.cn/storeLogo/4570708/b89ebb6b50354b628f3468c7d0b97d98.jpg,0,0,0,938278994831909255,鲜牛肉汤粿条,粿条,15.0,15.0,100.0,否,https://img.pospal.cn/productImages/0/default/food_200x200.png,2604022209366,,否,2026-04-02 22:10:25
4570708,陈记粿条汤（食堂二楼）,广东省广州市广州软件学院新食堂二楼,15914384552,餐饮行业,未设置,是,https://img.pospal.cn/storeLogo/4570708/b89ebb6b50354b628f3468c7d0b97d98.jpg,0,0,0,85939195044489931,牛肉丸汤粿条,粿条,15.0,15.0,99.0,否,https://img.pospal.cn/productImages/4570708/c4e03cde-3939-4c43-9069-f4ba6914c48f_200x200.jpg,2604022210287,,否,2026-04-02 22:11:16
4570708,陈记粿条汤（食堂二楼）,广东省广州市广州软件学院新食堂二楼,15914384552,餐饮行业,未设置,是,https://img.pospal.cn/storeLogo/4570708/b89ebb6b50354b628f3468c7d0b97d98.jpg,0,0,0,33919597065707243,瘦肉汤手工面,面,10.0,10.0,87.0,否,https://img.pospal.cn/productImages/4570708/85954472-3ed4-4f5d-8d88-e8458cdcc4ca_200x200.jpg,2604072050598,,否,2026-04-07 20:51:28
4570708,陈记粿条汤（食堂二楼）,广东省广州市广州软件学院新食堂二楼,15914384552,餐饮行业,未设置,是,https://img.pospal.cn/storeLogo/4570708/b89ebb6b50354b628f3468c7d0b97d98.jpg,0,0,0,294941550515426472,猪杂汤手工面,面,10.0,10.0,95.0,否,https://img.pospal.cn/productImages/0/default/food_200x200.png,2604072051328,,否,2026-04-07 20:52:09
4570708,陈记粿条汤（食堂二楼）,广东省广州市广州软件学院新食堂二楼,15914384552,餐饮行业,未设置,是,https://img.pospal.cn/storeLogo/4570708/b89ebb6b50354b628f3468c7d0b97d98.jpg,0,0,0,33935586482112122,猪肝汤手工面,面,10.0,10.0,99.0,否,https://img.pospal.cn/productImages/0/default/food_200x200.png,2604072052127,,否,2026-04-07 20:52:38
4570708,陈记粿条汤（食堂二楼）,广东省广州市广州软件学院新食堂二楼,15914384552,餐饮行业,未设置,是,https://img.pospal.cn/storeLogo/4570708/b89ebb6b50354b628f3468c7d0b97d98.jpg,0,0,0,811432127809360802,肉卷汤手工面,面,10.0,10.0,99.0,否,https://img.pospal.cn/productImages/0/default/food_200x200.png,2604072052479,,否,2026-04-07 20:53:06
4570708,陈记粿条汤（食堂二楼）,广东省广州市广州软件学院新食堂二楼,15914384552,餐饮行业,未设置,是,https://img.pospal.cn/storeLogo/4570708/b89ebb6b50354b628f3468c7d0b97d98.jpg,0,0,0,248966264897016709,猪粉汤手工面,面,10.0,10.0,100.0,否,https://img.pospal.cn/productImages/0/default/food_200x200.png,2604072053445,,否,2026-04-07 20:54:01
4570708,陈记粿条汤（食堂二楼）,广东省广州市广州软件学院新食堂二楼,15914384552,餐饮行业,未设置,是,https://img.pospal.cn/storeLogo/4570708/b89ebb6b50354b628f3468c7d0b97d98.jpg,0,0,0,259811489272161956,猪肉丸汤手工面,面,10.0,10.0,99.0,否,https://img.pospal.cn/productImages/0/default/food_200x200.png,2604072054114,,否,2026-04-07 20:54:32
4570708,陈记粿条汤（食堂二楼）,广东省广州市广州软件学院新食堂二楼,15914384552,餐饮行业,未设置,是,https://img.pospal.cn/storeLogo/4570708/b89ebb6b50354b628f3468c7d0b97d98.jpg,0,0,0,879446471679594995,牛腩汤手工面,面,15.0,15.0,99.0,否,https://img.pospal.cn/productImages/4570708/eee9db31-41a3-4ff2-991d-2e7b98da44c9_200x200.jpg,2604072048250,,否,2026-04-07 20:49:02
4570708,陈记粿条汤（食堂二楼）,广东省广州市广州软件学院新食堂二楼,15914384552,餐饮行业,未设置,是,https://img.pospal.cn/storeLogo/4570708/b89ebb6b50354b628f3468c7d0b97d98.jpg,0,0,0,1128280870295857660,牛杂汤手工面,面,15.0,15.0,100.0,否,https://img.pospal.cn/productImages/0/default/food_200x200.png,2604072049141,,否,2026-04-07 20:49:43
4570708,陈记粿条汤（食堂二楼）,广东省广州市广州软件学院新食堂二楼,15914384552,餐饮行业,未设置,是,https://img.pospal.cn/storeLogo/4570708/b89ebb6b50354b628f3468c7d0b97d98.jpg,0,0,0,971597608364706851,鲜牛肉汤手工面,面,15.0,15.0,99.0,否,https://img.pospal.cn/productImages/0/default/food_200x200.png,2604072049462,,否,2026-04-07 20:50:17
4570708,陈记粿条汤（食堂二楼）,广东省广州市广州软件学院新食堂二楼,15914384552,餐饮行业,未设置,是,https://img.pospal.cn/storeLogo/4570708/b89ebb6b50354b628f3468c7d0b97d98.jpg,0,0,0,1118668589638175059,牛肉丸汤手工面,面,15.0,15.0,100.0,否,https://img.pospal.cn/productImages/0/default/food_200x200.png,2604072050253,,否,2026-04-07 20:50:50
4570708,陈记粿条汤（食堂二楼）,广东省广州市广州软件学院新食堂二楼,15914384552,餐饮行业,未设置,是,https://img.pospal.cn/storeLogo/4570708/b89ebb6b50354b628f3468c7d0b97d98.jpg,0,0,0,957578423146831669,牛肉丸（1粒）,加料,3.0,3.0,985.0,否,https://img.pospal.cn/productImages/0/default/food_200x200.png,2604022214285,,否,2026-04-02 22:15:04
4570708,陈记粿条汤（食堂二楼）,广东省广州市广州软件学院新食堂二楼,15914384552,餐饮行业,未设置,是,https://img.pospal.cn/storeLogo/4570708/b89ebb6b50354b628f3468c7d0b97d98.jpg,0,0,0,519558141634410728,猪肉丸（1粒）,加料,1.0,1.0,944.0,否,https://img.pospal.cn/productImages/0/default/food_200x200.png,2604022215084,,否,2026-04-02 22:15:24
4570708,陈记粿条汤（食堂二楼）,广东省广州市广州软件学院新食堂二楼,15914384552,餐饮行业,未设置,是,https://img.pospal.cn/storeLogo/4570708/b89ebb6b50354b628f3468c7d0b97d98.jpg,0,0,0,283791222325726200,枸杞菜,加料,1.0,1.0,995.0,否,https://img.pospal.cn/productImages/0/default/food_200x200.png,2604022215275,,否,2026-04-02 22:15:48
4570708,陈记粿条汤（食堂二楼）,广东省广州市广州软件学院新食堂二楼,15914384552,餐饮行业,未设置,是,https://img.pospal.cn/storeLogo/4570708/b89ebb6b50354b628f3468c7d0b97d98.jpg,0,0,0,742912916778112315,蟹皇面（1包）,加料,2.0,2.0,995.0,否,https://img.pospal.cn/productImages/0/default/food_200x200.png,2605182205427,,否,2026-05-18 22:06:26
4570708,陈记粿条汤（食堂二楼）,广东省广州市广州软件学院新食堂二楼,15914384552,餐饮行业,未设置,是,https://img.pospal.cn/storeLogo/4570708/b89ebb6b50354b628f3468c7d0b97d98.jpg,0,0,0,148971056853676862,瘦肉汤饭,饭,12.0,12.0,62.0,否,https://img.pospal.cn/productImages/4570708/bae6555e-3d81-48a1-b5bc-be521760b9dd_200x200.jpg,2604072057474,,否,2026-04-07 20:58:17
4570708,陈记粿条汤（食堂二楼）,广东省广州市广州软件学院新食堂二楼,15914384552,餐饮行业,未设置,是,https://img.pospal.cn/storeLogo/4570708/b89ebb6b50354b628f3468c7d0b97d98.jpg,0,0,0,618045241764567272,猪杂汤饭,饭,12.0,12.0,60.0,否,https://img.pospal.cn/productImages/4570708/323f9cb7-1dbd-4024-9b1a-1d0d48309526_200x200.jpg,2604072058235,,否,2026-04-07 20:58:45
4570708,陈记粿条汤（食堂二楼）,广东省广州市广州软件学院新食堂二楼,15914384552,餐饮行业,未设置,是,https://img.pospal.cn/storeLogo/4570708/b89ebb6b50354b628f3468c7d0b97d98.jpg,0,0,0,683989906835880967,猪肝汤饭,饭,12.0,12.0,100.0,否,https://img.pospal.cn/productImages/0/default/food_200x200.png,2604072058488,,否,2026-04-07 20:59:17
4570708,陈记粿条汤（食堂二楼）,广东省广州市广州软件学院新食堂二楼,15914384552,餐饮行业,未设置,是,https://img.pospal.cn/storeLogo/4570708/b89ebb6b50354b628f3468c7d0b97d98.jpg,0,0,0,216820021966143398,肉卷汤饭,饭,12.0,12.0,97.0,否,https://img.pospal.cn/productImages/4570708/e6fafd4c-ddec-46bf-af1e-07ee1206889e_200x200.jpg,2604072059423,,否,2026-04-07 21:00:05
4570708,陈记粿条汤（食堂二楼）,广东省广州市广州软件学院新食堂二楼,15914384552,餐饮行业,未设置,是,https://img.pospal.cn/storeLogo/4570708/b89ebb6b50354b628f3468c7d0b97d98.jpg,0,0,0,406461848290262103,猪粉肠汤饭,饭,12.0,12.0,97.0,否,https://img.pospal.cn/productImages/0/default/food_200x200.png,2604072100095,,否,2026-04-07 21:00:34
4570708,陈记粿条汤（食堂二楼）,广东省广州市广州软件学院新食堂二楼,15914384552,餐饮行业,未设置,是,https://img.pospal.cn/storeLogo/4570708/b89ebb6b50354b628f3468c7d0b97d98.jpg,0,0,0,662537648906091567,猪肉丸汤饭,饭,12.0,12.0,98.0,否,https://img.pospal.cn/productImages/0/default/food_200x200.png,2604072100361,,否,2026-04-07 21:00:59
4570708,陈记粿条汤（食堂二楼）,广东省广州市广州软件学院新食堂二楼,15914384552,餐饮行业,未设置,是,https://img.pospal.cn/storeLogo/4570708/b89ebb6b50354b628f3468c7d0b97d98.jpg,0,0,0,347428532274696633,牛腩汤饭,饭,15.0,15.0,98.0,否,https://img.pospal.cn/productImages/0/default/food_200x200.png,2604072055029,,否,2026-04-07 20:55:27
4570708,陈记粿条汤（食堂二楼）,广东省广州市广州软件学院新食堂二楼,15914384552,餐饮行业,未设置,是,https://img.pospal.cn/storeLogo/4570708/b89ebb6b50354b628f3468c7d0b97d98.jpg,0,0,0,274085781581116478,牛杂汤饭,饭,15.0,15.0,100.0,否,https://img.pospal.cn/productImages/4570708/f415ab2f-8c3e-4404-aff4-c9bf79d81f77_200x200.jpg,2604072055418,,否,2026-04-07 20:55:57
4570708,陈记粿条汤（食堂二楼）,广东省广州市广州软件学院新食堂二楼,15914384552,餐饮行业,未设置,是,https://img.pospal.cn/storeLogo/4570708/b89ebb6b50354b628f3468c7d0b97d98.jpg,0,0,0,1045450186926735923,鲜牛肉汤饭,饭,15.0,15.0,100.0,否,https://img.pospal.cn/productImages/0/default/food_200x200.png,2604072056071,,否,2026-04-07 20:56:28
4570708,陈记粿条汤（食堂二楼）,广东省广州市广州软件学院新食堂二楼,15914384552,餐饮行业,未设置,是,https://img.pospal.cn/storeLogo/4570708/b89ebb6b50354b628f3468c7d0b97d98.jpg,0,0,0,621193346122871607,牛肉丸汤饭,饭,15.0,15.0,100.0,否,https://img.pospal.cn/productImages/0/default/food_200x200.png,2604072057146,,否,2026-04-07 20:57:39
4570708,陈记粿条汤（食堂二楼）,广东省广州市广州软件学院新食堂二楼,15914384552,餐饮行业,未设置,是,https://img.pospal.cn/storeLogo/4570708/b89ebb6b50354b628f3468c7d0b97d98.jpg,0,0,0,693428729230338156,猪杂蟹皇面,蟹皇面,12.0,12.0,94.0,否,https://img.pospal.cn/productImages/0/default/food_200x200.png,2605182157146,,否,2026-05-18 21:58:44
4570708,陈记粿条汤（食堂二楼）,广东省广州市广州软件学院新食堂二楼,15914384552,餐饮行业,未设置,是,https://img.pospal.cn/storeLogo/4570708/b89ebb6b50354b628f3468c7d0b97d98.jpg,0,0,0,619234415202221695,瘦肉蟹皇面,蟹皇面,12.0,12.0,92.0,否,https://img.pospal.cn/productImages/0/default/food_200x200.png,2605182159065,,否,2026-05-18 21:59:31
4570708,陈记粿条汤（食堂二楼）,广东省广州市广州软件学院新食堂二楼,15914384552,餐饮行业,未设置,是,https://img.pospal.cn/storeLogo/4570708/b89ebb6b50354b628f3468c7d0b97d98.jpg,0,0,0,459639736073354506,肉卷蟹皇面,蟹皇面,12.0,12.0,97.0,否,https://img.pospal.cn/productImages/0/default/food_200x200.png,2605182159492,,否,2026-05-18 22:00:34
4570708,陈记粿条汤（食堂二楼）,广东省广州市广州软件学院新食堂二楼,15914384552,餐饮行业,未设置,是,https://img.pospal.cn/storeLogo/4570708/b89ebb6b50354b628f3468c7d0b97d98.jpg,0,0,0,804468151847582716,猪干蟹皇面,蟹皇面,12.0,12.0,100.0,否,https://img.pospal.cn/productImages/0/default/food_200x200.png,2605182200422,,否,2026-05-18 22:01:12
4570708,陈记粿条汤（食堂二楼）,广东省广州市广州软件学院新食堂二楼,15914384552,餐饮行业,未设置,是,https://img.pospal.cn/storeLogo/4570708/b89ebb6b50354b628f3468c7d0b97d98.jpg,0,0,0,34155991519828535,猪粉肠蟹皇面,蟹皇面,12.0,12.0,100.0,否,https://img.pospal.cn/productImages/0/default/food_200x200.png,2605182202037,,否,2026-05-18 22:02:30
4570708,陈记粿条汤（食堂二楼）,广东省广州市广州软件学院新食堂二楼,15914384552,餐饮行业,未设置,是,https://img.pospal.cn/storeLogo/4570708/b89ebb6b50354b628f3468c7d0b97d98.jpg,0,0,0,98244858168620340,猪肉丸蟹皇面,蟹皇面,12.0,12.0,99.0,否,https://img.pospal.cn/productImages/0/default/food_200x200.png,2605182203393,,否,2026-05-18 22:04:17
4570708,陈记粿条汤（食堂二楼）,广东省广州市广州软件学院新食堂二楼,15914384552,餐饮行业,未设置,是,https://img.pospal.cn/storeLogo/4570708/b89ebb6b50354b628f3468c7d0b97d98.jpg,0,0,0,576570992639748886,牛腩蟹皇面,蟹皇面,15.0,15.0,99.0,否,https://img.pospal.cn/productImages/0/default/food_200x200.png,2605182153032,,否,2026-05-18 21:53:50
4570708,陈记粿条汤（食堂二楼）,广东省广州市广州软件学院新食堂二楼,15914384552,餐饮行业,未设置,是,https://img.pospal.cn/storeLogo/4570708/b89ebb6b50354b628f3468c7d0b97d98.jpg,0,0,0,470411430340211787,牛杂蟹皇面,蟹皇面,15.0,15.0,97.0,否,https://img.pospal.cn/productImages/0/default/food_200x200.png,2605182153551,,否,2026-05-18 21:54:35
4570708,陈记粿条汤（食堂二楼）,广东省广州市广州软件学院新食堂二楼,15914384552,餐饮行业,未设置,是,https://img.pospal.cn/storeLogo/4570708/b89ebb6b50354b628f3468c7d0b97d98.jpg,0,0,0,1048364666385771202,鲜牛肉蟹皇面1,蟹皇面,15.0,15.0,100.0,否,https://img.pospal.cn/productImages/0/default/food_200x200.png,2605182155012,,否,2026-05-18 21:55:28
4570708,陈记粿条汤（食堂二楼）,广东省广州市广州软件学院新食堂二楼,15914384552,餐饮行业,未设置,是,https://img.pospal.cn/storeLogo/4570708/b89ebb6b50354b628f3468c7d0b97d98.jpg,0,0,0,736723803398488290,牛肉丸蟹皇面,蟹皇面,15.0,15.0,98.0,否,https://img.pospal.cn/productImages/0/default/food_200x200.png,2605182155500,,否,2026-05-18 21:56:16
4573638,潮汕砂锅菜（二食堂）,广东省广州市广州软件学院二食堂,16676555216,餐饮行业,09:31-21:00,是,https://img.pospal.cn/storeLogo/518de57e-eb79-40c9-a75b-3b9518472105.jpg,0,0,0,522271366390819727,1肉+1配菜+1青菜+米饭,套餐,11.0,11.0,0.0,否,https://img.pospal.cn/productImages/4573638/83f6ff85-f15b-4691-9ae3-c0fe739bd841_200x200.jpg,2504121536472,,否,2025-04-12 15:38:37
4573638,潮汕砂锅菜（二食堂）,广东省广州市广州软件学院二食堂,16676555216,餐饮行业,09:31-21:00,是,https://img.pospal.cn/storeLogo/518de57e-eb79-40c9-a75b-3b9518472105.jpg,0,0,0,265070414653669084,1肉+2配菜+1青菜+米饭,套餐,13.0,13.0,0.0,否,https://img.pospal.cn/productImages/4573638/06175a08-bd82-41a4-88da-6d46e30e425c_200x200.jpg,2504121539060,,否,2025-04-12 15:39:45
4573638,潮汕砂锅菜（二食堂）,广东省广州市广州软件学院二食堂,16676555216,餐饮行业,09:31-21:00,是,https://img.pospal.cn/storeLogo/518de57e-eb79-40c9-a75b-3b9518472105.jpg,0,0,0,362878874775185985,2肉+1配菜+1青菜+米饭,套餐,15.0,15.0,0.0,否,https://img.pospal.cn/productImages/4573638/7d780905-13b4-43ea-897f-b1ddeb3cb15e_200x200.jpg,2504121539503,,否,2025-04-12 15:40:34
4573638,潮汕砂锅菜（二食堂）,广东省广州市广州软件学院二食堂,16676555216,餐饮行业,09:31-21:00,是,https://img.pospal.cn/storeLogo/518de57e-eb79-40c9-a75b-3b9518472105.jpg,0,0,0,290461970958319313,加饭,套餐,2.0,2.0,0.0,否,https://img.pospal.cn/productImages/4573638/3f250fe0-2e64-46fd-b5f6-d46995e36cc4_200x200.jpg,2606272305447,,否,2026-06-27 23:06:36
4188030,柠著(广软图书馆店),广东省广州市广软学院图书馆旁边,13751745380,茶饮行业,09:40-22:57,是,https://img.pospal.cn/storeLogo/de207d34-84e3-4cf5-bc10-57c57c523fc6.jpg,2.0,6.0,0.72,1021357998142897882,西瓜冰沙（冷）,今日最优惠,5.9,5.9,9184.0,否,https://img.pospal.cn/productImages/4188030/b40c5514-da59-4728-a396-f689617252bc_200x200.jpg,2203041745352,,否,2022-03-07 18:40:25
4188030,柠著(广软图书馆店),广东省广州市广软学院图书馆旁边,13751745380,茶饮行业,09:40-22:57,是,https://img.pospal.cn/storeLogo/de207d34-84e3-4cf5-bc10-57c57c523fc6.jpg,2.0,6.0,0.72,883935100095555914,鲜爽西瓜汁（冷）,今日最优惠,5.9,5.9,9724.0,否,https://img.pospal.cn/productImages/4188030/faeb42dc-a195-485a-8017-6856cc611c24_200x200.jpg,2203041744003,,否,2022-03-07 18:40:25
4188030,柠著(广软图书馆店),广东省广州市广软学院图书馆旁边,13751745380,茶饮行业,09:40-22:57,是,https://img.pospal.cn/storeLogo/de207d34-84e3-4cf5-bc10-57c57c523fc6.jpg,2.0,6.0,0.72,643189939105472007,A加店家微信进群，配送门岗不收费！,今日最优惠,999.0,999.0,9999.0,否,https://img.pospal.cn/productImages/4188030/564adccd-1dcc-40e9-8cc6-79a081b0c8b8_200x200.jpg,2008241233599,小二下单堂食，备注哪个门岗，可免费配送各门岗,否,2022-03-07 18:40:25
4188030,柠著(广软图书馆店),广东省广州市广软学院图书馆旁边,13751745380,茶饮行业,09:40-22:57,是,https://img.pospal.cn/storeLogo/de207d34-84e3-4cf5-bc10-57c57c523fc6.jpg,2.0,6.0,0.72,800644234116670840,山茶花乌龙,今日最优惠,3.0,3.0,696.0,否,https://img.pospal.cn/productImages/4188030/45851574-e49f-48ac-9af5-cda3dc434788_200x200.png,2209251459478,,否,2022-09-25 15:00:27
4188030,柠著(广软图书馆店),广东省广州市广软学院图书馆旁边,13751745380,茶饮行业,09:40-22:57,是,https://img.pospal.cn/storeLogo/de207d34-84e3-4cf5-bc10-57c57c523fc6.jpg,2.0,6.0,0.72,207352844850442828,话梅柠檬茶,今日最优惠,6.9,6.9,1060.0,否,https://img.pospal.cn/productImages/4188030/ca8fcb4e-68ce-4e62-a95e-1f6e67d3eef5_200x200.jpg,2211251318280,,否,2022-11-25 13:18:46
4188030,柠著(广软图书馆店),广东省广州市广软学院图书馆旁边,13751745380,茶饮行业,09:40-22:57,是,https://img.pospal.cn/storeLogo/de207d34-84e3-4cf5-bc10-57c57c523fc6.jpg,2.0,6.0,0.72,565194834924419689,花田乌龙鲜奶茶,今日最优惠,7.9,7.9,886.0,否,https://img.pospal.cn/productImages/4188030/5de13cd6-5f3f-4b75-9065-ad2bbc527ca6_200x200.jpg,2035957720945,,否,2023-04-14 15:00:51
4188030,柠著(广软图书馆店),广东省广州市广软学院图书馆旁边,13751745380,茶饮行业,09:40-22:57,是,https://img.pospal.cn/storeLogo/de207d34-84e3-4cf5-bc10-57c57c523fc6.jpg,2.0,6.0,0.72,795760006071195125,老红糖珍珠牛乳,今日最优惠,7.9,7.9,9971.0,否,https://img.pospal.cn/productImages/4188030/15dec406-d089-4a20-9e73-dd3df108886d_200x200.jpg,2949349062967,,否,2023-10-09 11:43:13
4188030,柠著(广软图书馆店),广东省广州市广软学院图书馆旁边,13751745380,茶饮行业,09:40-22:57,是,https://img.pospal.cn/storeLogo/de207d34-84e3-4cf5-bc10-57c57c523fc6.jpg,2.0,6.0,0.72,772064141693026707,牛油果甘露,今日最优惠,12.8,12.8,100.0,否,https://img.pospal.cn/productImages/4188030/1aa8b448-fdab-4e6a-a8a2-575586f8b0dd_200x200.jpg,2476129733972,,否,2024-03-29 11:57:23
4188030,柠著(广软图书馆店),广东省广州市广软学院图书馆旁边,13751745380,茶饮行业,09:40-22:57,是,https://img.pospal.cn/storeLogo/de207d34-84e3-4cf5-bc10-57c57c523fc6.jpg,2.0,6.0,0.72,603405686155304998,一桶伯爵奶茶（两斤装）,今日最优惠,8.8,8.8,1070.0,否,https://img.pospal.cn/productImages/4188030/e1f7f897-f971-4546-9a5d-e58c3fcb4b62_200x200.jpg,2439418275232,原料，皇家伯爵红茶，小泽妹炼奶奶粉，味道浓郁，香味持久，一大桶喝起来特别满足,否,2024-10-09 22:59:55
4188030,柠著(广软图书馆店),广东省广州市广软学院图书馆旁边,13751745380,茶饮行业,09:40-22:57,是,https://img.pospal.cn/storeLogo/de207d34-84e3-4cf5-bc10-57c57c523fc6.jpg,2.0,6.0,0.72,691541376924988119,泰式咸法酪-中杯,今日最优惠,11.0,11.0,108.0,否,https://img.pospal.cn/productImages/4188030/46e9729d-7023-4aea-aab0-b09828c0dde8_200x200.jpg,2381686235121,,否,2025-06-06 12:30:34
4188030,柠著(广软图书馆店),广东省广州市广软学院图书馆旁边,13751745380,茶饮行业,09:40-22:57,是,https://img.pospal.cn/storeLogo/de207d34-84e3-4cf5-bc10-57c57c523fc6.jpg,2.0,6.0,0.72,990653044001549303,泰绿咸法酪-中杯,今日最优惠,11.0,11.0,286.0,否,https://img.pospal.cn/productImages/4188030/13ffd524-a6ef-4f4f-922e-fdd818d46dd6_200x200.jpg,2898964071253,,否,2025-06-21 13:32:33
4188030,柠著(广软图书馆店),广东省广州市广软学院图书馆旁边,13751745380,茶饮行业,09:40-22:57,是,https://img.pospal.cn/storeLogo/de207d34-84e3-4cf5-bc10-57c57c523fc6.jpg,2.0,6.0,0.72,470622895494417307,一桶西瓜啵啵,今日最优惠,9.9,9.9,1108.0,否,https://img.pospal.cn/productImages/0/default/default_200x200.png,2955792173150,,否,2026-06-02 16:06:36
4188030,柠著(广软图书馆店),广东省广州市广软学院图书馆旁边,13751745380,茶饮行业,09:40-22:57,是,https://img.pospal.cn/storeLogo/de207d34-84e3-4cf5-bc10-57c57c523fc6.jpg,2.0,6.0,0.72,1100499787613669699,多肉葡萄（冷）,鲜果鲜茶,10.0,10.0,9951.0,否,https://img.pospal.cn/productImages/4188030/feabc3bf-1487-4a68-8191-87570bdfc8a6_200x200.jpg,6966120324224,,否,2022-03-07 18:40:25
4188030,柠著(广软图书馆店),广东省广州市广软学院图书馆旁边,13751745380,茶饮行业,09:40-22:57,是,https://img.pospal.cn/storeLogo/de207d34-84e3-4cf5-bc10-57c57c523fc6.jpg,2.0,6.0,0.72,318019629851799928,茉莉蜜桃（冷）,鲜果鲜茶,9.0,9.0,884.0,否,https://img.pospal.cn/productImages/4188030/fe9a05ac-5675-4d3e-b4f0-5c73403d830d_200x200.jpg,6954120325724,,否,2022-03-07 18:40:25
4188030,柠著(广软图书馆店),广东省广州市广软学院图书馆旁边,13751745380,茶饮行业,09:40-22:57,是,https://img.pospal.cn/storeLogo/de207d34-84e3-4cf5-bc10-57c57c523fc6.jpg,2.0,6.0,0.72,851484025675112571,西瓜啵啵（冷）,鲜果鲜茶,10.0,10.0,71.0,否,https://img.pospal.cn/productImages/4188030/cb499159-ce28-4c26-9489-ad1976bd1f26_200x200.jpg,6922120323124,,否,2022-03-07 18:40:25
4188030,柠著(广软图书馆店),广东省广州市广软学院图书馆旁边,13751745380,茶饮行业,09:40-22:57,是,https://img.pospal.cn/storeLogo/de207d34-84e3-4cf5-bc10-57c57c523fc6.jpg,2.0,6.0,0.72,871836300256161333,鲜爽芒果汁（冷）,鲜果鲜茶,8.0,8.0,997.0,否,https://img.pospal.cn/productImages/4188030/c9dc3115-53eb-4b85-86f4-bf8fd66c05f0_200x200.jpg,2203041744164,,否,2022-03-07 18:40:25
4188030,柠著(广软图书馆店),广东省广州市广软学院图书馆旁边,13751745380,茶饮行业,09:40-22:57,是,https://img.pospal.cn/storeLogo/de207d34-84e3-4cf5-bc10-57c57c523fc6.jpg,2.0,6.0,0.72,440913215683308076,鲜百香双响炮（冷）,鲜果鲜茶,7.0,7.0,822.0,否,https://img.pospal.cn/productImages/4188030/ae5405df-b1f1-4754-ab20-0201a6cff381_200x200.jpg,2203041743396,,否,2022-03-07 18:40:25
4188030,柠著(广软图书馆店),广东省广州市广软学院图书馆旁边,13751745380,茶饮行业,09:40-22:57,是,https://img.pospal.cn/storeLogo/de207d34-84e3-4cf5-bc10-57c57c523fc6.jpg,2.0,6.0,0.72,413712975434138874,西瓜椰椰,鲜果鲜茶,13.0,13.0,81.0,否,https://img.pospal.cn/productImages/4188030/49258c67-3b8e-4925-b916-817959ac61c0_200x200.jpg,2839478528840,,否,2022-09-01 13:43:21
4188030,柠著(广软图书馆店),广东省广州市广软学院图书馆旁边,13751745380,茶饮行业,09:40-22:57,是,https://img.pospal.cn/storeLogo/de207d34-84e3-4cf5-bc10-57c57c523fc6.jpg,2.0,6.0,0.72,60829441196357534,多肉茉莉青提,鲜果鲜茶,11.0,11.0,9975.0,否,https://img.pospal.cn/productImages/4188030/5054c189-fd2b-41ac-b900-938d8daecc10_200x200.jpg,2211251317498,,否,2022-11-25 13:18:20
4188030,柠著(广软图书馆店),广东省广州市广软学院图书馆旁边,13751745380,茶饮行业,09:40-22:57,是,https://img.pospal.cn/storeLogo/de207d34-84e3-4cf5-bc10-57c57c523fc6.jpg,2.0,6.0,0.72,368963337762437255,芒果冰沙,鲜果鲜茶,10.0,10.0,998.0,否,https://img.pospal.cn/productImages/0/default/default_200x200.png,2632373751098,,否,2024-05-09 19:13:59
4188030,柠著(广软图书馆店),广东省广州市广软学院图书馆旁边,13751745380,茶饮行业,09:40-22:57,是,https://img.pospal.cn/storeLogo/de207d34-84e3-4cf5-bc10-57c57c523fc6.jpg,2.0,6.0,0.72,1149586121087684373,多肉葡萄冰,鲜果鲜茶,10.0,10.0,9976.0,否,https://img.pospal.cn/productImages/4188030/e116a354-e40d-41a8-baac-c14278e6f00a_200x200.jpg,2316206448903,,否,2025-06-11 12:54:40
4188030,柠著(广软图书馆店),广东省广州市广软学院图书馆旁边,13751745380,茶饮行业,09:40-22:57,是,https://img.pospal.cn/storeLogo/de207d34-84e3-4cf5-bc10-57c57c523fc6.jpg,2.0,6.0,0.72,788372322319507404,青爽芭乐提,鲜果鲜茶,13.0,13.0,0.0,是,https://img.pospal.cn/productImages/4188030/95ea8e09-7701-40e8-93c0-9ac4f7c807e0_200x200.jpg,2556797765007,,否,2025-10-10 20:51:53
4188030,柠著(广软图书馆店),广东省广州市广软学院图书馆旁边,13751745380,茶饮行业,09:40-22:57,是,https://img.pospal.cn/storeLogo/de207d34-84e3-4cf5-bc10-57c57c523fc6.jpg,2.0,6.0,0.72,687494178904225584,竹蔗茅根饮,元气膳饮,7.0,7.0,0.0,是,https://img.pospal.cn/productImages/4188030/90f65eec-6391-4ea2-a3fe-854945b54c32_200x200.jpg,0402829767148,,否,2026-04-29 11:14:58
4188030,柠著(广软图书馆店),广东省广州市广软学院图书馆旁边,13751745380,茶饮行业,09:40-22:57,是,https://img.pospal.cn/storeLogo/de207d34-84e3-4cf5-bc10-57c57c523fc6.jpg,2.0,6.0,0.72,967250780054055021,淮山薏米饮,元气膳饮,7.0,7.0,0.0,是,https://img.pospal.cn/productImages/4188030/05063202-2643-4c93-8fa3-9f68cd0ed8e1_200x200.jpg,2215720860256,,否,2026-04-29 11:17:04
4188030,柠著(广软图书馆店),广东省广州市广软学院图书馆旁边,13751745380,茶饮行业,09:40-22:57,是,https://img.pospal.cn/storeLogo/de207d34-84e3-4cf5-bc10-57c57c523fc6.jpg,2.0,6.0,0.72,1043340492917350686,菊花葛根饮,元气膳饮,7.0,7.0,0.0,是,https://img.pospal.cn/productImages/4188030/4c90419f-422c-4007-8b27-0bb30f3262f7_200x200.jpg,2046270676581,,否,2026-04-29 11:17:47
4188030,柠著(广软图书馆店),广东省广州市广软学院图书馆旁边,13751745380,茶饮行业,09:40-22:57,是,https://img.pospal.cn/storeLogo/de207d34-84e3-4cf5-bc10-57c57c523fc6.jpg,2.0,6.0,0.72,1116001803488282677,草莓蛋糕果茶（冷）,布蕾果茶,13.0,13.0,887.0,否,https://img.pospal.cn/productImages/4188030/f0846882-f92e-4358-b9bc-f625ed157f19_200x200.jpg,6982020202924,,否,2022-03-07 18:40:25
4188030,柠著(广软图书馆店),广东省广州市广软学院图书馆旁边,13751745380,茶饮行业,09:40-22:57,是,https://img.pospal.cn/storeLogo/de207d34-84e3-4cf5-bc10-57c57c523fc6.jpg,2.0,6.0,0.72,609639747988228728,芒芒蛋糕果茶（冷）,布蕾果茶,14.0,14.0,886.0,否,https://img.pospal.cn/productImages/4188030/9ced1c98-c020-473d-88ca-f205d2dfe4d4_200x200.jpg,6971620214224,,否,2022-03-07 18:40:25
4188030,柠著(广软图书馆店),广东省广州市广软学院图书馆旁边,13751745380,茶饮行业,09:40-22:57,是,https://img.pospal.cn/storeLogo/de207d34-84e3-4cf5-bc10-57c57c523fc6.jpg,2.0,6.0,0.72,1030897367287689528,布蕾啵啵奶茶（冷）,布蕾果茶,11.0,11.0,886.0,否,https://img.pospal.cn/productImages/4188030/12ac3585-5a91-46ad-9c32-eeb14e01ed72_200x200.jpg,6963620210624,,否,2022-03-07 18:40:25
4188030,柠著(广软图书馆店),广东省广州市广软学院图书馆旁边,13751745380,茶饮行业,09:40-22:57,是,https://img.pospal.cn/storeLogo/de207d34-84e3-4cf5-bc10-57c57c523fc6.jpg,2.0,6.0,0.72,220094167721445885,奥利奥蛋糕奶茶（冷）,布蕾果茶,12.0,12.0,887.0,否,https://img.pospal.cn/productImages/4188030/13bdf7c5-22fa-41e0-a9e8-1f1bf911711c_200x200.jpg,6950920212924,,否,2022-03-07 18:40:25
4188030,柠著(广软图书馆店),广东省广州市广软学院图书馆旁边,13751745380,茶饮行业,09:40-22:57,是,https://img.pospal.cn/storeLogo/de207d34-84e3-4cf5-bc10-57c57c523fc6.jpg,2.0,6.0,0.72,1080865249341818820,芋泥布蕾奶茶（冷）,布蕾果茶,13.0,13.0,888.0,否,https://img.pospal.cn/productImages/4188030/03675d3e-a429-4fed-bbf5-d27a42aed68f_200x200.jpg,6950020201424,,否,2022-03-07 18:40:25
4188030,柠著(广软图书馆店),广东省广州市广软学院图书馆旁边,13751745380,茶饮行业,09:40-22:57,是,https://img.pospal.cn/storeLogo/de207d34-84e3-4cf5-bc10-57c57c523fc6.jpg,2.0,6.0,0.72,710490016996595764,泰式叉烟布蕾,布蕾果茶,14.0,14.0,100.0,否,https://img.pospal.cn/productImages/4188030/d642c1ad-865e-460e-9d7b-da6d1eca26c5_200x200.jpg,2208260007335,,否,2022-08-26 00:07:44
4188030,柠著(广软图书馆店),广东省广州市广软学院图书馆旁边,13751745380,茶饮行业,09:40-22:57,是,https://img.pospal.cn/storeLogo/de207d34-84e3-4cf5-bc10-57c57c523fc6.jpg,2.0,6.0,0.72,370337047261945883,抹茶奥利奥,新品抹茶系列,11.0,11.0,997.0,否,https://img.pospal.cn/productImages/4188030/e8f08040-8037-4378-ad06-03a1b76cafb1_200x200.jpg,0255768980747,,否,2026-05-08 20:50:05
4188030,柠著(广软图书馆店),广东省广州市广软学院图书馆旁边,13751745380,茶饮行业,09:40-22:57,是,https://img.pospal.cn/storeLogo/de207d34-84e3-4cf5-bc10-57c57c523fc6.jpg,2.0,6.0,0.72,704069884143965101,抹茶芒果,新品抹茶系列,11.0,11.0,999.0,否,https://img.pospal.cn/productImages/4188030/5b82541b-bffd-481e-aea8-874b85beb079_200x200.jpg,2176086363921,,否,2026-05-08 20:50:54
4188030,柠著(广软图书馆店),广东省广州市广软学院图书馆旁边,13751745380,茶饮行业,09:40-22:57,是,https://img.pospal.cn/storeLogo/de207d34-84e3-4cf5-bc10-57c57c523fc6.jpg,2.0,6.0,0.72,408333697246607978,抹茶草莓,新品抹茶系列,11.0,11.0,986.0,否,https://img.pospal.cn/productImages/4188030/d1996de6-851e-4094-adc6-1874968a5596_200x200.jpg,2966571130301,,否,2026-05-08 20:51:28
4188030,柠著(广软图书馆店),广东省广州市广软学院图书馆旁边,13751745380,茶饮行业,09:40-22:57,是,https://img.pospal.cn/storeLogo/de207d34-84e3-4cf5-bc10-57c57c523fc6.jpg,2.0,6.0,0.72,1130765975954218628,抹茶茉莉冰奶,新品抹茶系列,11.0,11.0,895.0,否,https://img.pospal.cn/productImages/4188030/6c85a015-62fc-4184-85d5-27f34e6147f6_200x200.jpg,2917008367227,,否,2026-05-08 20:52:10
4188030,柠著(广软图书馆店),广东省广州市广软学院图书馆旁边,13751745380,茶饮行业,09:40-22:57,是,https://img.pospal.cn/storeLogo/de207d34-84e3-4cf5-bc10-57c57c523fc6.jpg,2.0,6.0,0.72,1118738975555043171,抹茶黑糖啵啵,新品抹茶系列,11.0,11.0,982.0,否,https://img.pospal.cn/productImages/4188030/216b38c9-e17c-4510-98a0-847b176168fa_200x200.jpg,2847389367427,,否,2026-05-08 20:52:45
4188030,柠著(广软图书馆店),广东省广州市广软学院图书馆旁边,13751745380,茶饮行业,09:40-22:57,是,https://img.pospal.cn/storeLogo/de207d34-84e3-4cf5-bc10-57c57c523fc6.jpg,2.0,6.0,0.72,928861037210923876,抹茶芭乐碰,新品抹茶系列,11.0,11.0,0.0,是,https://img.pospal.cn/productImages/4188030/5ab3eb0a-0e5e-45f1-9f5a-6a96a1e7b3ba_200x200.jpg,2784117361459,,否,2026-05-08 20:49:27
4188030,柠著(广软图书馆店),广东省广州市广软学院图书馆旁边,13751745380,茶饮行业,09:40-22:57,是,https://img.pospal.cn/storeLogo/de207d34-84e3-4cf5-bc10-57c57c523fc6.jpg,2.0,6.0,0.72,913612268771510138,芝芝桃桃（冷）,芝士玛奇朵,12.0,12.0,998.0,否,https://img.pospal.cn/productImages/4188030/80274a2e-6910-4eff-b324-49a5405793ad_200x200.jpg,6981320174024,,否,2022-03-07 18:40:25
4188030,柠著(广软图书馆店),广东省广州市广软学院图书馆旁边,13751745380,茶饮行业,09:40-22:57,是,https://img.pospal.cn/storeLogo/de207d34-84e3-4cf5-bc10-57c57c523fc6.jpg,2.0,6.0,0.72,44911740520088373,芝芝草莓（冷）,芝士玛奇朵,13.0,13.0,999.0,否,https://img.pospal.cn/productImages/4188030/5dc51bbc-c38f-488c-97fb-b9eb8bfe55d6_200x200.jpg,6967720183824,,否,2022-03-07 18:40:25
4188030,柠著(广软图书馆店),广东省广州市广软学院图书馆旁边,13751745380,茶饮行业,09:40-22:57,是,https://img.pospal.cn/storeLogo/de207d34-84e3-4cf5-bc10-57c57c523fc6.jpg,2.0,6.0,0.72,605510665694958442,芝芝芒芒（冷）,芝士玛奇朵,13.0,13.0,997.0,否,https://img.pospal.cn/productImages/4188030/cf973d28-1731-40c3-b323-c197933126e9_200x200.jpg,6936420172024,,否,2022-03-07 18:40:25
4188030,柠著(广软图书馆店),广东省广州市广软学院图书馆旁边,13751745380,茶饮行业,09:40-22:57,是,https://img.pospal.cn/storeLogo/de207d34-84e3-4cf5-bc10-57c57c523fc6.jpg,2.0,6.0,0.72,329799901805587251,芝芝葡萄（冷）,芝士玛奇朵,13.0,13.0,997.0,否,https://img.pospal.cn/productImages/4188030/f620c5b6-7e48-43d1-a4ce-4bf910f543de_200x200.jpg,6930020193524,,否,2022-03-07 18:40:25
4188030,柠著(广软图书馆店),广东省广州市广软学院图书馆旁边,13751745380,茶饮行业,09:40-22:57,是,https://img.pospal.cn/storeLogo/de207d34-84e3-4cf5-bc10-57c57c523fc6.jpg,2.0,6.0,0.72,1089288736840776404,芝芝西瓜（冷）,芝士玛奇朵,12.0,12.0,998.0,否,https://img.pospal.cn/productImages/4188030/07960735-e09c-4272-9c9c-2eb39304da05_200x200.jpg,2203041754538,,否,2022-03-07 18:40:25
4188030,柠著(广软图书馆店),广东省广州市广软学院图书馆旁边,13751745380,茶饮行业,09:40-22:57,是,https://img.pospal.cn/storeLogo/de207d34-84e3-4cf5-bc10-57c57c523fc6.jpg,2.0,6.0,0.72,1047117316667342375,芝芝抹茶（冷）,芝士玛奇朵,12.0,12.0,998.0,否,https://img.pospal.cn/productImages/4188030/f630b5bd-d3fb-4d5c-b02c-7af134592b6f_200x200.jpg,2203041754408,,否,2022-03-07 18:40:25
4188030,柠著(广软图书馆店),广东省广州市广软学院图书馆旁边,13751745380,茶饮行业,09:40-22:57,是,https://img.pospal.cn/storeLogo/de207d34-84e3-4cf5-bc10-57c57c523fc6.jpg,2.0,6.0,0.72,274622242678443379,芝芝绿研（冷）,芝士玛奇朵,9.0,9.0,666.0,否,https://img.pospal.cn/productImages/4188030/bc57c33f-b69b-4b75-9649-dfb5d188d337_200x200.jpg,2203041754194,,否,2022-03-07 18:40:25
4188030,柠著(广软图书馆店),广东省广州市广软学院图书馆旁边,13751745380,茶饮行业,09:40-22:57,是,https://img.pospal.cn/storeLogo/de207d34-84e3-4cf5-bc10-57c57c523fc6.jpg,2.0,6.0,0.72,306272313549104135,奥利奥芝士奶茶,芝士玛奇朵,13.0,13.0,3332.0,否,https://img.pospal.cn/productImages/4188030/9fb07b96-77f1-4c2c-903b-ca160da50e8f_200x200.jpeg,2591653816226,,否,2023-03-06 13:40:40
4188030,柠著(广软图书馆店),广东省广州市广软学院图书馆旁边,13751745380,茶饮行业,09:40-22:57,是,https://img.pospal.cn/storeLogo/de207d34-84e3-4cf5-bc10-57c57c523fc6.jpg,2.0,6.0,0.72,603820698457519099,芝士啵啵奶茶,芝士玛奇朵,13.0,13.0,999.0,否,https://img.pospal.cn/productImages/4188030/1e5c6227-d032-4a3b-8aed-7153cdf4ee9c_200x200.jpeg,2322647170372,,否,2023-03-06 13:41:52
4188030,柠著(广软图书馆店),广东省广州市广软学院图书馆旁边,13751745380,茶饮行业,09:40-22:57,是,https://img.pospal.cn/storeLogo/de207d34-84e3-4cf5-bc10-57c57c523fc6.jpg,2.0,6.0,0.72,507934482941629145,提拉米苏,慕斯 千层类,9.8,9.8,0.0,是,https://img.pospal.cn/productImages/4188030/c3d9c71d-64c3-409b-84bd-3004a9f0810d_200x200.jpg,2119771373584,,否,2024-11-14 14:00:53
4188030,柠著(广软图书馆店),广东省广州市广软学院图书馆旁边,13751745380,茶饮行业,09:40-22:57,是,https://img.pospal.cn/storeLogo/de207d34-84e3-4cf5-bc10-57c57c523fc6.jpg,2.0,6.0,0.72,686679178108165913,榴莲千层,慕斯 千层类,13.8,13.8,0.0,是,https://img.pospal.cn/productImages/4188030/c2f6e394-64c9-4d00-b1b4-8234f327ac6d_200x200.jpg,2450675393705,,否,2024-11-14 14:01:49
4188030,柠著(广软图书馆店),广东省广州市广软学院图书馆旁边,13751745380,茶饮行业,09:40-22:57,是,https://img.pospal.cn/storeLogo/de207d34-84e3-4cf5-bc10-57c57c523fc6.jpg,2.0,6.0,0.72,485295998853484653,巧克力千层,慕斯 千层类,13.8,13.8,0.0,是,https://img.pospal.cn/productImages/4188030/028ab73a-5d5c-4c8d-b9f4-64b23cc26136_200x200.jpg,2831675203636,,否,2024-11-14 14:03:49
4188030,柠著(广软图书馆店),广东省广州市广软学院图书馆旁边,13751745380,茶饮行业,09:40-22:57,是,https://img.pospal.cn/storeLogo/de207d34-84e3-4cf5-bc10-57c57c523fc6.jpg,2.0,6.0,0.72,291162561526348909,黑森林慕斯,慕斯 千层类,9.8,9.8,0.0,是,https://img.pospal.cn/productImages/4188030/abfe1db7-0ad8-42b0-b779-4be7529733ab_200x200.jpg,2372343079530,,否,2024-11-14 14:04:48
4188030,柠著(广软图书馆店),广东省广州市广软学院图书馆旁边,13751745380,茶饮行业,09:40-22:57,是,https://img.pospal.cn/storeLogo/de207d34-84e3-4cf5-bc10-57c57c523fc6.jpg,2.0,6.0,0.72,153552176941333490,芒果千层,慕斯 千层类,13.8,13.8,0.0,是,https://img.pospal.cn/productImages/4188030/668e52da-5c70-47f4-b028-c1789fbbf231_200x200.jpg,2992937811911,,否,2024-11-14 14:05:49
4188030,柠著(广软图书馆店),广东省广州市广软学院图书馆旁边,13751745380,茶饮行业,09:40-22:57,是,https://img.pospal.cn/storeLogo/de207d34-84e3-4cf5-bc10-57c57c523fc6.jpg,2.0,6.0,0.72,366048284888784762,抹茶千层,慕斯 千层类,13.8,13.8,0.0,是,https://img.pospal.cn/productImages/4188030/17fe4e95-aebf-42eb-9630-3d8a8c309257_200x200.jpg,2743564491621,,否,2024-11-14 14:06:41
4188030,柠著(广软图书馆店),广东省广州市广软学院图书馆旁边,13751745380,茶饮行业,09:40-22:57,是,https://img.pospal.cn/storeLogo/de207d34-84e3-4cf5-bc10-57c57c523fc6.jpg,2.0,6.0,0.72,711723277723668263,红丝绒慕斯,慕斯 千层类,9.8,9.8,0.0,是,https://img.pospal.cn/productImages/4188030/afb03997-b4e6-479c-9fbd-1733722e2ca5_200x200.jpg,2537286233757,,否,2024-11-15 13:32:45
4188030,柠著(广软图书馆店),广东省广州市广软学院图书馆旁边,13751745380,茶饮行业,09:40-22:57,是,https://img.pospal.cn/storeLogo/de207d34-84e3-4cf5-bc10-57c57c523fc6.jpg,2.0,6.0,0.72,667372495405513678,抹茶慕斯,慕斯 千层类,9.8,9.8,0.0,是,https://img.pospal.cn/productImages/4188030/4a59a429-2e55-4767-a241-124aba168da1_200x200.jpg,2052661588753,,否,2024-11-17 10:24:56
4188030,柠著(广软图书馆店),广东省广州市广软学院图书馆旁边,13751745380,茶饮行业,09:40-22:57,是,https://img.pospal.cn/storeLogo/de207d34-84e3-4cf5-bc10-57c57c523fc6.jpg,2.0,6.0,0.72,2296893255834836, 巧克力瑞士卷（四个装，山姆同款）,慕斯 千层类,10.8,10.8,0.0,是,https://img.pospal.cn/productImages/4188030/9c5e45e5-7cd5-49bd-acbc-9d677c7322b3_200x200.jpg,2022605308723,,否,2024-11-22 20:58:34
4188030,柠著(广软图书馆店),广东省广州市广软学院图书馆旁边,13751745380,茶饮行业,09:40-22:57,是,https://img.pospal.cn/storeLogo/de207d34-84e3-4cf5-bc10-57c57c523fc6.jpg,2.0,6.0,0.72,496256103291517685,半熟芝士(原味),慕斯 千层类,14.8,14.8,0.0,是,https://img.pospal.cn/productImages/4188030/c0372006-5574-4c73-8ffb-f23b95205512_200x200.jpg,2376370337953,,否,2025-09-14 20:09:15
4188030,柠著(广软图书馆店),广东省广州市广软学院图书馆旁边,13751745380,茶饮行业,09:40-22:57,是,https://img.pospal.cn/storeLogo/de207d34-84e3-4cf5-bc10-57c57c523fc6.jpg,2.0,6.0,0.72,298001149489120099,杨枝甘露&奥巧双拼罐子蛋糕,慕斯 千层类,15.8,15.8,0.0,是,https://img.pospal.cn/productImages/4188030/baba0131-e0c3-461c-9c99-dee1bceff275_200x200.jpg,2665937825591,,否,2025-09-20 14:44:10
4188030,柠著(广软图书馆店),广东省广州市广软学院图书馆旁边,13751745380,茶饮行业,09:40-22:57,是,https://img.pospal.cn/storeLogo/de207d34-84e3-4cf5-bc10-57c57c523fc6.jpg,2.0,6.0,0.72,1139461692725833193,抹茶瑞士卷（四个装）山姆同款,慕斯 千层类,10.8,10.8,0.0,是,https://img.pospal.cn/productImages/4188030/2e3074af-f2cb-44c2-8b91-7e015b286ce6_200x200.jpg,2826736579379,,否,2025-09-20 14:45:11
4188030,柠著(广软图书馆店),广东省广州市广软学院图书馆旁边,13751745380,茶饮行业,09:40-22:57,是,https://img.pospal.cn/storeLogo/de207d34-84e3-4cf5-bc10-57c57c523fc6.jpg,2.0,6.0,0.72,573808269835633008,草莓罐子慕斯,慕斯 千层类,16.8,16.8,0.0,是,https://img.pospal.cn/productImages/4188030/58b016bd-5861-4704-9213-ab8b18f58b28_200x200.jpg,2856654779667,,否,2025-09-20 18:04:51
4188030,柠著(广软图书馆店),广东省广州市广软学院图书馆旁边,13751745380,茶饮行业,09:40-22:57,是,https://img.pospal.cn/storeLogo/de207d34-84e3-4cf5-bc10-57c57c523fc6.jpg,2.0,6.0,0.72,938141273626585928,榛子奥巧克力千层,慕斯 千层类,13.8,13.8,0.0,是,https://img.pospal.cn/productImages/4188030/594a3783-ae48-4f1d-aad8-1cb992b84937_200x200.jpg,2383338540539,,否,2025-09-21 10:55:59
4188030,柠著(广软图书馆店),广东省广州市广软学院图书馆旁边,13751745380,茶饮行业,09:40-22:57,是,https://img.pospal.cn/storeLogo/de207d34-84e3-4cf5-bc10-57c57c523fc6.jpg,2.0,6.0,0.72,1114039622794445353,瑞士卷两个装,慕斯 千层类,10.8,10.8,0.0,是,https://img.pospal.cn/productImages/4188030/f969e8d3-807d-40ec-84e7-5347a6bae86b_200x200.jpg,2493703723808,伯爵红茶口味和巧克力口味,否,2025-09-27 10:49:57
4188030,柠著(广软图书馆店),广东省广州市广软学院图书馆旁边,13751745380,茶饮行业,09:40-22:57,是,https://img.pospal.cn/storeLogo/de207d34-84e3-4cf5-bc10-57c57c523fc6.jpg,2.0,6.0,0.72,157744277793491810,蓝莓&芋泥双拼罐子蛋糕,慕斯 千层类,15.8,15.8,0.0,是,https://img.pospal.cn/productImages/4188030/244192e3-7bf2-4da5-932b-cd69a30ef005_200x200.jpg,2144040654897,,否,2025-09-27 10:50:25
4188030,柠著(广软图书馆店),广东省广州市广软学院图书馆旁边,13751745380,茶饮行业,09:40-22:57,是,https://img.pospal.cn/storeLogo/de207d34-84e3-4cf5-bc10-57c57c523fc6.jpg,2.0,6.0,0.72,1047926619378429580,牛乳瑞士卷（四个装，山姆同款）,慕斯 千层类,10.8,10.8,0.0,是,https://img.pospal.cn/productImages/4188030/6838c8bb-b53a-48dd-85c5-ebafc11b4bb0_200x200.jpg,2700682586110,,否,2025-10-08 13:58:31
4188030,柠著(广软图书馆店),广东省广州市广软学院图书馆旁边,13751745380,茶饮行业,09:40-22:57,是,https://img.pospal.cn/storeLogo/de207d34-84e3-4cf5-bc10-57c57c523fc6.jpg,2.0,6.0,0.72,193059161459324913,米布丁云朵蛋糕,慕斯 千层类,13.8,13.8,0.0,是,https://img.pospal.cn/productImages/4188030/5561249e-c7c4-4014-a77b-2eb403e1fbec_200x200.jpg,2497048575245,,否,2025-10-13 10:32:45
4188030,柠著(广软图书馆店),广东省广州市广软学院图书馆旁边,13751745380,茶饮行业,09:40-22:57,是,https://img.pospal.cn/storeLogo/de207d34-84e3-4cf5-bc10-57c57c523fc6.jpg,2.0,6.0,0.72,211410127766624005,草莓瑞士卷（四个装，山姆同款）,慕斯 千层类,10.8,10.8,-1.0,是,https://img.pospal.cn/productImages/4188030/80d44e5f-2f6d-4030-86fb-a52f9e0a6eb6_200x200.jpg,2728276949622,,否,2025-10-13 10:34:15
4188030,柠著(广软图书馆店),广东省广州市广软学院图书馆旁边,13751745380,茶饮行业,09:40-22:57,是,https://img.pospal.cn/storeLogo/de207d34-84e3-4cf5-bc10-57c57c523fc6.jpg,2.0,6.0,0.72,981440939476130510,开心果莓莓千层,慕斯 千层类,13.8,13.8,0.0,是,https://img.pospal.cn/productImages/4188030/ccb8cbd8-d8fb-420b-9f4f-bc40b3487079_200x200.jpg,0471373223844,,否,2026-04-27 13:52:43
4188030,柠著(广软图书馆店),广东省广州市广软学院图书馆旁边,13751745380,茶饮行业,09:40-22:57,是,https://img.pospal.cn/storeLogo/de207d34-84e3-4cf5-bc10-57c57c523fc6.jpg,2.0,6.0,0.72,696278907071255948,超级桶水果茶,当季新品力荐,14.0,14.0,107.0,否,https://img.pospal.cn/productImages/4188030/0f0e0a73-5eb6-4d18-9311-c5630bba4492_200x200.jpg,6997320234524,,否,2022-03-07 18:40:25
4188030,柠著(广软图书馆店),广东省广州市广软学院图书馆旁边,13751745380,茶饮行业,09:40-22:57,是,https://img.pospal.cn/storeLogo/de207d34-84e3-4cf5-bc10-57c57c523fc6.jpg,2.0,6.0,0.72,276267463395782586,葡萄超级桶,当季新品力荐,14.0,14.0,100.0,否,https://img.pospal.cn/productImages/4188030/a85f4504-e3e4-4a17-b4c2-475f377ba79a_200x200.jpg,6985220221224,,否,2022-03-07 18:40:25
4188030,柠著(广软图书馆店),广东省广州市广软学院图书馆旁边,13751745380,茶饮行业,09:40-22:57,是,https://img.pospal.cn/storeLogo/de207d34-84e3-4cf5-bc10-57c57c523fc6.jpg,2.0,6.0,0.72,902677733264507410,招牌柠檬超级桶,当季新品力荐,13.0,13.0,332.0,否,https://img.pospal.cn/productImages/4188030/f272a40c-62fd-4482-b341-26cb16048ccd_200x200.jpg,6951720261524,,否,2022-03-07 18:40:25
4188030,柠著(广软图书馆店),广东省广州市广软学院图书馆旁边,13751745380,茶饮行业,09:40-22:57,是,https://img.pospal.cn/storeLogo/de207d34-84e3-4cf5-bc10-57c57c523fc6.jpg,2.0,6.0,0.72,772629099418553358,杨枝甘露,当季新品力荐,14.0,14.0,997.0,否,https://img.pospal.cn/productImages/4188030/0f99d90a-cc5a-4e6f-a382-49143df0048b_200x200.jpg,6950820161224,,否,2022-03-07 18:40:25
4188030,柠著(广软图书馆店),广东省广州市广软学院图书馆旁边,13751745380,茶饮行业,09:40-22:57,是,https://img.pospal.cn/storeLogo/de207d34-84e3-4cf5-bc10-57c57c523fc6.jpg,2.0,6.0,0.72,484020460871303279,紫玉葡萄甘露,当季新品力荐,13.0,13.0,9985.0,否,https://img.pospal.cn/productImages/4188030/e0fce367-6666-48e4-89a2-ac3c3fe9c7c3_200x200.jpg,2203041739528,饮品是冰沙,否,2022-03-07 18:40:25
4188030,柠著(广软图书馆店),广东省广州市广软学院图书馆旁边,13751745380,茶饮行业,09:40-22:57,是,https://img.pospal.cn/storeLogo/de207d34-84e3-4cf5-bc10-57c57c523fc6.jpg,2.0,6.0,0.72,46753848934333230,红颜草莓甘露,当季新品力荐,13.0,13.0,9975.0,否,https://img.pospal.cn/productImages/4188030/7e05eca9-e53e-490e-ad63-7d7863bec8a5_200x200.jpg,2203041739382,饮品是冰沙,否,2022-03-07 18:40:25
4188030,柠著(广软图书馆店),广东省广州市广软学院图书馆旁边,13751745380,茶饮行业,09:40-22:57,是,https://img.pospal.cn/storeLogo/de207d34-84e3-4cf5-bc10-57c57c523fc6.jpg,2.0,6.0,0.72,336671502426843276,葡萄酸奶水晶,当季新品力荐,15.0,15.0,992.0,否,https://img.pospal.cn/productImages/4188030/3d957898-fca9-4523-9123-44c3c5d03ed3_200x200.jpg,2009021332044,,否,2022-03-07 18:40:25
4188030,柠著(广软图书馆店),广东省广州市广软学院图书馆旁边,13751745380,茶饮行业,09:40-22:57,是,https://img.pospal.cn/storeLogo/de207d34-84e3-4cf5-bc10-57c57c523fc6.jpg,2.0,6.0,0.72,469243953625580190,草莓多肉酪酪,当季新品力荐,13.0,13.0,968.0,否,https://img.pospal.cn/productImages/4188030/7d98bfa4-1c52-4de7-8c42-775f377e2853_200x200.jpg,2009021330163,,否,2022-03-07 18:40:25
4188030,柠著(广软图书馆店),广东省广州市广软学院图书馆旁边,13751745380,茶饮行业,09:40-22:57,是,https://img.pospal.cn/storeLogo/de207d34-84e3-4cf5-bc10-57c57c523fc6.jpg,2.0,6.0,0.72,892963534650629399,生打椰椰芒,当季新品力荐,13.0,13.0,997.0,否,https://img.pospal.cn/productImages/4188030/6795796e-d222-404e-9294-81874a2aee43_200x200.jpg,2860106098978,,否,2022-09-01 13:44:53
4188030,柠著(广软图书馆店),广东省广州市广软学院图书馆旁边,13751745380,茶饮行业,09:40-22:57,是,https://img.pospal.cn/storeLogo/de207d34-84e3-4cf5-bc10-57c57c523fc6.jpg,2.0,6.0,0.72,252185194149799142,西瓜桶水果茶,当季新品力荐,15.0,15.0,111.0,否,https://img.pospal.cn/productImages/4188030/fa039b08-ee56-4e10-a0c0-d905e9d3ba6f_200x200.jpg,2209252047230,,否,2022-09-25 20:48:36
4188030,柠著(广软图书馆店),广东省广州市广软学院图书馆旁边,13751745380,茶饮行业,09:40-22:57,是,https://img.pospal.cn/storeLogo/de207d34-84e3-4cf5-bc10-57c57c523fc6.jpg,2.0,6.0,0.72,630417987512232671,牛油果甘露,当季新品力荐,15.0,15.0,328.0,否,https://img.pospal.cn/productImages/4188030/6299baa3-6db8-47d9-a760-540b541f98e3_200x200.jpg,2366844608528,大杯,否,2024-03-04 10:35:35
4188030,柠著(广软图书馆店),广东省广州市广软学院图书馆旁边,13751745380,茶饮行业,09:40-22:57,是,https://img.pospal.cn/storeLogo/de207d34-84e3-4cf5-bc10-57c57c523fc6.jpg,2.0,6.0,0.72,625497237736521886,多肉青提冰沙,当季新品力荐,12.0,12.0,9994.0,否,https://img.pospal.cn/productImages/0/default/default_200x200.png,2917517609801,,否,2024-05-10 20:10:14
4188030,柠著(广软图书馆店),广东省广州市广软学院图书馆旁边,13751745380,茶饮行业,09:40-22:57,是,https://img.pospal.cn/storeLogo/de207d34-84e3-4cf5-bc10-57c57c523fc6.jpg,2.0,6.0,0.72,65046351763867312,马蹄爆珠生椰水中杯,当季新品力荐,9.0,9.0,0.0,是,https://img.pospal.cn/productImages/4188030/bc9e1c3a-238f-48f4-8775-773956d989d0_200x200.jpg,2018903805095,这杯饮品是中杯,否,2023-05-19 11:28:56
4188030,柠著(广软图书馆店),广东省广州市广软学院图书馆旁边,13751745380,茶饮行业,09:40-22:57,是,https://img.pospal.cn/storeLogo/de207d34-84e3-4cf5-bc10-57c57c523fc6.jpg,2.0,6.0,0.72,703195921978941994,鲜椰爆柠,当季新品力荐,12.0,12.0,0.0,是,https://img.pospal.cn/productImages/4188030/10f16355-b2ac-4aeb-9b23-9e8bbf0fbdba_200x200.jpg,2669463902764,,否,2023-05-19 11:29:53
4188030,柠著(广软图书馆店),广东省广州市广软学院图书馆旁边,13751745380,茶饮行业,09:40-22:57,是,https://img.pospal.cn/storeLogo/de207d34-84e3-4cf5-bc10-57c57c523fc6.jpg,2.0,6.0,0.72,158893121482589671,鸭屎香柠檬茶（冷）,柠檬乐园,9.0,9.0,95.0,否,https://img.pospal.cn/productImages/4188030/2f78edfc-5aba-4321-afc5-9b64fa9c3c58_200x200.jpg,6974820340424,,否,2022-03-07 18:40:25
4188030,柠著(广软图书馆店),广东省广州市广软学院图书馆旁边,13751745380,茶饮行业,09:40-22:57,是,https://img.pospal.cn/storeLogo/de207d34-84e3-4cf5-bc10-57c57c523fc6.jpg,2.0,6.0,0.72,974433999680008715,招牌柠檬绿茶（冷）,柠檬乐园,8.0,8.0,99641.0,否,https://img.pospal.cn/productImages/4188030/e87368e2-633c-478c-a100-b6985dcb60ff_200x200.jpg,6973220341724,,否,2022-03-07 18:40:25
4188030,柠著(广软图书馆店),广东省广州市广软学院图书馆旁边,13751745380,茶饮行业,09:40-22:57,是,https://img.pospal.cn/storeLogo/de207d34-84e3-4cf5-bc10-57c57c523fc6.jpg,2.0,6.0,0.72,14784153728585110,手打柠檬绿茶（冷）,柠檬乐园,6.0,6.0,43.0,否,https://img.pospal.cn/productImages/4188030/140ed447-0636-4cb7-840f-d5972ccdd6d3_200x200.jpg,6957320335224,,否,2022-03-07 18:40:25
4188030,柠著(广软图书馆店),广东省广州市广软学院图书馆旁边,13751745380,茶饮行业,09:40-22:57,是,https://img.pospal.cn/storeLogo/de207d34-84e3-4cf5-bc10-57c57c523fc6.jpg,2.0,6.0,0.72,829060220239329546,百香柠檬（冷）,柠檬乐园,8.0,8.0,949.0,否,https://img.pospal.cn/productImages/4188030/f314ae77-928e-47bd-b91a-df66aca57d6a_200x200.jpg,2203041730327,,否,2022-03-07 18:40:25
4188030,柠著(广软图书馆店),广东省广州市广软学院图书馆旁边,13751745380,茶饮行业,09:40-22:57,是,https://img.pospal.cn/storeLogo/de207d34-84e3-4cf5-bc10-57c57c523fc6.jpg,2.0,6.0,0.72,172959437228454181,话梅柠檬水,柠檬乐园,4.9,4.9,100.0,否,https://img.pospal.cn/productImages/4188030/ae6e24f7-c17b-45ff-97d3-9298feae780a_200x200.jpg,2203041721516,不能做热饮,否,2022-03-07 18:40:25
4188030,柠著(广软图书馆店),广东省广州市广软学院图书馆旁边,13751745380,茶饮行业,09:40-22:57,是,https://img.pospal.cn/storeLogo/de207d34-84e3-4cf5-bc10-57c57c523fc6.jpg,2.0,6.0,0.72,153064327899003602,金桔柠檬（冷）,柠檬乐园,7.0,7.0,97.0,否,https://img.pospal.cn/productImages/4188030/ab545098-deaf-483b-8d0e-84f2b11e7737_200x200.jpg,2106211340466,,否,2022-03-07 18:40:25
4188030,柠著(广软图书馆店),广东省广州市广软学院图书馆旁边,13751745380,茶饮行业,09:40-22:57,是,https://img.pospal.cn/storeLogo/de207d34-84e3-4cf5-bc10-57c57c523fc6.jpg,2.0,6.0,0.72,844000527877490307,招牌柠檬水（冷）,柠檬乐园,4.0,4.0,9925.0,否,https://img.pospal.cn/productImages/4188030/a3f5f690-4a24-41f0-b685-12396aba9817_200x200.jpg,2010211623149,,否,2022-03-07 18:40:25
4188030,柠著(广软图书馆店),广东省广州市广软学院图书馆旁边,13751745380,茶饮行业,09:40-22:57,是,https://img.pospal.cn/storeLogo/de207d34-84e3-4cf5-bc10-57c57c523fc6.jpg,2.0,6.0,0.72,237383688236734846,港式柠檬红茶,柠檬乐园,8.0,8.0,940.0,否,https://img.pospal.cn/productImages/4188030/17520254-3e45-4d7b-97f4-a6feb943f593_200x200.jpg,2203071929302,,否,2022-03-07 19:30:19
4188030,柠著(广软图书馆店),广东省广州市广软学院图书馆旁边,13751745380,茶饮行业,09:40-22:57,是,https://img.pospal.cn/storeLogo/de207d34-84e3-4cf5-bc10-57c57c523fc6.jpg,2.0,6.0,0.72,1520797267738648,网红泰绿柠檬茶,柠檬乐园,10.0,10.0,3252.0,否,https://img.pospal.cn/productImages/4188030/e7d5313d-d020-41c8-935e-74c2eaca0183_200x200.jpeg,2205211142428,,否,2022-05-21 11:43:05
4188030,柠著(广软图书馆店),广东省广州市广软学院图书馆旁边,13751745380,茶饮行业,09:40-22:57,是,https://img.pospal.cn/storeLogo/de207d34-84e3-4cf5-bc10-57c57c523fc6.jpg,2.0,6.0,0.72,313541768620147012,葡萄柠檬茶,柠檬乐园,10.0,10.0,3194.0,否,https://img.pospal.cn/productImages/4188030/69333a63-8f07-4b88-bff1-fc9a1d234032_200x200.jpg,2205211143081,,否,2022-05-21 11:43:19
4188030,柠著(广软图书馆店),广东省广州市广软学院图书馆旁边,13751745380,茶饮行业,09:40-22:57,是,https://img.pospal.cn/storeLogo/de207d34-84e3-4cf5-bc10-57c57c523fc6.jpg,2.0,6.0,0.72,686960982029443582,白桃柠檬茶,柠檬乐园,9.0,9.0,98.0,否,https://img.pospal.cn/productImages/4188030/45637dfe-9a15-45cd-9247-cf411c5f1674_200x200.jpg,0263177004312,,否,2022-09-01 13:49:32
4188030,柠著(广软图书馆店),广东省广州市广软学院图书馆旁边,13751745380,茶饮行业,09:40-22:57,是,https://img.pospal.cn/storeLogo/de207d34-84e3-4cf5-bc10-57c57c523fc6.jpg,2.0,6.0,0.72,410441556768135982,山茶花柠檬茶,柠檬乐园,9.0,9.0,100.0,否,https://img.pospal.cn/productImages/4188030/35ecc3ab-31bc-4abc-a9b5-e0bbfa610deb_200x200.png,2209252024507,,否,2022-09-25 20:25:45
4188030,柠著(广软图书馆店),广东省广州市广软学院图书馆旁边,13751745380,茶饮行业,09:40-22:57,是,https://img.pospal.cn/storeLogo/de207d34-84e3-4cf5-bc10-57c57c523fc6.jpg,2.0,6.0,0.72,423071070287636988,青提柠檬茶,柠檬乐园,11.0,11.0,3311.0,否,https://img.pospal.cn/productImages/0/default/default_200x200.png,2302282242542,,否,2023-02-28 22:43:34
4188030,柠著(广软图书馆店),广东省广州市广软学院图书馆旁边,13751745380,茶饮行业,09:40-22:57,是,https://img.pospal.cn/storeLogo/de207d34-84e3-4cf5-bc10-57c57c523fc6.jpg,2.0,6.0,0.72,1026022052088024262,话梅香水柠檬茶,柠檬乐园,8.0,8.0,100.0,否,https://img.pospal.cn/productImages/4188030/16487601-bfbe-42b8-9d7f-48d1f7a82831_200x200.jpg,2543703022309,,否,2025-03-19 10:13:50
4188030,柠著(广软图书馆店),广东省广州市广软学院图书馆旁边,13751745380,茶饮行业,09:40-22:57,是,https://img.pospal.cn/storeLogo/de207d34-84e3-4cf5-bc10-57c57c523fc6.jpg,2.0,6.0,0.72,1055363910202369007,柠檬可乐,柠檬乐园,5.0,5.0,1097.0,否,https://img.pospal.cn/productImages/0/default/default_200x200.png,2868166413762,大杯,否,2026-05-26 13:54:14
4188030,柠著(广软图书馆店),广东省广州市广软学院图书馆旁边,13751745380,茶饮行业,09:40-22:57,是,https://img.pospal.cn/storeLogo/de207d34-84e3-4cf5-bc10-57c57c523fc6.jpg,2.0,6.0,0.72,969906342723092625,蜂蜜柚子茶（冷）,柠檬乐园,7.0,7.0,0.0,是,https://img.pospal.cn/productImages/4188030/58530334-f02a-4bae-a2d1-85edde3b7df9_200x200.jpg,6925220351724,,否,2022-03-07 18:40:25
4188030,柠著(广软图书馆店),广东省广州市广软学院图书馆旁边,13751745380,茶饮行业,09:40-22:57,是,https://img.pospal.cn/storeLogo/de207d34-84e3-4cf5-bc10-57c57c523fc6.jpg,2.0,6.0,0.72,1063899120433101007,芭乐柠檬茶,柠檬乐园,11.0,11.0,0.0,是,https://img.pospal.cn/productImages/4188030/4676dd96-779f-4f69-a2d8-8f2024d1c30f_200x200.jpg,2826398569879,,否,2025-10-10 20:51:14
4188030,柠著(广软图书馆店),广东省广州市广软学院图书馆旁边,13751745380,茶饮行业,09:40-22:57,是,https://img.pospal.cn/storeLogo/de207d34-84e3-4cf5-bc10-57c57c523fc6.jpg,2.0,6.0,0.72,276193109748224455,鲜柠益菌多（冷）,活力益菌多,8.0,8.0,85.0,否,https://img.pospal.cn/productImages/4188030/1146b4f3-2000-4576-beaf-f39be398c06a_200x200.jpg,6965320304524,,否,2022-03-07 18:40:25
4188030,柠著(广软图书馆店),广东省广州市广软学院图书馆旁边,13751745380,茶饮行业,09:40-22:57,是,https://img.pospal.cn/storeLogo/de207d34-84e3-4cf5-bc10-57c57c523fc6.jpg,2.0,6.0,0.72,963233184017861701,芒果益菌多（冷）,活力益菌多,8.0,8.0,997.0,否,https://img.pospal.cn/productImages/4188030/e5b7543f-b7b9-4b42-83cb-9b4fa2b771ec_200x200.jpg,6934820300224,,否,2022-03-07 18:40:25
4188030,柠著(广软图书馆店),广东省广州市广软学院图书馆旁边,13751745380,茶饮行业,09:40-22:57,是,https://img.pospal.cn/storeLogo/de207d34-84e3-4cf5-bc10-57c57c523fc6.jpg,2.0,6.0,0.72,298662085716351088,百香果益菌多（冷）,活力益菌多,8.0,8.0,85.0,否,https://img.pospal.cn/productImages/4188030/f5ae2463-faa1-4364-9f49-96e2df1aadcf_200x200.jpg,6921320302524,,否,2022-03-07 18:40:25
4188030,柠著(广软图书馆店),广东省广州市广软学院图书馆旁边,13751745380,茶饮行业,09:40-22:57,是,https://img.pospal.cn/storeLogo/de207d34-84e3-4cf5-bc10-57c57c523fc6.jpg,2.0,6.0,0.72,564415651464944587,水果酸奶（冷）,活力益菌多,9.0,9.0,0.0,是,https://img.pospal.cn/productImages/4188030/40c6fa97-b9a8-4e98-a09c-81f92f6b2a82_200x200.jpg,6921320294824,,否,2022-03-07 18:40:25
4188030,柠著(广软图书馆店),广东省广州市广软学院图书馆旁边,13751745380,茶饮行业,09:40-22:57,是,https://img.pospal.cn/storeLogo/de207d34-84e3-4cf5-bc10-57c57c523fc6.jpg,2.0,6.0,0.72,477208039620053026,港式红茶,原沏茶语,4.0,4.0,946.0,否,https://img.pospal.cn/productImages/4188030/27f6c550-ccac-426b-a4fc-d9dcdf37293a_200x200.jpg,2104061525095,,否,2022-03-07 18:40:25
4188030,柠著(广软图书馆店),广东省广州市广软学院图书馆旁边,13751745380,茶饮行业,09:40-22:57,是,https://img.pospal.cn/storeLogo/de207d34-84e3-4cf5-bc10-57c57c523fc6.jpg,2.0,6.0,0.72,697093145990968893,茉莉绿研,原沏茶语,4.0,4.0,71.0,否,https://img.pospal.cn/productImages/4188030/794a67bd-59ca-49d8-a0d2-3a18f0914016_200x200.jpg,2104061524296,,否,2022-03-07 18:40:25
4188030,柠著(广软图书馆店),广东省广州市广软学院图书馆旁边,13751745380,茶饮行业,09:40-22:57,是,https://img.pospal.cn/storeLogo/de207d34-84e3-4cf5-bc10-57c57c523fc6.jpg,2.0,6.0,0.72,623873021035960250,白桃乌龙,原沏茶语,4.0,4.0,100.0,否,https://img.pospal.cn/productImages/4188030/d2de78e6-2ff3-4491-ac04-66fa6eb22a66_200x200.jpg,2209251459270,,否,2022-09-25 14:59:29
4188030,柠著(广软图书馆店),广东省广州市广软学院图书馆旁边,13751745380,茶饮行业,09:40-22:57,是,https://img.pospal.cn/storeLogo/de207d34-84e3-4cf5-bc10-57c57c523fc6.jpg,2.0,6.0,0.72,693971068737757417,蜂蜜龟苓膏,风味小吃,5.0,5.0,997.0,否,https://img.pospal.cn/productImages/4188030/77be4e9d-cc02-43d0-abef-79c94a5d07d4_200x200.jpg,2203041816168,,否,2022-03-07 18:40:25
4188030,柠著(广软图书馆店),广东省广州市广软学院图书馆旁边,13751745380,茶饮行业,09:40-22:57,是,https://img.pospal.cn/storeLogo/de207d34-84e3-4cf5-bc10-57c57c523fc6.jpg,2.0,6.0,0.72,46015029719049196,炼奶龟苓膏,风味小吃,5.0,5.0,997.0,否,https://img.pospal.cn/productImages/4188030/7eaa05a0-8c38-4ca7-8ca1-560b2c2ae3fb_200x200.jpg,2203041816007,,否,2022-03-07 18:40:25
4188030,柠著(广软图书馆店),广东省广州市广软学院图书馆旁边,13751745380,茶饮行业,09:40-22:57,是,https://img.pospal.cn/storeLogo/de207d34-84e3-4cf5-bc10-57c57c523fc6.jpg,2.0,6.0,0.72,686741446208261836,红豆双皮奶,风味小吃,5.0,5.0,992.0,否,https://img.pospal.cn/productImages/4188030/98eb5865-f49e-4994-b051-c129ac389fba_200x200.jpg,2203041815482,,否,2022-03-07 18:40:25
4188030,柠著(广软图书馆店),广东省广州市广软学院图书馆旁边,13751745380,茶饮行业,09:40-22:57,是,https://img.pospal.cn/storeLogo/de207d34-84e3-4cf5-bc10-57c57c523fc6.jpg,2.0,6.0,0.72,476945952794930939,椰汁双皮奶,风味小吃,5.0,5.0,1106.0,否,https://img.pospal.cn/productImages/4188030/7db9f9c8-3602-42fb-841c-3c8cfac9ebba_200x200.jpg,2203041815352,,否,2022-03-07 18:40:25
4188030,柠著(广软图书馆店),广东省广州市广软学院图书馆旁边,13751745380,茶饮行业,09:40-22:57,是,https://img.pospal.cn/storeLogo/de207d34-84e3-4cf5-bc10-57c57c523fc6.jpg,2.0,6.0,0.72,17022748569819279,肉肠,风味小吃,4.0,4.0,864.0,否,https://img.pospal.cn/productImages/4188030/79c474b1-3819-4d26-a5b4-9ec25d5fc015_200x200.jpg,2203041811248,,否,2022-03-07 18:40:25
4188030,柠著(广软图书馆店),广东省广州市广软学院图书馆旁边,13751745380,茶饮行业,09:40-22:57,是,https://img.pospal.cn/storeLogo/de207d34-84e3-4cf5-bc10-57c57c523fc6.jpg,2.0,6.0,0.72,995872204321623749,脆骨肠,风味小吃,2.5,2.5,644.0,否,https://img.pospal.cn/productImages/4188030/0e347159-aebd-419a-b42d-d78ecc3f81dc_200x200.jpg,2203041810364,,否,2022-03-07 18:40:25
4188030,柠著(广软图书馆店),广东省广州市广软学院图书馆旁边,13751745380,茶饮行业,09:40-22:57,是,https://img.pospal.cn/storeLogo/de207d34-84e3-4cf5-bc10-57c57c523fc6.jpg,2.0,6.0,0.72,942739966573492555,鸡蛋火腿手抓饼,风味小吃,7.5,7.5,607.0,否,https://img.pospal.cn/productImages/4188030/bc6bbc82-41d9-4385-89c8-edbb57e9d186_200x200.jpg,2210081738077,,否,2022-10-08 17:38:52
4188030,柠著(广软图书馆店),广东省广州市广软学院图书馆旁边,13751745380,茶饮行业,09:40-22:57,是,https://img.pospal.cn/storeLogo/de207d34-84e3-4cf5-bc10-57c57c523fc6.jpg,2.0,6.0,0.72,1123269341344467470,黑椒牛扒手抓饼,风味小吃,7.5,7.5,642.0,否,https://img.pospal.cn/productImages/4188030/72cffeb4-8d9d-4396-a061-09c9fef16139_200x200.jpg,2210081739111,,否,2022-10-08 17:39:29
4188030,柠著(广软图书馆店),广东省广州市广软学院图书馆旁边,13751745380,茶饮行业,09:40-22:57,是,https://img.pospal.cn/storeLogo/de207d34-84e3-4cf5-bc10-57c57c523fc6.jpg,2.0,6.0,0.72,484913821141990149,鸡蛋肉松海苔手抓饼,风味小吃,10.0,10.0,651.0,否,https://img.pospal.cn/productImages/4188030/1e80e315-d274-4280-a308-bf47704e8db4_200x200.jpg,2210081739395,,否,2022-10-08 17:40:03
4188030,柠著(广软图书馆店),广东省广州市广软学院图书馆旁边,13751745380,茶饮行业,09:40-22:57,是,https://img.pospal.cn/storeLogo/de207d34-84e3-4cf5-bc10-57c57c523fc6.jpg,2.0,6.0,0.72,1022280713913974330,火腿肉松手抓饼,风味小吃,7.0,7.0,657.0,否,https://img.pospal.cn/productImages/4188030/e1ed13f0-5a18-4fc2-9251-78094bf0f9eb_200x200.jpg,2210081740148,,否,2022-10-08 17:40:29
4188030,柠著(广软图书馆店),广东省广州市广软学院图书馆旁边,13751745380,茶饮行业,09:40-22:57,是,https://img.pospal.cn/storeLogo/de207d34-84e3-4cf5-bc10-57c57c523fc6.jpg,2.0,6.0,0.72,482502457224228245,鸡蛋鸡柳手抓饼,风味小吃,9.5,9.5,649.0,否,https://img.pospal.cn/productImages/4188030/89b656e5-8556-4640-b2c0-eeda8ac458f3_200x200.jpg,2210081740414,,否,2022-10-08 17:41:16
4188030,柠著(广软图书馆店),广东省广州市广软学院图书馆旁边,13751745380,茶饮行业,09:40-22:57,是,https://img.pospal.cn/storeLogo/de207d34-84e3-4cf5-bc10-57c57c523fc6.jpg,2.0,6.0,0.72,879385238609675089,鸡蛋培根手抓饼,风味小吃,8.5,8.5,639.0,否,https://img.pospal.cn/productImages/4188030/78bca748-f51d-464f-9123-b03512cf94dd_200x200.jpg,2210081741336,,否,2022-10-08 17:41:58
4188030,柠著(广软图书馆店),广东省广州市广软学院图书馆旁边,13751745380,茶饮行业,09:40-22:57,是,https://img.pospal.cn/storeLogo/de207d34-84e3-4cf5-bc10-57c57c523fc6.jpg,2.0,6.0,0.72,76172503477092666,原味手抓饼,风味小吃,4.5,4.5,634.0,否,https://img.pospal.cn/productImages/4188030/352efb87-3bdb-4524-a128-bc338a4df74e_200x200.jpg,2210081742081,,否,2022-10-08 17:42:32
4188030,柠著(广软图书馆店),广东省广州市广软学院图书馆旁边,13751745380,茶饮行业,09:40-22:57,是,https://img.pospal.cn/storeLogo/de207d34-84e3-4cf5-bc10-57c57c523fc6.jpg,2.0,6.0,0.72,335190807211730112,火腿青菜手抓饼,风味小吃,6.5,6.5,659.0,否,https://img.pospal.cn/productImages/4188030/13b47451-ca3b-4849-b6f9-341b27bc995e_200x200.jpg,2210081742524,,否,2022-10-08 17:43:20
4188030,柠著(广软图书馆店),广东省广州市广软学院图书馆旁边,13751745380,茶饮行业,09:40-22:57,是,https://img.pospal.cn/storeLogo/de207d34-84e3-4cf5-bc10-57c57c523fc6.jpg,2.0,6.0,0.72,171972327555527018,卤水鸭掌,风味小吃,3.3,3.3,330.0,否,https://img.pospal.cn/productImages/4188030/b1e3da8d-596e-4676-9ad5-b5262b842fa2_200x200.jpg,2160885448804,,否,2023-04-07 11:46:04
4188030,柠著(广软图书馆店),广东省广州市广软学院图书馆旁边,13751745380,茶饮行业,09:40-22:57,是,https://img.pospal.cn/storeLogo/de207d34-84e3-4cf5-bc10-57c57c523fc6.jpg,2.0,6.0,0.72,651655428251087626,卤水鸭翅,风味小吃,3.3,3.3,326.0,否,https://img.pospal.cn/productImages/4188030/46eea178-c5b6-4c37-9cc6-97e2c3e33b69_200x200.jpg,2721714141435,,否,2023-04-07 11:46:46
4188030,柠著(广软图书馆店),广东省广州市广软学院图书馆旁边,13751745380,茶饮行业,09:40-22:57,是,https://img.pospal.cn/storeLogo/de207d34-84e3-4cf5-bc10-57c57c523fc6.jpg,2.0,6.0,0.72,226637538039189793,卤水鸭腿,风味小吃,4.5,4.5,328.0,否,https://img.pospal.cn/productImages/4188030/c99ce3a2-7ade-44ba-8532-365211649c7c_200x200.jpg,0402208377555,,否,2023-04-07 11:48:07
4188030,柠著(广软图书馆店),广东省广州市广软学院图书馆旁边,13751745380,茶饮行业,09:40-22:57,是,https://img.pospal.cn/storeLogo/de207d34-84e3-4cf5-bc10-57c57c523fc6.jpg,2.0,6.0,0.72,428623629656070090,芝士培根手抓饼,风味小吃,9.0,9.0,658.0,否,https://img.pospal.cn/productImages/0/default/default_200x200.png,2849969691977,,否,2025-11-09 20:40:23
4188030,柠著(广软图书馆店),广东省广州市广软学院图书馆旁边,13751745380,茶饮行业,09:40-22:57,是,https://img.pospal.cn/storeLogo/de207d34-84e3-4cf5-bc10-57c57c523fc6.jpg,2.0,6.0,0.72,205391076331169786,柠檬无骨鸡爪（买二送一）,风味小吃,3.3,3.3,0.0,是,https://img.pospal.cn/productImages/4188030/f6a13280-06f4-496f-97a3-b7d1bb3c38db_200x200.jpg,2813154922245,,否,2022-09-01 10:52:35
4188030,柠著(广软图书馆店),广东省广州市广软学院图书馆旁边,13751745380,茶饮行业,09:40-22:57,是,https://img.pospal.cn/storeLogo/de207d34-84e3-4cf5-bc10-57c57c523fc6.jpg,2.0,6.0,0.72,822007217511116745,芝士烤肉肠,风味小吃,4.0,4.0,0.0,是,https://img.pospal.cn/productImages/4188030/0cbb5875-8f91-4fe6-b580-00d111cae19b_200x200.jpg,2210111621195,,否,2022-10-11 16:21:39
4188030,柠著(广软图书馆店),广东省广州市广软学院图书馆旁边,13751745380,茶饮行业,09:40-22:57,是,https://img.pospal.cn/storeLogo/de207d34-84e3-4cf5-bc10-57c57c523fc6.jpg,2.0,6.0,0.72,112891317176393231,墨鱼爆蛋,风味小吃,3.5,3.5,-2.0,是,https://img.pospal.cn/productImages/4188030/de4993c2-7b1a-4a05-bff2-d124fa62543a_200x200.jpg,2210131342490,,否,2022-10-13 13:43:15
4188030,柠著(广软图书馆店),广东省广州市广软学院图书馆旁边,13751745380,茶饮行业,09:40-22:57,是,https://img.pospal.cn/storeLogo/de207d34-84e3-4cf5-bc10-57c57c523fc6.jpg,2.0,6.0,0.72,429013288661820054,焦糖烤布蕾,风味小吃,5.0,5.0,0.0,是,https://img.pospal.cn/productImages/4188030/b2bc63a7-0ee9-428d-9f74-c30f36bd6e81_200x200.jpg,0400999301636,,否,2025-10-29 21:05:36
4188030,柠著(广软图书馆店),广东省广州市广软学院图书馆旁边,13751745380,茶饮行业,09:40-22:57,是,https://img.pospal.cn/storeLogo/de207d34-84e3-4cf5-bc10-57c57c523fc6.jpg,2.0,6.0,0.72,249227887546662523,超有料烧仙草,经典奶茶,9.0,9.0,945.0,否,https://img.pospal.cn/productImages/4188030/91d37a27-ee52-4e35-807d-84bcb5d2b19a_200x200.jpg,6994120131924,,否,2022-03-07 18:40:25
4188030,柠著(广软图书馆店),广东省广州市广软学院图书馆旁边,13751745380,茶饮行业,09:40-22:57,是,https://img.pospal.cn/storeLogo/de207d34-84e3-4cf5-bc10-57c57c523fc6.jpg,2.0,6.0,0.72,669577800697747925,波霸奶茶/奶绿,经典奶茶,8.0,8.0,41.0,否,https://img.pospal.cn/productImages/4188030/da5f1cfc-4129-4e53-9997-2c724f8f9acd_200x200.jpg,6993320013124,,否,2022-03-07 18:40:25
4188030,柠著(广软图书馆店),广东省广州市广软学院图书馆旁边,13751745380,茶饮行业,09:40-22:57,是,https://img.pospal.cn/storeLogo/de207d34-84e3-4cf5-bc10-57c57c523fc6.jpg,2.0,6.0,0.72,868383261832506270,金牌烤奶,经典奶茶,7.0,7.0,9802.0,否,https://img.pospal.cn/productImages/4188030/4c0f80bb-2f76-4c3e-ab64-b44888e03f4c_200x200.jpg,6973420595224,,否,2022-03-07 18:40:25
4188030,柠著(广软图书馆店),广东省广州市广软学院图书馆旁边,13751745380,茶饮行业,09:40-22:57,是,https://img.pospal.cn/storeLogo/de207d34-84e3-4cf5-bc10-57c57c523fc6.jpg,2.0,6.0,0.72,892053873827985000,椰奶烧仙草,经典奶茶,10.0,10.0,978.0,否,https://img.pospal.cn/productImages/4188030/d0c36873-5bc3-454f-966b-1f6f28fa161c_200x200.jpg,6964420170124,,否,2022-03-07 18:40:25
4188030,柠著(广软图书馆店),广东省广州市广软学院图书馆旁边,13751745380,茶饮行业,09:40-22:57,是,https://img.pospal.cn/storeLogo/de207d34-84e3-4cf5-bc10-57c57c523fc6.jpg,2.0,6.0,0.72,293009457153528592,牛奶烧仙草,经典奶茶,11.0,11.0,994.0,否,https://img.pospal.cn/productImages/4188030/111639c2-18ff-44de-b860-b71301ed27de_200x200.jpg,6964420120624,,否,2022-03-07 18:40:25
4188030,柠著(广软图书馆店),广东省广州市广软学院图书馆旁边,13751745380,茶饮行业,09:40-22:57,是,https://img.pospal.cn/storeLogo/de207d34-84e3-4cf5-bc10-57c57c523fc6.jpg,2.0,6.0,0.72,954774477505094562,茉莉奶绿,经典奶茶,7.0,7.0,98381.0,否,https://img.pospal.cn/productImages/4188030/9d0ac20d-dda0-4744-8272-9e627725e03a_200x200.jpg,6946920014924,,否,2022-03-07 18:40:25
4188030,柠著(广软图书馆店),广东省广州市广软学院图书馆旁边,13751745380,茶饮行业,09:40-22:57,是,https://img.pospal.cn/storeLogo/de207d34-84e3-4cf5-bc10-57c57c523fc6.jpg,2.0,6.0,0.72,159390528463811791,奶茶大满贯,经典奶茶,12.0,12.0,13.0,否,https://img.pospal.cn/productImages/4188030/b6b5b43e-3639-4850-9b5d-131a1b99b212_200x200.jpg,6946020223024,,否,2022-03-07 18:40:25
4188030,柠著(广软图书馆店),广东省广州市广软学院图书馆旁边,13751745380,茶饮行业,09:40-22:57,是,https://img.pospal.cn/storeLogo/de207d34-84e3-4cf5-bc10-57c57c523fc6.jpg,2.0,6.0,0.72,698241558515151999,桃桃乌龙奶茶,经典奶茶,8.0,8.0,985.0,否,https://img.pospal.cn/productImages/4188030/72966d34-206e-46b6-9baf-ba7dae1bfe87_200x200.jpg,2203041723381,,否,2022-03-07 18:40:25
4188030,柠著(广软图书馆店),广东省广州市广软学院图书馆旁边,13751745380,茶饮行业,09:40-22:57,是,https://img.pospal.cn/storeLogo/de207d34-84e3-4cf5-bc10-57c57c523fc6.jpg,2.0,6.0,0.72,394397504856780897,西米奶茶,经典奶茶,8.0,8.0,9981.0,否,https://img.pospal.cn/productImages/4188030/59b3d80e-d406-498a-87a9-ea0d25760e84_200x200.jpg,2203041723275,,否,2022-03-07 18:40:25
4188030,柠著(广软图书馆店),广东省广州市广软学院图书馆旁边,13751745380,茶饮行业,09:40-22:57,是,https://img.pospal.cn/storeLogo/de207d34-84e3-4cf5-bc10-57c57c523fc6.jpg,2.0,6.0,0.72,580848616362928196,寒天奶茶,经典奶茶,10.0,10.0,99312.0,否,https://img.pospal.cn/productImages/4188030/760ccde8-dd39-4597-8c4e-340e23ac29e7_200x200.jpg,2203041722568,,否,2022-03-07 18:40:25
4188030,柠著(广软图书馆店),广东省广州市广软学院图书馆旁边,13751745380,茶饮行业,09:40-22:57,是,https://img.pospal.cn/storeLogo/de207d34-84e3-4cf5-bc10-57c57c523fc6.jpg,2.0,6.0,0.72,521775874531862610,宇治抹茶,经典奶茶,9.0,9.0,3216.0,否,https://img.pospal.cn/productImages/4188030/d3718e23-ec19-4544-8c47-a456be6b0574_200x200.jpg,2203041722117,,否,2022-03-07 18:40:25
4188030,柠著(广软图书馆店),广东省广州市广软学院图书馆旁边,13751745380,茶饮行业,09:40-22:57,是,https://img.pospal.cn/storeLogo/de207d34-84e3-4cf5-bc10-57c57c523fc6.jpg,2.0,6.0,0.72,386635735169527927,红豆奶茶,经典奶茶,8.0,8.0,3164.0,否,https://img.pospal.cn/productImages/4188030/28bf3bad-2237-4d02-956a-29d94166d841_200x200.jpg,2008241240276,,否,2022-03-07 18:40:25
4188030,柠著(广软图书馆店),广东省广州市广软学院图书馆旁边,13751745380,茶饮行业,09:40-22:57,是,https://img.pospal.cn/storeLogo/de207d34-84e3-4cf5-bc10-57c57c523fc6.jpg,2.0,6.0,0.72,312609082028489448,正宗泰式奶茶-大杯,经典奶茶,8.0,8.0,996.0,否,https://img.pospal.cn/productImages/4188030/483592f0-daf8-479e-a4bc-870d77f18e1f_200x200.jpg,2208260004334,冰块选不了，只有正常冰，介意勿点,否,2022-08-26 00:04:55
4188030,柠著(广软图书馆店),广东省广州市广软学院图书馆旁边,13751745380,茶饮行业,09:40-22:57,是,https://img.pospal.cn/storeLogo/de207d34-84e3-4cf5-bc10-57c57c523fc6.jpg,2.0,6.0,0.72,323863886612717497,山茶花奶茶,经典奶茶,8.0,8.0,100.0,否,https://img.pospal.cn/productImages/4188030/4a33f648-b7ae-4c2e-adab-95325d2d0cdf_200x200.jpeg,2209251511428,,否,2022-09-25 15:12:05
4188030,柠著(广软图书馆店),广东省广州市广软学院图书馆旁边,13751745380,茶饮行业,09:40-22:57,是,https://img.pospal.cn/storeLogo/de207d34-84e3-4cf5-bc10-57c57c523fc6.jpg,2.0,6.0,0.72,543377832269092713,热牛奶,经典奶茶,8.0,8.0,867.0,否,https://img.pospal.cn/productImages/0/default/default_200x200.png,2211251314459,可做冰牛奶,否,2022-11-25 13:15:02
4188030,柠著(广软图书馆店),广东省广州市广软学院图书馆旁边,13751745380,茶饮行业,09:40-22:57,是,https://img.pospal.cn/storeLogo/de207d34-84e3-4cf5-bc10-57c57c523fc6.jpg,2.0,6.0,0.72,192545608489959539,老红糖珍珠麻薯,经典奶茶,10.0,10.0,92.0,否,https://img.pospal.cn/productImages/4188030/424a404f-61d1-4605-894e-e4b003e3c7a1_200x200.jpg,2303011053538,,否,2023-03-01 10:54:22
4188030,柠著(广软图书馆店),广东省广州市广软学院图书馆旁边,13751745380,茶饮行业,09:40-22:57,是,https://img.pospal.cn/storeLogo/de207d34-84e3-4cf5-bc10-57c57c523fc6.jpg,2.0,6.0,0.72,775191591164423424,老红糖珍珠奶茶/奶绿,经典奶茶,6.99,6.99,531.0,否,https://img.pospal.cn/productImages/4188030/14cf9559-534f-4970-b7e9-1f6549a955b9_200x200.jpg,2008784405729,,否,2023-10-09 11:42:11
4188030,柠著(广软图书馆店),广东省广州市广软学院图书馆旁边,13751745380,茶饮行业,09:40-22:57,是,https://img.pospal.cn/storeLogo/de207d34-84e3-4cf5-bc10-57c57c523fc6.jpg,2.0,6.0,0.72,528148998768878148,一桶老红糖珍珠奶茶,经典奶茶,12.0,12.0,332.0,否,https://img.pospal.cn/productImages/4188030/78f23df9-2d61-42ad-9848-8f6bc88b0f96_200x200.jpg,2921345762102,,否,2023-10-12 20:19:45
4188030,柠著(广软图书馆店),广东省广州市广软学院图书馆旁边,13751745380,茶饮行业,09:40-22:57,是,https://img.pospal.cn/storeLogo/de207d34-84e3-4cf5-bc10-57c57c523fc6.jpg,2.0,6.0,0.72,299872432895699516,老红糖珍珠抹茶,经典奶茶,10.0,10.0,9992.0,否,https://img.pospal.cn/productImages/4188030/d3ce398c-17c6-4e15-8e49-50a10a7a1a72_200x200.jpg,0224812774717,,否,2023-11-29 11:28:46
4188030,柠著(广软图书馆店),广东省广州市广软学院图书馆旁边,13751745380,茶饮行业,09:40-22:57,是,https://img.pospal.cn/storeLogo/de207d34-84e3-4cf5-bc10-57c57c523fc6.jpg,2.0,6.0,0.72,137309871826859813,新品_栀子花鲜奶茶,经典奶茶,9.0,9.0,99.0,否,https://img.pospal.cn/productImages/4188030/1c1ff873-bcd6-4006-8593-f873c1fe8571_200x200.jpg,2772491115591,只加鲜奶和鲜茶，栀子花口味独特，好喝健康！,否,2024-04-09 13:24:33
4188030,柠著(广软图书馆店),广东省广州市广软学院图书馆旁边,13751745380,茶饮行业,09:40-22:57,是,https://img.pospal.cn/storeLogo/de207d34-84e3-4cf5-bc10-57c57c523fc6.jpg,2.0,6.0,0.72,567037376288233731,椰椰西米露（中）,经典奶茶,6.0,6.0,96.0,否,https://img.pospal.cn/productImages/0/default/default_200x200.png,2358141369752,,否,2024-10-16 20:15:35
4188030,柠著(广软图书馆店),广东省广州市广软学院图书馆旁边,13751745380,茶饮行业,09:40-22:57,是,https://img.pospal.cn/storeLogo/de207d34-84e3-4cf5-bc10-57c57c523fc6.jpg,2.0,6.0,0.72,1085793481628807954,红糖姜茶,经典奶茶,9.0,9.0,965.0,否,https://img.pospal.cn/productImages/0/default/default_200x200.png,2437126911961,,否,2024-12-04 11:59:12
4188030,柠著(广软图书馆店),广东省广州市广软学院图书馆旁边,13751745380,茶饮行业,09:40-22:57,是,https://img.pospal.cn/storeLogo/de207d34-84e3-4cf5-bc10-57c57c523fc6.jpg,2.0,6.0,0.72,184556311805880414,红糖姜奶,经典奶茶,9.0,9.0,918.0,否,https://img.pospal.cn/productImages/0/default/default_200x200.png,2527548444878,,否,2024-12-04 11:59:59
4188030,柠著(广软图书馆店),广东省广州市广软学院图书馆旁边,13751745380,茶饮行业,09:40-22:57,是,https://img.pospal.cn/storeLogo/de207d34-84e3-4cf5-bc10-57c57c523fc6.jpg,2.0,6.0,0.72,857657551199011839,米麻薯草莓奶绿,经典奶茶,10.0,10.0,1098.0,否,https://img.pospal.cn/productImages/4188030/19596262-702d-439c-b420-cd0287282977_200x200.jpg,2917582756646,,否,2025-12-18 11:01:35
4188030,柠著(广软图书馆店),广东省广州市广软学院图书馆旁边,13751745380,茶饮行业,09:40-22:57,是,https://img.pospal.cn/storeLogo/de207d34-84e3-4cf5-bc10-57c57c523fc6.jpg,2.0,6.0,0.72,1119751218256681619,芋泥波波奶茶/奶绿,经典奶茶,10.0,10.0,-1.0,是,https://img.pospal.cn/productImages/4188030/cc5cfcb8-583f-4a6f-93de-6bc6089e1b6f_200x200.jpg,6946920141224,,否,2022-03-07 18:40:25
4188030,柠著(广软图书馆店),广东省广州市广软学院图书馆旁边,13751745380,茶饮行业,09:40-22:57,是,https://img.pospal.cn/storeLogo/de207d34-84e3-4cf5-bc10-57c57c523fc6.jpg,2.0,6.0,0.72,266760630050027789,薄荷奶绿,经典奶茶,8.0,8.0,0.0,是,https://img.pospal.cn/productImages/4188030/f71b14c3-9fc9-4e58-97ac-e95e62105200_200x200.jpg,2211634013986,这个饮品不能做热的,否,2024-03-15 11:43:23
4188030,柠著(广软图书馆店),广东省广州市广软学院图书馆旁边,13751745380,茶饮行业,09:40-22:57,是,https://img.pospal.cn/storeLogo/de207d34-84e3-4cf5-bc10-57c57c523fc6.jpg,2.0,6.0,0.72,377207585807420851,桃胶炖奶,经典奶茶,11.0,11.0,0.0,是,https://img.pospal.cn/productImages/4188030/50ba3c62-9f6e-40e0-b58f-0728d06962c3_200x200.jpg,2328348961158,,否,2024-11-11 19:19:26
4188030,柠著(广软图书馆店),广东省广州市广软学院图书馆旁边,13751745380,茶饮行业,09:40-22:57,是,https://img.pospal.cn/storeLogo/de207d34-84e3-4cf5-bc10-57c57c523fc6.jpg,2.0,6.0,0.72,671879070466402144,比利时焦糖饼干奶茶,经典奶茶,13.0,13.0,0.0,是,https://img.pospal.cn/productImages/4188030/8754cbdc-5570-4b25-8927-ebbe248e4efc_200x200.jpg,2912384492570,,否,2025-06-06 12:31:36
4188030,柠著(广软图书馆店),广东省广州市广软学院图书馆旁边,13751745380,茶饮行业,09:40-22:57,是,https://img.pospal.cn/storeLogo/de207d34-84e3-4cf5-bc10-57c57c523fc6.jpg,2.0,6.0,0.72,990103034695526226,烤布蕾啵啵奶茶,经典奶茶,14.0,14.0,0.0,是,https://img.pospal.cn/productImages/4188030/b079f5b9-716d-4c77-a620-c6885afd522c_200x200.jpg,2081853390874,不能做温的，介意唔点,否,2025-06-28 19:13:52
4737187,库迪咖啡(广软图书馆店),广东省广州市广软学院图书馆旁边,18565354015,餐饮行业,10:31-16:28,是,https://img.pospal.cn/storeLogo/a94038a2-fe96-49a9-b752-d334b19eaae9.jpg,2.0,10.0,0.69,645059313230502389,菠萝轻椰水,清爽果茶,12.9,12.9,10000.0,否,https://img.pospal.cn/productImages/4737187/2b84d5c2-71a9-463b-a34c-a88a6c437aae_200x200.jpg,2609161412431,,否,2026-09-16 14:15:46
4737187,库迪咖啡(广软图书馆店),广东省广州市广软学院图书馆旁边,18565354015,餐饮行业,10:31-16:28,是,https://img.pospal.cn/storeLogo/a94038a2-fe96-49a9-b752-d334b19eaae9.jpg,2.0,10.0,0.69,425743761056999599,鲜气杨梅冰茶,清爽果茶,12.5,12.5,0.0,是,https://img.pospal.cn/productImages/4737187/c88f66b5-d385-443c-94b4-b8f096d05fa5_200x200.jpg,2605070954161,,否,2026-05-07 09:56:08
4737187,库迪咖啡(广软图书馆店),广东省广州市广软学院图书馆旁边,18565354015,餐饮行业,10:31-16:28,是,https://img.pospal.cn/storeLogo/a94038a2-fe96-49a9-b752-d334b19eaae9.jpg,2.0,10.0,0.69,549450596159842617,潘帕斯蓝生酪茉莉拿铁,生酪系列,12.5,12.5,9935.0,否,https://img.pospal.cn/productImages/4737187/1985e726-a76d-44c8-a96b-b7fe82cb2cb6_200x200.jpg,2310181959270,,否,2023-10-18 20:02:17
4737187,库迪咖啡(广软图书馆店),广东省广州市广软学院图书馆旁边,18565354015,餐饮行业,10:31-16:28,是,https://img.pospal.cn/storeLogo/a94038a2-fe96-49a9-b752-d334b19eaae9.jpg,2.0,10.0,0.69,462425461637875462,生酪拿铁,生酪系列,12.5,12.5,9991.0,否,https://img.pospal.cn/productImages/4737187/d8e71e6c-afe0-47c0-8da2-ddb52eeaf459_200x200.jpg,2310182003415,,否,2023-10-18 20:04:33
4737187,库迪咖啡(广软图书馆店),广东省广州市广软学院图书馆旁边,18565354015,餐饮行业,10:31-16:28,是,https://img.pospal.cn/storeLogo/a94038a2-fe96-49a9-b752-d334b19eaae9.jpg,2.0,10.0,0.69,677524366068965252,心动芭乐气泡冰萃（不支持去冰和少冰）,冰萃咖啡,12.5,12.5,9992.0,否,https://img.pospal.cn/productImages/4737187/b6d10e60-d979-447c-ac25-1b475451e83d_200x200.jpg,2603102250427,,否,2026-03-10 22:52:45
4737187,库迪咖啡(广软图书馆店),广东省广州市广软学院图书馆旁边,18565354015,餐饮行业,10:31-16:28,是,https://img.pospal.cn/storeLogo/a94038a2-fe96-49a9-b752-d334b19eaae9.jpg,2.0,10.0,0.69,453465427316439363,杨枝甘露,无咖无茶,12.5,12.5,9999.0,否,https://img.pospal.cn/productImages/4737187/4dc26a7b-da42-45dc-86da-940561e4da17_200x200.jpg,2603102243320,,否,2026-03-10 22:43:36
4737187,库迪咖啡(广软图书馆店),广东省广州市广软学院图书馆旁边,18565354015,餐饮行业,10:31-16:28,是,https://img.pospal.cn/storeLogo/a94038a2-fe96-49a9-b752-d334b19eaae9.jpg,2.0,10.0,0.69,319125152111436728,潘帕斯蓝西柚水,无咖无茶,12.5,12.5,9995.0,否,https://img.pospal.cn/productImages/4737187/4d9dfc13-4ce3-431e-9260-72f2838b5ecb_200x200.jpg,2603102321486,,否,2026-03-10 23:22:59
4737187,库迪咖啡(广软图书馆店),广东省广州市广软学院图书馆旁边,18565354015,餐饮行业,10:31-16:28,是,https://img.pospal.cn/storeLogo/a94038a2-fe96-49a9-b752-d334b19eaae9.jpg,2.0,10.0,0.69,1001222235829678013,桃桃气泡水（不支持去冰少冰）,无咖无茶,12.9,12.9,10000.0,否,https://img.pospal.cn/productImages/4737187/e9c5d666-98cb-46bf-a4d4-3c894fcc10c4_200x200.jpg,2609161432460,,否,2026-09-16 14:36:27
4737187,库迪咖啡(广软图书馆店),广东省广州市广软学院图书馆旁边,18565354015,餐饮行业,10:31-16:28,是,https://img.pospal.cn/storeLogo/a94038a2-fe96-49a9-b752-d334b19eaae9.jpg,2.0,10.0,0.69,176638178733655811,流云茉莉轻乳茶,创新奶咖,12.5,12.5,9986.0,否,https://img.pospal.cn/productImages/4737187/f460abc8-8425-4230-aa16-a6b49e03cfb1_200x200.png,2403181740143,,否,2024-03-18 17:41:54
4737187,库迪咖啡(广软图书馆店),广东省广州市广软学院图书馆旁边,18565354015,餐饮行业,10:31-16:28,是,https://img.pospal.cn/storeLogo/a94038a2-fe96-49a9-b752-d334b19eaae9.jpg,2.0,10.0,0.69,1077407660958799692,生椰拿铁（轻盈版）不支持去冰或少冰,创新奶咖,12.5,12.5,9937.0,否,https://img.pospal.cn/productImages/4737187/42779c0e-0437-4a52-b6bb-a707d47c21d8_200x200.jpg,2603102302041,,否,2026-03-10 23:04:29
4737187,库迪咖啡(广软图书馆店),广东省广州市广软学院图书馆旁边,18565354015,餐饮行业,10:31-16:28,是,https://img.pospal.cn/storeLogo/a94038a2-fe96-49a9-b752-d334b19eaae9.jpg,2.0,10.0,0.69,1069411856759063198,双椰拿铁,创新奶咖,12.5,12.5,9997.0,否,https://img.pospal.cn/productImages/4737187/6a8a51f7-c4e0-4090-9d53-c6fb18e7a628_200x200.jpg,2603102310480,,否,2026-03-10 23:14:40
4737187,库迪咖啡(广软图书馆店),广东省广州市广软学院图书馆旁边,18565354015,餐饮行业,10:31-16:28,是,https://img.pospal.cn/storeLogo/a94038a2-fe96-49a9-b752-d334b19eaae9.jpg,2.0,10.0,0.69,531284626715107508,小黄油美式,创新奶咖,12.9,12.9,996.0,否,https://img.pospal.cn/productImages/4737187/3f95609c-96cd-4d00-b055-4ced9bc64ada_200x200.jpg,2609161349218,,否,2026-09-16 13:56:23
4737187,库迪咖啡(广软图书馆店),广东省广州市广软学院图书馆旁边,18565354015,餐饮行业,10:31-16:28,是,https://img.pospal.cn/storeLogo/a94038a2-fe96-49a9-b752-d334b19eaae9.jpg,2.0,10.0,0.69,545823951662697703,小黄油拿铁,创新奶咖,12.9,12.9,991.0,否,https://img.pospal.cn/productImages/4737187/81804264-8565-4620-877f-7d29b13b9c8d_200x200.jpg,2609161358333,,否,2026-09-16 14:01:31
4737187,库迪咖啡(广软图书馆店),广东省广州市广软学院图书馆旁边,18565354015,餐饮行业,10:31-16:28,是,https://img.pospal.cn/storeLogo/a94038a2-fe96-49a9-b752-d334b19eaae9.jpg,2.0,10.0,0.69,343999714322373447,月下金桂拿铁,创新奶咖,12.5,12.5,999.0,否,https://img.pospal.cn/productImages/4737187/d27a4674-d077-422a-90f6-1201d49a0129_200x200.jpg,260923112751,,否,2026-09-23 11:28:31
4737187,库迪咖啡(广软图书馆店),广东省广州市广软学院图书馆旁边,18565354015,餐饮行业,10:31-16:28,是,https://img.pospal.cn/storeLogo/a94038a2-fe96-49a9-b752-d334b19eaae9.jpg,2.0,10.0,0.69,762113704860256394,经典拿铁,经典咖啡,12.5,12.5,99647.0,否,https://img.pospal.cn/productImages/4737187/1fd47054-5d14-4ba0-8786-bb0f956ee24d_200x200.jpg,2310181947031,,否,2023-10-18 19:47:59
4737187,库迪咖啡(广软图书馆店),广东省广州市广软学院图书馆旁边,18565354015,餐饮行业,10:31-16:28,是,https://img.pospal.cn/storeLogo/a94038a2-fe96-49a9-b752-d334b19eaae9.jpg,2.0,10.0,0.69,739678983754109302,精萃澳白,经典咖啡,12.5,12.5,99908.0,否,https://img.pospal.cn/productImages/4737187/550ec6e8-c309-4bbe-a9d0-e923d0d51408_200x200.jpg,2310181948083,,否,2023-10-18 19:48:57
4737187,库迪咖啡(广软图书馆店),广东省广州市广软学院图书馆旁边,18565354015,餐饮行业,10:31-16:28,是,https://img.pospal.cn/storeLogo/a94038a2-fe96-49a9-b752-d334b19eaae9.jpg,2.0,10.0,0.69,791148613093733465,卡布奇诺,经典咖啡,12.5,12.5,99808.0,否,https://img.pospal.cn/productImages/4737187/9c7f9483-841e-4dbc-97b8-bbc689413597_200x200.jpg,2310181949066,,否,2023-10-18 19:50:19
4737187,库迪咖啡(广软图书馆店),广东省广州市广软学院图书馆旁边,18565354015,餐饮行业,10:31-16:28,是,https://img.pospal.cn/storeLogo/a94038a2-fe96-49a9-b752-d334b19eaae9.jpg,2.0,10.0,0.69,421944877591487880,流云拿铁,经典咖啡,12.5,12.5,9992.0,否,https://img.pospal.cn/productImages/4737187/0354580a-7ecd-4998-a1cf-b9e6a5254aff_200x200.png,2403181734234,,否,2024-03-18 17:34:28
4737187,库迪咖啡(广软图书馆店),广东省广州市广软学院图书馆旁边,18565354015,餐饮行业,10:31-16:28,是,https://img.pospal.cn/storeLogo/a94038a2-fe96-49a9-b752-d334b19eaae9.jpg,2.0,10.0,0.69,334167295001013674,太妃丝滑拿铁,经典咖啡,12.5,12.5,9992.0,否,https://img.pospal.cn/productImages/4737187/d41b279a-6ad1-4abe-a2f5-dc9080e8d948_200x200.jpg,2503051356013,,否,2025-03-05 13:56:49
4737187,库迪咖啡(广软图书馆店),广东省广州市广软学院图书馆旁边,18565354015,餐饮行业,10:31-16:28,是,https://img.pospal.cn/storeLogo/a94038a2-fe96-49a9-b752-d334b19eaae9.jpg,2.0,10.0,0.69,656461652050580868,铂金精品美式,经典咖啡,12.5,12.5,9958.0,否,https://img.pospal.cn/productImages/4737187/4e5c18b8-8b5a-45b7-9567-f651eceac766_200x200.jpg,2511181401213,,否,2025-11-18 14:02:45
4737187,库迪咖啡(广软图书馆店),广东省广州市广软学院图书馆旁边,18565354015,餐饮行业,10:31-16:28,是,https://img.pospal.cn/storeLogo/a94038a2-fe96-49a9-b752-d334b19eaae9.jpg,2.0,10.0,0.69,292395466958438011,金奖深烘美式,经典咖啡,12.5,12.5,9940.0,否,https://img.pospal.cn/productImages/4737187/f33b2f83-54ab-49fb-a8a0-92e2b80479b6_200x200.jpg,2511181412103,,否,2025-11-18 14:14:13
4737187,库迪咖啡(广软图书馆店),广东省广州市广软学院图书馆旁边,18565354015,餐饮行业,10:31-16:28,是,https://img.pospal.cn/storeLogo/a94038a2-fe96-49a9-b752-d334b19eaae9.jpg,2.0,10.0,0.69,979147177172724825,生椰拿铁,鲜萃奶茶,12.5,12.5,9987.0,否,https://img.pospal.cn/productImages/4737187/fab2b251-f879-4674-9f35-b0a64417c280_200x200.jpg,2310182006522,,否,2023-10-18 20:07:55
4737187,库迪咖啡(广软图书馆店),广东省广州市广软学院图书馆旁边,18565354015,餐饮行业,10:31-16:28,是,https://img.pospal.cn/storeLogo/a94038a2-fe96-49a9-b752-d334b19eaae9.jpg,2.0,10.0,0.69,386044628385734068,高山抹茶清爽椰,鲜萃奶茶,12.5,12.5,9975.0,否,https://img.pospal.cn/productImages/4737187/f767514e-c3b2-4a1c-8f62-630550669c51_200x200.jpg,2408311612147,,否,2024-08-31 16:13:45
4737187,库迪咖啡(广软图书馆店),广东省广州市广软学院图书馆旁边,18565354015,餐饮行业,10:31-16:28,是,https://img.pospal.cn/storeLogo/a94038a2-fe96-49a9-b752-d334b19eaae9.jpg,2.0,10.0,0.69,524716786851293328,芝此青绿(不能去冰或少冰),鲜萃奶茶,12.5,12.5,9987.0,否,https://img.pospal.cn/productImages/4737187/b7574be2-2171-4c7c-a089-3e1a92e1eae9_200x200.jpg,2511141441495,,否,2025-11-14 14:45:32
4737187,库迪咖啡(广软图书馆店),广东省广州市广软学院图书馆旁边,18565354015,餐饮行业,10:31-16:28,是,https://img.pospal.cn/storeLogo/a94038a2-fe96-49a9-b752-d334b19eaae9.jpg,2.0,10.0,0.69,1116979153543514246,茉莉花香拿铁,鲜萃奶茶,12.5,12.5,994.0,否,https://img.pospal.cn/productImages/4737187/2cdadd39-a349-46ad-8473-0eb425cff946_200x200.jpg,2603041850504,,否,2026-03-04 18:53:51
4737187,库迪咖啡(广软图书馆店),广东省广州市广软学院图书馆旁边,18565354015,餐饮行业,10:31-16:28,是,https://img.pospal.cn/storeLogo/a94038a2-fe96-49a9-b752-d334b19eaae9.jpg,2.0,10.0,0.69,52019461024802590,闪购西西里美式,鲜萃奶茶,12.5,12.5,999.0,否,https://img.pospal.cn/productImages/4737187/97e36674-650a-46bf-a37f-8ce5088ccfaa_200x200.jpg,2603042355350,,否,2026-03-04 23:58:42
4737187,库迪咖啡(广软图书馆店),广东省广州市广软学院图书馆旁边,18565354015,餐饮行业,10:31-16:28,是,https://img.pospal.cn/storeLogo/a94038a2-fe96-49a9-b752-d334b19eaae9.jpg,2.0,10.0,0.69,388512558439478741,海盐焦糖丝滑拿铁,鲜萃奶茶,12.5,12.5,9988.0,否,https://img.pospal.cn/productImages/4737187/d94a007d-59c8-4303-8552-3ab90e997b0f_200x200.jpg,2603051531073,,否,2026-03-05 15:32:09
4737187,库迪咖啡(广软图书馆店),广东省广州市广软学院图书馆旁边,18565354015,餐饮行业,10:31-16:28,是,https://img.pospal.cn/storeLogo/a94038a2-fe96-49a9-b752-d334b19eaae9.jpg,2.0,10.0,0.69,698199962057909472,杨枝甘露拿铁,鲜萃奶茶,12.5,12.5,10000.0,否,https://img.pospal.cn/productImages/4737187/79267666-8b1e-41df-8310-44ffff04038e_200x200.jpg,2603102239507,,否,2026-03-10 22:41:22
4737187,库迪咖啡(广软图书馆店),广东省广州市广软学院图书馆旁边,18565354015,餐饮行业,10:31-16:28,是,https://img.pospal.cn/storeLogo/a94038a2-fe96-49a9-b752-d334b19eaae9.jpg,2.0,10.0,0.69,352356485309379396,心动芭乐美式,鲜萃奶茶,12.5,12.5,9996.0,否,https://img.pospal.cn/productImages/4737187/e3938c71-8f9e-47d4-b77c-9577a1774b08_200x200.jpg,2603102248592,,否,2026-03-10 22:50:24
4737187,库迪咖啡(广软图书馆店),广东省广州市广软学院图书馆旁边,18565354015,餐饮行业,10:31-16:28,是,https://img.pospal.cn/storeLogo/a94038a2-fe96-49a9-b752-d334b19eaae9.jpg,2.0,10.0,0.69,824441996051440277,心动粉芭乐茉莉（奶盖产品不支持去冰或少冰）,鲜萃奶茶,12.5,12.5,9978.0,否,https://img.pospal.cn/productImages/4737187/832e9d8a-d9f8-46ac-9ae2-64775c8730c1_200x200.jpg,2603102253275,,否,2026-03-10 22:56:05
4737187,库迪咖啡(广软图书馆店),广东省广州市广软学院图书馆旁边,18565354015,餐饮行业,10:31-16:28,是,https://img.pospal.cn/storeLogo/a94038a2-fe96-49a9-b752-d334b19eaae9.jpg,2.0,10.0,0.69,786654772136251133,鲜萃椰香茉莉,鲜萃奶茶,12.5,12.5,9996.0,否,https://img.pospal.cn/productImages/4737187/7e1c9420-094f-4816-9365-e7a25905f2ad_200x200.jpg,2603102315133,,否,2026-03-10 23:16:38
4737187,库迪咖啡(广软图书馆店),广东省广州市广软学院图书馆旁边,18565354015,餐饮行业,10:31-16:28,是,https://img.pospal.cn/storeLogo/a94038a2-fe96-49a9-b752-d334b19eaae9.jpg,2.0,10.0,0.69,1021949066836672945,抹茶拿铁,鲜萃奶茶,12.5,12.5,9952.0,否,https://img.pospal.cn/productImages/4737187/b09b548f-6fe8-4d36-88d1-70a2fa53c47a_200x200.jpg,2603102331157,,否,2026-03-10 23:32:45
4737187,库迪咖啡(广软图书馆店),广东省广州市广软学院图书馆旁边,18565354015,餐饮行业,10:31-16:28,是,https://img.pospal.cn/storeLogo/a94038a2-fe96-49a9-b752-d334b19eaae9.jpg,2.0,10.0,0.69,718576521569038599,小黄油茉香抹茶（不支持去冰少冰）,鲜萃奶茶,12.9,12.9,10000.0,否,https://img.pospal.cn/productImages/4737187/7e3ce050-c1e6-4cf1-b700-4584a216258b_200x200.jpg,2609161458507,,否,2026-09-16 15:01:32
4737187,库迪咖啡(广软图书馆店),广东省广州市广软学院图书馆旁边,18565354015,餐饮行业,10:31-16:28,是,https://img.pospal.cn/storeLogo/a94038a2-fe96-49a9-b752-d334b19eaae9.jpg,2.0,10.0,0.69,642327760917546659,月下金桂生酪奶茶,鲜萃奶茶,12.5,12.5,9999.0,否,https://img.pospal.cn/productImages/4737187/33fb3145-7d36-4bca-880b-e6a080ebd294_200x200.jpg,2609231130029,,否,2026-09-23 11:30:46
4737187,库迪咖啡(广软图书馆店),广东省广州市广软学院图书馆旁边,18565354015,餐饮行业,10:31-16:28,是,https://img.pospal.cn/storeLogo/a94038a2-fe96-49a9-b752-d334b19eaae9.jpg,2.0,10.0,0.69,1023456581908939478,杏皮水,鲜萃奶茶,12.5,12.5,0.0,是,https://img.pospal.cn/productImages/4737187/0862bcdb-c814-4c81-9f62-28ddf16232fb_200x200.jpg,2603102320038,,否,2026-03-10 23:21:21
4737187,库迪咖啡(广软图书馆店),广东省广州市广软学院图书馆旁边,18565354015,餐饮行业,10:31-16:28,是,https://img.pospal.cn/storeLogo/a94038a2-fe96-49a9-b752-d334b19eaae9.jpg,2.0,10.0,0.69,651714491633671962,百香橙橙,鲜萃奶茶,12.5,12.5,0.0,是,https://img.pospal.cn/productImages/4737187/cc77e5b6-b1bd-4b7b-b232-c3472309832b_200x200.jpg,2605070938536,,否,2026-05-07 09:42:34
4737187,库迪咖啡(广软图书馆店),广东省广州市广软学院图书馆旁边,18565354015,餐饮行业,10:31-16:28,是,https://img.pospal.cn/storeLogo/a94038a2-fe96-49a9-b752-d334b19eaae9.jpg,2.0,10.0,0.69,878219116312661892,柚见茉莉库可冰 白西柚,冰沙系列（不支持去冰少冰）,12.5,12.5,83.0,否,https://img.pospal.cn/productImages/4737187/8277125e-37e9-410f-b466-3ff6a8821c46_200x200.jpg,2408311627189,,否,2024-08-31 16:28:22
4737187,库迪咖啡(广软图书馆店),广东省广州市广软学院图书馆旁边,18565354015,餐饮行业,10:31-16:28,是,https://img.pospal.cn/storeLogo/a94038a2-fe96-49a9-b752-d334b19eaae9.jpg,2.0,10.0,0.69,211078309318888643,菠萝的海库可冰,冰沙系列（不支持去冰少冰）,12.9,12.9,10000.0,否,https://img.pospal.cn/productImages/4737187/b988be02-ff79-4f10-9778-bd0197bce90a_200x200.jpg,2609161415586,,否,2026-09-16 14:23:52
4737187,库迪咖啡(广软图书馆店),广东省广州市广软学院图书馆旁边,18565354015,餐饮行业,10:31-16:28,是,https://img.pospal.cn/storeLogo/a94038a2-fe96-49a9-b752-d334b19eaae9.jpg,2.0,10.0,0.69,63140066833199419,桃桃很芒奶昔,冰沙系列（不支持去冰少冰）,12.9,12.9,10000.0,否,https://img.pospal.cn/productImages/4737187/9b4e5dd7-f246-4fb6-863c-02d92de14178_200x200.jpg,2609161437076,,否,2026-09-16 14:38:48
4737187,库迪咖啡(广软图书馆店),广东省广州市广软学院图书馆旁边,18565354015,餐饮行业,10:31-16:28,是,https://img.pospal.cn/storeLogo/a94038a2-fe96-49a9-b752-d334b19eaae9.jpg,2.0,10.0,0.69,347432931223892804,清爽芭乐提,冰沙系列（不支持去冰少冰）,12.9,12.9,10000.0,否,https://img.pospal.cn/productImages/4737187/cfc9e4de-9ef2-4ca3-a424-92f7fb0bb416_200x200.jpg,2609161502033,,否,2026-09-16 15:03:29
4737187,库迪咖啡(广软图书馆店),广东省广州市广软学院图书馆旁边,18565354015,餐饮行业,10:31-16:28,是,https://img.pospal.cn/storeLogo/a94038a2-fe96-49a9-b752-d334b19eaae9.jpg,2.0,10.0,0.69,892734223564413862,胶原莓果奶昔,冰沙系列（不支持去冰少冰）,12.9,12.9,10000.0,否,https://img.pospal.cn/productImages/4737187/0dccb96d-43be-48b2-9d1a-7b73fe3c4684_200x200.jpg,2609161504518,,否,2026-09-16 15:06:17
4737187,库迪咖啡(广软图书馆店),广东省广州市广软学院图书馆旁边,18565354015,餐饮行业,10:31-16:28,是,https://img.pospal.cn/storeLogo/a94038a2-fe96-49a9-b752-d334b19eaae9.jpg,2.0,10.0,0.69,942382580012285610,鲜气杨梅燕麦奶昔,冰沙系列（不支持去冰少冰）,12.5,12.5,0.0,是,https://img.pospal.cn/productImages/4737187/33f03276-66fc-4e8a-bce6-dde748e32215_200x200.jpg,2605070945541,,否,2026-05-07 09:47:39
4737187,库迪咖啡(广软图书馆店),广东省广州市广软学院图书馆旁边,18565354015,餐饮行业,10:31-16:28,是,https://img.pospal.cn/storeLogo/a94038a2-fe96-49a9-b752-d334b19eaae9.jpg,2.0,10.0,0.69,624868996367254024,鲜气杨梅库可冰,冰沙系列（不支持去冰少冰）,12.5,12.5,0.0,是,https://img.pospal.cn/productImages/4737187/cd58a036-0c4f-45ad-b7c6-65d7d8ea04fb_200x200.jpg,2605070951184,,否,2026-05-07 09:53:48
4737187,库迪咖啡(广软图书馆店),广东省广州市广软学院图书馆旁边,18565354015,餐饮行业,10:31-16:28,是,https://img.pospal.cn/storeLogo/a94038a2-fe96-49a9-b752-d334b19eaae9.jpg,2.0,10.0,0.69,643207060377851738,纯萃燕麦拿铁,燕麦系列,12.5,12.5,9987.0,否,https://img.pospal.cn/productImages/4737187/b1af2d6b-27e4-43e8-8c45-3819fd530dd8_200x200.jpg,2603051536290,,否,2026-03-05 15:38:25
4737187,库迪咖啡(广软图书馆店),广东省广州市广软学院图书馆旁边,18565354015,餐饮行业,10:31-16:28,是,https://img.pospal.cn/storeLogo/a94038a2-fe96-49a9-b752-d334b19eaae9.jpg,2.0,10.0,0.69,413084532688917524,柚见美式,元气果咖,12.5,12.5,983.0,否,https://img.pospal.cn/productImages/4737187/26584143-1d87-4ec9-a6a2-f8f28f315316_200x200.jpg,2408311455041,,否,2024-08-31 14:57:21
4737187,库迪咖啡(广软图书馆店),广东省广州市广软学院图书馆旁边,18565354015,餐饮行业,10:31-16:28,是,https://img.pospal.cn/storeLogo/a94038a2-fe96-49a9-b752-d334b19eaae9.jpg,2.0,10.0,0.69,1051814152202992573,橙C美式,元气果咖,12.5,12.5,9975.0,否,https://img.pospal.cn/productImages/4737187/ad54bdf6-e177-456f-98b9-594ecbaea468_200x200.jpg,2603051527038,,否,2026-03-05 15:28:15
4737187,库迪咖啡(广软图书馆店),广东省广州市广软学院图书馆旁边,18565354015,餐饮行业,10:31-16:28,是,https://img.pospal.cn/storeLogo/a94038a2-fe96-49a9-b752-d334b19eaae9.jpg,2.0,10.0,0.69,739543108955607546,双柚美式,元气果咖,12.5,12.5,9997.0,否,https://img.pospal.cn/productImages/4737187/6a3afbe1-5c57-44b7-8ebf-d867ddd90753_200x200.jpg,2603102256511,,否,2026-03-10 22:58:19
4737187,库迪咖啡(广软图书馆店),广东省广州市广软学院图书馆旁边,18565354015,餐饮行业,10:31-16:28,是,https://img.pospal.cn/storeLogo/a94038a2-fe96-49a9-b752-d334b19eaae9.jpg,2.0,10.0,0.69,198363082930901043,菠萝美式,元气果咖,12.9,12.9,9999.0,否,https://img.pospal.cn/productImages/4737187/af2210b7-17fe-4386-9f00-ed3335d779e4_200x200.jpg,2609161401534,,否,2026-09-16 14:05:40
4737187,库迪咖啡(广软图书馆店),广东省广州市广软学院图书馆旁边,18565354015,餐饮行业,10:31-16:28,是,https://img.pospal.cn/storeLogo/a94038a2-fe96-49a9-b752-d334b19eaae9.jpg,2.0,10.0,0.69,676932664267687035,桃桃美式,元气果咖,12.9,12.9,9997.0,否,https://img.pospal.cn/productImages/4737187/ce1b928d-7860-4c08-bc71-353ebae3de2a_200x200.jpg,2609161423598,,否,2026-09-16 14:27:14
4737187,库迪咖啡(广软图书馆店),广东省广州市广软学院图书馆旁边,18565354015,餐饮行业,10:31-16:28,是,https://img.pospal.cn/storeLogo/a94038a2-fe96-49a9-b752-d334b19eaae9.jpg,2.0,10.0,0.69,80474759908009004,超燃椰青美式,元气果咖,12.9,12.9,9999.0,否,https://img.pospal.cn/productImages/4737187/83d44f74-717a-40bc-97a9-66e61ad46925_200x200.jpg,2609161440120,,否,2026-09-16 14:44:52
4737187,库迪咖啡(广软图书馆店),广东省广州市广软学院图书馆旁边,18565354015,餐饮行业,10:31-16:28,是,https://img.pospal.cn/storeLogo/a94038a2-fe96-49a9-b752-d334b19eaae9.jpg,2.0,10.0,0.69,1049627847032376100,阳光青提美式,元气果咖,12.9,12.9,9999.0,否,https://img.pospal.cn/productImages/4737187/e56c9693-e1c8-41cb-b071-c8831b5bb78c_200x200.jpg,2609161445156,,否,2026-09-16 14:48:12
4737187,库迪咖啡(广软图书馆店),广东省广州市广软学院图书馆旁边,18565354015,餐饮行业,10:31-16:28,是,https://img.pospal.cn/storeLogo/a94038a2-fe96-49a9-b752-d334b19eaae9.jpg,2.0,10.0,0.69,1073682616433364932,胶原莓果美式,元气果咖,12.9,12.9,10000.0,否,https://img.pospal.cn/productImages/4737187/76cad75e-13c9-4a30-a592-b8442d622d84_200x200.jpg,2609161453014,,否,2026-09-16 14:53:27
4737187,库迪咖啡(广软图书馆店),广东省广州市广软学院图书馆旁边,18565354015,餐饮行业,10:31-16:28,是,https://img.pospal.cn/storeLogo/a94038a2-fe96-49a9-b752-d334b19eaae9.jpg,2.0,10.0,0.69,909730022620181391,柚杏美式,元气果咖,12.5,12.5,0.0,是,https://img.pospal.cn/productImages/4737187/118b183b-7c9b-4450-8ce7-5ba993f2ce92_200x200.jpg,2508310948077,,否,2025-08-31 09:49:32
4737187,库迪咖啡(广软图书馆店),广东省广州市广软学院图书馆旁边,18565354015,餐饮行业,10:31-16:28,是,https://img.pospal.cn/storeLogo/a94038a2-fe96-49a9-b752-d334b19eaae9.jpg,2.0,10.0,0.69,1000748920998923015,百香橙橙美式,元气果咖,12.5,12.5,0.0,是,https://img.pospal.cn/productImages/4737187/89305a33-b1f5-4608-b4f1-297ac681e917_200x200.jpg,2605070943042,,否,2026-05-07 09:45:17
6042054,原麦出炉（二食堂）,广东省广州市从化区广从南路548号广州软件学院二食堂,13432312518      18319706225,餐饮行业,10:00-22:00,是,https://img.pospal.cn/storeLogo/6042054/74aedc30d65c48d2a87f834e6426824b.jpg,2.0,10.0,0.52,631793844078549973,豆乳盒子,蛋糕类,10.56,12.0,9.0,否,https://img.pospal.cn/productImages/6042054/75dd12ad-6326-4a19-8d9a-14d8f7727ae5_200x200.jpg,2604162051269,,否,2026-04-16 20:51:36
6042054,原麦出炉（二食堂）,广东省广州市从化区广从南路548号广州软件学院二食堂,13432312518      18319706225,餐饮行业,10:00-22:00,是,https://img.pospal.cn/storeLogo/6042054/74aedc30d65c48d2a87f834e6426824b.jpg,2.0,10.0,0.52,982133000346608967,巧妈妈布丁,蛋糕类,7.92,9.0,9.0,否,https://img.pospal.cn/productImages/6042054/f13486f8-5124-4007-aeba-6ed12e7b73cc_200x200.png,2604162018446,,否,2026-04-16 20:19:15
6042054,原麦出炉（二食堂）,广东省广州市从化区广从南路548号广州软件学院二食堂,13432312518      18319706225,餐饮行业,10:00-22:00,是,https://img.pospal.cn/storeLogo/6042054/74aedc30d65c48d2a87f834e6426824b.jpg,2.0,10.0,0.52,350217136345815517,肉松小贝,蛋糕类,13.2,15.0,9.0,否,https://img.pospal.cn/productImages/6042054/b95f2a2e-d3f4-4dd9-93c0-7c47612031a1_200x200.png,2604162024485,,否,2026-04-16 20:25:02
6042054,原麦出炉（二食堂）,广东省广州市从化区广从南路548号广州软件学院二食堂,13432312518      18319706225,餐饮行业,10:00-22:00,是,https://img.pospal.cn/storeLogo/6042054/74aedc30d65c48d2a87f834e6426824b.jpg,2.0,10.0,0.52,119790953017569159,巧克力瑞士卷,蛋糕类,13.2,15.0,9.0,否,https://img.pospal.cn/productImages/6042054/4e45aabd-abfd-4b66-bd96-f31295ce69a6_200x200.png,2604162026205,,否,2026-04-16 20:26:38
6042054,原麦出炉（二食堂）,广东省广州市从化区广从南路548号广州软件学院二食堂,13432312518      18319706225,餐饮行业,10:00-22:00,是,https://img.pospal.cn/storeLogo/6042054/74aedc30d65c48d2a87f834e6426824b.jpg,2.0,10.0,0.52,766737255945925456,虎皮蛋糕,蛋糕类,13.2,15.0,9.0,否,https://img.pospal.cn/productImages/6042054/26df2573-d2e5-4b7e-89e1-5fc18c658f9c_200x200.png,2604162027134,,否,2026-04-16 20:27:28
6042054,原麦出炉（二食堂）,广东省广州市从化区广从南路548号广州软件学院二食堂,13432312518      18319706225,餐饮行业,10:00-22:00,是,https://img.pospal.cn/storeLogo/6042054/74aedc30d65c48d2a87f834e6426824b.jpg,2.0,10.0,0.52,1138321587908140676,龙井瑞士卷,蛋糕类,13.2,15.0,9.0,否,https://img.pospal.cn/productImages/6042054/464286cf-c946-4571-8047-d2c17bbe087b_200x200.png,2604162027301,,否,2026-04-16 20:28:00
6042054,原麦出炉（二食堂）,广东省广州市从化区广从南路548号广州软件学院二食堂,13432312518      18319706225,餐饮行业,10:00-22:00,是,https://img.pospal.cn/storeLogo/6042054/74aedc30d65c48d2a87f834e6426824b.jpg,2.0,10.0,0.52,126734968033231680,原味瑞士卷,蛋糕类,13.2,15.0,9.0,否,https://img.pospal.cn/productImages/6042054/ce302287-e083-44c8-8a54-d39ca7fe9483_200x200.png,2604162028483,,否,2026-04-16 20:29:13
6042054,原麦出炉（二食堂）,广东省广州市从化区广从南路548号广州软件学院二食堂,13432312518      18319706225,餐饮行业,10:00-22:00,是,https://img.pospal.cn/storeLogo/6042054/74aedc30d65c48d2a87f834e6426824b.jpg,2.0,10.0,0.52,328038700757945588,伯爵红茶卷,蛋糕类,13.2,15.0,9.0,否,https://img.pospal.cn/productImages/6042054/708b481d-f96f-45bc-a2c8-12e96dcedec9_200x200.png,2604162031520,,否,2026-04-16 20:33:04
6042054,原麦出炉（二食堂）,广东省广州市从化区广从南路548号广州软件学院二食堂,13432312518      18319706225,餐饮行业,10:00-22:00,是,https://img.pospal.cn/storeLogo/6042054/74aedc30d65c48d2a87f834e6426824b.jpg,2.0,10.0,0.52,392255513930840356,芒果毛巾卷,蛋糕类,15.84,18.0,9.0,否,https://img.pospal.cn/productImages/6042054/32400156-dbae-471d-b43a-a93c5a50a610_200x200.png,2604162033241,,否,2026-04-16 20:33:37
6042054,原麦出炉（二食堂）,广东省广州市从化区广从南路548号广州软件学院二食堂,13432312518      18319706225,餐饮行业,10:00-22:00,是,https://img.pospal.cn/storeLogo/6042054/74aedc30d65c48d2a87f834e6426824b.jpg,2.0,10.0,0.52,311703094744075795,芋泥提拉米苏,蛋糕类,15.84,18.0,9.0,否,https://img.pospal.cn/productImages/6042054/67490cca-7acc-4eab-b143-cdc0d1e02dc2_200x200.png,2604162034200,,否,2026-04-16 20:34:32
6042054,原麦出炉（二食堂）,广东省广州市从化区广从南路548号广州软件学院二食堂,13432312518      18319706225,餐饮行业,10:00-22:00,是,https://img.pospal.cn/storeLogo/6042054/74aedc30d65c48d2a87f834e6426824b.jpg,2.0,10.0,0.52,464407668389267289,焦糖海盐,蛋糕类,14.08,16.0,9.0,否,https://img.pospal.cn/productImages/6042054/8a21ea80-63d5-422d-ba17-1336e17aa687_200x200.png,2604162036402,,否,2026-04-16 20:38:14
6042054,原麦出炉（二食堂）,广东省广州市从化区广从南路548号广州软件学院二食堂,13432312518      18319706225,餐饮行业,10:00-22:00,是,https://img.pospal.cn/storeLogo/6042054/74aedc30d65c48d2a87f834e6426824b.jpg,2.0,10.0,0.52,632745281483810709,半熟芝士,蛋糕类,13.2,15.0,9.0,否,https://img.pospal.cn/productImages/6042054/e67fcfcb-ce7d-4243-85ce-617bc38ecd61_200x200.png,2604162038376,,否,2026-04-16 20:39:18
6042054,原麦出炉（二食堂）,广东省广州市从化区广从南路548号广州软件学院二食堂,13432312518      18319706225,餐饮行业,10:00-22:00,是,https://img.pospal.cn/storeLogo/6042054/74aedc30d65c48d2a87f834e6426824b.jpg,2.0,10.0,0.52,224098165801236351,爆浆乳酪芝士挞,蛋糕类,8.71,9.9,9.0,否,https://img.pospal.cn/productImages/6042054/bdb10071-58f4-4c17-a59f-bd3712a76a0b_200x200.png,2604162040317,,否,2026-04-16 20:40:52
6042054,原麦出炉（二食堂）,广东省广州市从化区广从南路548号广州软件学院二食堂,13432312518      18319706225,餐饮行业,10:00-22:00,是,https://img.pospal.cn/storeLogo/6042054/74aedc30d65c48d2a87f834e6426824b.jpg,2.0,10.0,0.52,37674872313715743,芝士奶角,蛋糕类,14.08,16.0,9.0,否,https://img.pospal.cn/productImages/6042054/a92eeb5d-29af-45ed-ac90-f9ae0257a28d_200x200.png,2604162044391,,否,2026-04-16 20:45:09
6042054,原麦出炉（二食堂）,广东省广州市从化区广从南路548号广州软件学院二食堂,13432312518      18319706225,餐饮行业,10:00-22:00,是,https://img.pospal.cn/storeLogo/6042054/74aedc30d65c48d2a87f834e6426824b.jpg,2.0,10.0,0.52,235943875178490052,红丝绒蛋糕,蛋糕类,13.2,15.0,9.0,否,https://img.pospal.cn/productImages/6042054/7b196a1c-b4ca-4c5f-b072-61618fea42d8_200x200.png,2604162045268,,否,2026-04-16 20:45:40
6042054,原麦出炉（二食堂）,广东省广州市从化区广从南路548号广州软件学院二食堂,13432312518      18319706225,餐饮行业,10:00-22:00,是,https://img.pospal.cn/storeLogo/6042054/74aedc30d65c48d2a87f834e6426824b.jpg,2.0,10.0,0.52,402611714737936907,迪拜开心果,蛋糕类,15.84,18.0,9.0,否,https://img.pospal.cn/productImages/6042054/c1fb0a54-d10e-43d6-9de6-2e7e2d3e028b_200x200.png,2604162046401,,否,2026-04-16 20:47:45
6042054,原麦出炉（二食堂）,广东省广州市从化区广从南路548号广州软件学院二食堂,13432312518      18319706225,餐饮行业,10:00-22:00,是,https://img.pospal.cn/storeLogo/6042054/74aedc30d65c48d2a87f834e6426824b.jpg,2.0,10.0,0.52,325332535956794970,生巧黑森林,蛋糕类,13.2,15.0,9.0,否,https://img.pospal.cn/productImages/6042054/75fb540c-94ee-40ff-8495-4afd882e7ddc_200x200.png,2604162047569,,否,2026-04-16 20:48:31
6042054,原麦出炉（二食堂）,广东省广州市从化区广从南路548号广州软件学院二食堂,13432312518      18319706225,餐饮行业,10:00-22:00,是,https://img.pospal.cn/storeLogo/6042054/74aedc30d65c48d2a87f834e6426824b.jpg,2.0,10.0,0.52,297337329909187400,黑森林,蛋糕类,13.2,15.0,9.0,否,https://img.pospal.cn/productImages/6042054/95e911bc-d023-41b9-8479-c7d12ac449a0_200x200.png,2604162049235,,否,2026-04-16 20:49:34
6042054,原麦出炉（二食堂）,广东省广州市从化区广从南路548号广州软件学院二食堂,13432312518      18319706225,餐饮行业,10:00-22:00,是,https://img.pospal.cn/storeLogo/6042054/74aedc30d65c48d2a87f834e6426824b.jpg,2.0,10.0,0.52,36311408808295730,生牛乳蛋糕,蛋糕类,14.08,16.0,9.0,否,https://img.pospal.cn/productImages/6042054/8886af44-d93a-4c67-a186-ba7f9b7bf679_200x200.png,2604162050293,,否,2026-04-16 20:50:41
6042054,原麦出炉（二食堂）,广东省广州市从化区广从南路548号广州软件学院二食堂,13432312518      18319706225,餐饮行业,10:00-22:00,是,https://img.pospal.cn/storeLogo/6042054/74aedc30d65c48d2a87f834e6426824b.jpg,2.0,10.0,0.52,601159526354539792,生巧熔岩,蛋糕类,17.6,20.0,0.0,是,https://img.pospal.cn/productImages/6042054/65dd9c0e-db38-4a1c-822b-655707ebf6b1_200x200.png,2604162035399,,否,2026-04-16 20:36:35
6042054,原麦出炉（二食堂）,广东省广州市从化区广从南路548号广州软件学院二食堂,13432312518      18319706225,餐饮行业,10:00-22:00,是,https://img.pospal.cn/storeLogo/6042054/74aedc30d65c48d2a87f834e6426824b.jpg,2.0,10.0,0.52,545563576249486497,提拉米苏,蛋糕类,17.6,20.0,0.0,是,https://img.pospal.cn/productImages/0/default/food_200x200.png,2604162038178,,否,2026-04-16 20:38:34
6042054,原麦出炉（二食堂）,广东省广州市从化区广从南路548号广州软件学院二食堂,13432312518      18319706225,餐饮行业,10:00-22:00,是,https://img.pospal.cn/storeLogo/6042054/74aedc30d65c48d2a87f834e6426824b.jpg,2.0,10.0,0.52,149673309783929159,斑斓大福,蛋糕类,12.76,14.5,0.0,是,https://img.pospal.cn/productImages/6042054/d0e90fe3-9282-4417-8633-28488c483656_200x200.png,2604162040553,,否,2026-04-16 20:41:31
6042054,原麦出炉（二食堂）,广东省广州市从化区广从南路548号广州软件学院二食堂,13432312518      18319706225,餐饮行业,10:00-22:00,是,https://img.pospal.cn/storeLogo/6042054/74aedc30d65c48d2a87f834e6426824b.jpg,2.0,10.0,0.52,951972216645094002,杨枝甘露,蛋糕类,12.76,14.5,0.0,是,https://img.pospal.cn/productImages/6042054/28f519fc-92a2-48f6-8ba8-60b433931411_200x200.png,2604162041499,,否,2026-04-16 20:42:25
6042054,原麦出炉（二食堂）,广东省广州市从化区广从南路548号广州软件学院二食堂,13432312518      18319706225,餐饮行业,10:00-22:00,是,https://img.pospal.cn/storeLogo/6042054/74aedc30d65c48d2a87f834e6426824b.jpg,2.0,10.0,0.52,114063364377838963,芋泥大福,蛋糕类,12.76,14.5,0.0,是,https://img.pospal.cn/productImages/6042054/500558ae-4767-45da-9899-80ecb0c6ad68_200x200.png,2604162042281,,否,2026-04-16 20:43:06
6042054,原麦出炉（二食堂）,广东省广州市从化区广从南路548号广州软件学院二食堂,13432312518      18319706225,餐饮行业,10:00-22:00,是,https://img.pospal.cn/storeLogo/6042054/74aedc30d65c48d2a87f834e6426824b.jpg,2.0,10.0,0.52,850730658420113370,巴斯克,蛋糕类,13.2,15.0,0.0,是,https://img.pospal.cn/productImages/6042054/ac2af40f-6f1b-4801-8e04-1a4f95c8e708_200x200.png,2604162043288,,否,2026-04-16 20:43:47
6042054,原麦出炉（二食堂）,广东省广州市从化区广从南路548号广州软件学院二食堂,13432312518      18319706225,餐饮行业,10:00-22:00,是,https://img.pospal.cn/storeLogo/6042054/74aedc30d65c48d2a87f834e6426824b.jpg,2.0,10.0,0.52,163895606025346280,奥巧蛋糕,蛋糕类,14.08,16.0,0.0,是,https://img.pospal.cn/productImages/6042054/9947116e-d827-4b5d-b84a-3b6b788d4e6c_200x200.png,2604162046197,,否,2026-04-16 20:46:33
6042054,原麦出炉（二食堂）,广东省广州市从化区广从南路548号广州软件学院二食堂,13432312518      18319706225,餐饮行业,10:00-22:00,是,https://img.pospal.cn/storeLogo/6042054/74aedc30d65c48d2a87f834e6426824b.jpg,2.0,10.0,0.52,217307855954349603,魔幻黑森林,蛋糕类,13.2,15.0,0.0,是,https://img.pospal.cn/productImages/6042054/43dee40d-5c13-4e2c-ac2e-ce4e17b262f4_200x200.png,2604162049372,,否,2026-04-16 20:50:10
6042054,原麦出炉（二食堂）,广东省广州市从化区广从南路548号广州软件学院二食堂,13432312518      18319706225,餐饮行业,10:00-22:00,是,https://img.pospal.cn/storeLogo/6042054/74aedc30d65c48d2a87f834e6426824b.jpg,2.0,10.0,0.52,498192019319857596,巧克力榛子,蛋糕类,13.2,15.0,0.0,是,https://img.pospal.cn/productImages/6042054/20e84538-e6df-45f5-852d-404e2d95e482_200x200.jpg,2604162050521,,否,2026-04-16 20:50:58
6042054,原麦出炉（二食堂）,广东省广州市从化区广从南路548号广州软件学院二食堂,13432312518      18319706225,餐饮行业,10:00-22:00,是,https://img.pospal.cn/storeLogo/6042054/74aedc30d65c48d2a87f834e6426824b.jpg,2.0,10.0,0.52,191649539378733441,脏脏卷,蛋糕类,15.84,18.0,0.0,是,https://img.pospal.cn/productImages/0/default/food_200x200.png,2604162051450,,否,2026-04-16 20:51:51
6042054,原麦出炉（二食堂）,广东省广州市从化区广从南路548号广州软件学院二食堂,13432312518      18319706225,餐饮行业,10:00-22:00,是,https://img.pospal.cn/storeLogo/6042054/74aedc30d65c48d2a87f834e6426824b.jpg,2.0,10.0,0.52,276041667262540555,可可黑森林（折）,蛋糕类,13.2,13.2,0.0,是,https://img.pospal.cn/productImages/6042054/e8c0c351-54d2-42c9-bddc-08c38cf8fe96_200x200.jpg,2604251011198,,是,2026-04-25 10:11:48
6042054,原麦出炉（二食堂）,广东省广州市从化区广从南路548号广州软件学院二食堂,13432312518      18319706225,餐饮行业,10:00-22:00,是,https://img.pospal.cn/storeLogo/6042054/74aedc30d65c48d2a87f834e6426824b.jpg,2.0,10.0,0.52,291048792831560762,抹茶红豆小方（折）,蛋糕类,13.2,13.2,0.0,是,https://img.pospal.cn/productImages/6042054/ffc8c2ef-4c2d-4ec5-b554-805c09a2d0ec_200x200.jpg,2604251031325,,是,2026-04-25 10:31:58
6042054,原麦出炉（二食堂）,广东省广州市从化区广从南路548号广州软件学院二食堂,13432312518      18319706225,餐饮行业,10:00-22:00,是,https://img.pospal.cn/storeLogo/6042054/74aedc30d65c48d2a87f834e6426824b.jpg,2.0,10.0,0.52,447407436072794008,维他奶系列（原味）,饮料类,3.5,3.5,9.0,否,https://img.pospal.cn/productImages/6042054/e996df2f-b6dc-431e-8cfc-39913ad46a53_200x200.png,2604161950129,,否,2026-04-16 19:50:28
6042054,原麦出炉（二食堂）,广东省广州市从化区广从南路548号广州软件学院二食堂,13432312518      18319706225,餐饮行业,10:00-22:00,是,https://img.pospal.cn/storeLogo/6042054/74aedc30d65c48d2a87f834e6426824b.jpg,2.0,10.0,0.52,454205559953598521,维他奶系列（巧克力味）,饮料类,3.5,3.5,4.0,否,https://img.pospal.cn/productImages/6042054/e8d925dc-17d6-46b5-96ca-109c3d72354d_200x200.png,2604161951010,,否,2026-04-16 19:51:14
6042054,原麦出炉（二食堂）,广东省广州市从化区广从南路548号广州软件学院二食堂,13432312518      18319706225,餐饮行业,10:00-22:00,是,https://img.pospal.cn/storeLogo/6042054/74aedc30d65c48d2a87f834e6426824b.jpg,2.0,10.0,0.52,934780632118479821,燕塘原味酸奶,饮料类,4.0,4.0,4.0,否,https://img.pospal.cn/productImages/6042054/c21b7ae0-1be0-4358-adb5-7a2a506eafcf_200x200.png,2604161951447,,否,2026-04-16 19:51:57
6042054,原麦出炉（二食堂）,广东省广州市从化区广从南路548号广州软件学院二食堂,13432312518      18319706225,餐饮行业,10:00-22:00,是,https://img.pospal.cn/storeLogo/6042054/74aedc30d65c48d2a87f834e6426824b.jpg,2.0,10.0,0.52,156286081466847647,维c水,饮料类,5.5,5.5,9.0,否,https://img.pospal.cn/productImages/6042054/f1a8ec93-bd0f-4a8a-908f-6ff1be24320d_200x200.png,2604161954516,,否,2026-04-16 19:55:10
6042054,原麦出炉（二食堂）,广东省广州市从化区广从南路548号广州软件学院二食堂,13432312518      18319706225,餐饮行业,10:00-22:00,是,https://img.pospal.cn/storeLogo/6042054/74aedc30d65c48d2a87f834e6426824b.jpg,2.0,10.0,0.52,46856513712619415,营养快线,饮料类,5.0,5.0,6.0,否,https://img.pospal.cn/productImages/6042054/40a0e278-c347-4f90-a6fc-b30bc867732b_200x200.png,2604161955414,,否,2026-04-16 19:55:53
6042054,原麦出炉（二食堂）,广东省广州市从化区广从南路548号广州软件学院二食堂,13432312518      18319706225,餐饮行业,10:00-22:00,是,https://img.pospal.cn/storeLogo/6042054/74aedc30d65c48d2a87f834e6426824b.jpg,2.0,10.0,0.52,363442021032599964,绿茶,饮料类,3.0,3.0,7.0,否,https://img.pospal.cn/productImages/6042054/4602a438-bf0b-41a8-a1a5-5c5e30b65607_200x200.jpg,2604161958200,,否,2026-04-16 19:59:01
6042054,原麦出炉（二食堂）,广东省广州市从化区广从南路548号广州软件学院二食堂,13432312518      18319706225,餐饮行业,10:00-22:00,是,https://img.pospal.cn/storeLogo/6042054/74aedc30d65c48d2a87f834e6426824b.jpg,2.0,10.0,0.52,723991367197394707,冰红茶,饮料类,3.0,3.0,9.0,否,https://img.pospal.cn/productImages/6042054/4167d2ae-87d2-4288-aa7a-02085206d2e2_200x200.png,2604161959221,,否,2026-04-16 19:59:34
6042054,原麦出炉（二食堂）,广东省广州市从化区广从南路548号广州软件学院二食堂,13432312518      18319706225,餐饮行业,10:00-22:00,是,https://img.pospal.cn/storeLogo/6042054/74aedc30d65c48d2a87f834e6426824b.jpg,2.0,10.0,0.52,757897934121137880,普洱,饮料类,5.0,5.0,5.0,否,https://img.pospal.cn/productImages/6042054/d7b88062-1921-481f-b0a6-551c46069f7f_200x200.png,2604161959504,,否,2026-04-16 20:00:01
6042054,原麦出炉（二食堂）,广东省广州市从化区广从南路548号广州软件学院二食堂,13432312518      18319706225,餐饮行业,10:00-22:00,是,https://img.pospal.cn/storeLogo/6042054/74aedc30d65c48d2a87f834e6426824b.jpg,2.0,10.0,0.52,280956480748395901,果粒橙,饮料类,4.5,4.5,9.0,否,https://img.pospal.cn/productImages/6042054/5345aeea-945f-4654-9e48-eb9bbb955a27_200x200.png,2604162000274,,否,2026-04-16 20:01:19
6042054,原麦出炉（二食堂）,广东省广州市从化区广从南路548号广州软件学院二食堂,13432312518      18319706225,餐饮行业,10:00-22:00,是,https://img.pospal.cn/storeLogo/6042054/74aedc30d65c48d2a87f834e6426824b.jpg,2.0,10.0,0.52,668641680710828372,脉动,饮料类,5.0,5.0,9.0,否,https://img.pospal.cn/productImages/6042054/08c0e26e-b00b-485c-b8e1-390d84ffd770_200x200.png,2604162001226,,否,2026-04-16 20:02:09
6042054,原麦出炉（二食堂）,广东省广州市从化区广从南路548号广州软件学院二食堂,13432312518      18319706225,餐饮行业,10:00-22:00,是,https://img.pospal.cn/storeLogo/6042054/74aedc30d65c48d2a87f834e6426824b.jpg,2.0,10.0,0.52,813673546482841163,维他柠檬茶,饮料类,5.0,5.0,9.0,否,https://img.pospal.cn/productImages/6042054/8479418e-11a2-48ef-b05d-f6799f038fe3_200x200.png,2604162002254,,否,2026-04-16 20:03:05
6042054,原麦出炉（二食堂）,广东省广州市从化区广从南路548号广州软件学院二食堂,13432312518      18319706225,餐饮行业,10:00-22:00,是,https://img.pospal.cn/storeLogo/6042054/74aedc30d65c48d2a87f834e6426824b.jpg,2.0,10.0,0.52,588951054558719586,双萃,饮料类,3.0,3.0,8.0,否,https://img.pospal.cn/productImages/6042054/e329e2b7-dab9-47a3-83b7-6648a9518b0b_200x200.png,2604162003305,,否,2026-04-16 20:03:49
6042054,原麦出炉（二食堂）,广东省广州市从化区广从南路548号广州软件学院二食堂,13432312518      18319706225,餐饮行业,10:00-22:00,是,https://img.pospal.cn/storeLogo/6042054/74aedc30d65c48d2a87f834e6426824b.jpg,2.0,10.0,0.52,767586914562780695,茉莉花茶,饮料类,3.0,3.0,6.0,否,https://img.pospal.cn/productImages/6042054/2dea2551-038a-468d-a227-d26bf9a4ba93_200x200.png,2604162004333,,否,2026-04-16 20:04:51
6042054,原麦出炉（二食堂）,广东省广州市从化区广从南路548号广州软件学院二食堂,13432312518      18319706225,餐饮行业,10:00-22:00,是,https://img.pospal.cn/storeLogo/6042054/74aedc30d65c48d2a87f834e6426824b.jpg,2.0,10.0,0.52,188838371911862150,百事可乐,饮料类,3.8,3.8,9.0,否,https://img.pospal.cn/productImages/6042054/874b44d8-dc7e-4133-adc7-c83da8eafd80_200x200.png,2604162005408,,否,2026-04-16 20:06:13
6042054,原麦出炉（二食堂）,广东省广州市从化区广从南路548号广州软件学院二食堂,13432312518      18319706225,餐饮行业,10:00-22:00,是,https://img.pospal.cn/storeLogo/6042054/74aedc30d65c48d2a87f834e6426824b.jpg,2.0,10.0,0.52,151055187461717199,可口可乐,饮料类,3.8,3.8,8.0,否,https://img.pospal.cn/productImages/6042054/43fceaa3-7d06-4cef-bb75-71abe9f9b0a0_200x200.png,2604162006283,,否,2026-04-16 20:07:16
6042054,原麦出炉（二食堂）,广东省广州市从化区广从南路548号广州软件学院二食堂,13432312518      18319706225,餐饮行业,10:00-22:00,是,https://img.pospal.cn/storeLogo/6042054/74aedc30d65c48d2a87f834e6426824b.jpg,2.0,10.0,0.52,359907329391547364,矿泉水,饮料类,2.0,2.0,6.0,否,https://img.pospal.cn/productImages/6042054/18bba786-f6dd-4288-812b-b13f777962ae_200x200.png,2604162007358,,否,2026-04-16 20:08:05
6042054,原麦出炉（二食堂）,广东省广州市从化区广从南路548号广州软件学院二食堂,13432312518      18319706225,餐饮行业,10:00-22:00,是,https://img.pospal.cn/storeLogo/6042054/74aedc30d65c48d2a87f834e6426824b.jpg,2.0,10.0,0.52,44925409371346614,雪碧,饮料类,3.8,3.8,9.0,否,https://img.pospal.cn/productImages/6042054/b1fd1f46-56fa-403c-8e5d-6bad58801c58_200x200.png,2604162008287,,否,2026-04-16 20:08:42
6042054,原麦出炉（二食堂）,广东省广州市从化区广从南路548号广州软件学院二食堂,13432312518      18319706225,餐饮行业,10:00-22:00,是,https://img.pospal.cn/storeLogo/6042054/74aedc30d65c48d2a87f834e6426824b.jpg,2.0,10.0,0.52,1082442199997118952,王老吉,饮料类,4.5,4.5,8.0,否,https://img.pospal.cn/productImages/6042054/215b7704-4ca0-4f51-82b8-de36989e1726_200x200.png,2604162008454,,否,2026-04-16 20:09:13
6042054,原麦出炉（二食堂）,广东省广州市从化区广从南路548号广州软件学院二食堂,13432312518      18319706225,餐饮行业,10:00-22:00,是,https://img.pospal.cn/storeLogo/6042054/74aedc30d65c48d2a87f834e6426824b.jpg,2.0,10.0,0.52,423906753566427757,尖叫,饮料类,4.5,4.5,8.0,否,https://img.pospal.cn/productImages/6042054/20b7de46-5875-4f94-a3b0-5d2fe31f2201_200x200.png,2604162009178,,否,2026-04-16 20:09:45
6042054,原麦出炉（二食堂）,广东省广州市从化区广从南路548号广州软件学院二食堂,13432312518      18319706225,餐饮行业,10:00-22:00,是,https://img.pospal.cn/storeLogo/6042054/74aedc30d65c48d2a87f834e6426824b.jpg,2.0,10.0,0.52,614129811083230018,维他命水,饮料类,5.0,5.0,9.0,否,https://img.pospal.cn/productImages/6042054/b38807bc-6bda-415f-b750-0e95872bdc96_200x200.png,2604162010044,,否,2026-04-16 20:10:18
6042054,原麦出炉（二食堂）,广东省广州市从化区广从南路548号广州软件学院二食堂,13432312518      18319706225,餐饮行业,10:00-22:00,是,https://img.pospal.cn/storeLogo/6042054/74aedc30d65c48d2a87f834e6426824b.jpg,2.0,10.0,0.52,567589066000324876,东鹏,饮料类,5.0,5.0,9.0,否,https://img.pospal.cn/productImages/6042054/9a67b662-34a7-4687-8901-ed36315afa02_200x200.png,2604162014004,,否,2026-04-16 20:14:55
6042054,原麦出炉（二食堂）,广东省广州市从化区广从南路548号广州软件学院二食堂,13432312518      18319706225,餐饮行业,10:00-22:00,是,https://img.pospal.cn/storeLogo/6042054/74aedc30d65c48d2a87f834e6426824b.jpg,2.0,10.0,0.52,865975325873531281,柠檬茶,饮料类,4.5,4.5,9.0,否,https://img.pospal.cn/productImages/6042054/0c3a1dc7-6293-435d-982b-261c0db41222_200x200.png,2604162015001,,否,2026-04-16 20:15:37
6042054,原麦出炉（二食堂）,广东省广州市从化区广从南路548号广州软件学院二食堂,13432312518      18319706225,餐饮行业,10:00-22:00,是,https://img.pospal.cn/storeLogo/6042054/74aedc30d65c48d2a87f834e6426824b.jpg,2.0,10.0,0.52,124607502327121794,雀巢咖啡,饮料类,4.5,4.5,9.0,否,https://img.pospal.cn/productImages/6042054/2e0feb7f-62e7-44d6-9fd5-05d55f86bb6b_200x200.png,2604162016039,,否,2026-04-16 20:16:18
6042054,原麦出炉（二食堂）,广东省广州市从化区广从南路548号广州软件学院二食堂,13432312518      18319706225,餐饮行业,10:00-22:00,是,https://img.pospal.cn/storeLogo/6042054/74aedc30d65c48d2a87f834e6426824b.jpg,2.0,10.0,0.52,274600854251859544,星巴克,饮料类,9.0,9.0,9.0,否,https://img.pospal.cn/productImages/6042054/d7cfc3f7-8f24-4956-9516-b6c00b316b24_200x200.png,2604162016381,,否,2026-04-16 20:16:54
6042054,原麦出炉（二食堂）,广东省广州市从化区广从南路548号广州软件学院二食堂,13432312518      18319706225,餐饮行业,10:00-22:00,是,https://img.pospal.cn/storeLogo/6042054/74aedc30d65c48d2a87f834e6426824b.jpg,2.0,10.0,0.52,588973773255313357,燕麦饮,饮料类,6.0,6.0,9.0,否,https://img.pospal.cn/productImages/6042054/f924cbdc-5dc5-42c2-a374-721394497516_200x200.png,2604162017159,,否,2026-04-16 20:17:51
6042054,原麦出炉（二食堂）,广东省广州市从化区广从南路548号广州软件学院二食堂,13432312518      18319706225,餐饮行业,10:00-22:00,是,https://img.pospal.cn/storeLogo/6042054/74aedc30d65c48d2a87f834e6426824b.jpg,2.0,10.0,0.52,608394676338764889,水溶C,饮料类,5.0,5.0,9.0,否,https://img.pospal.cn/productImages/6042054/ee36fa94-4a06-41ff-ae7b-a8be6b2298f6_200x200.png,2604162018101,,否,2026-04-16 20:18:25
6042054,原麦出炉（二食堂）,广东省广州市从化区广从南路548号广州软件学院二食堂,13432312518      18319706225,餐饮行业,10:00-22:00,是,https://img.pospal.cn/storeLogo/6042054/74aedc30d65c48d2a87f834e6426824b.jpg,2.0,10.0,0.52,454758859194441082,燕塘麦香牛奶,饮料类,4.0,4.0,0.0,是,https://img.pospal.cn/productImages/6042054/f4ba6329-3773-488d-860d-a267005797c2_200x200.png,2604161952376,,否,2026-04-16 19:53:15
6042054,原麦出炉（二食堂）,广东省广州市从化区广从南路548号广州软件学院二食堂,13432312518      18319706225,餐饮行业,10:00-22:00,是,https://img.pospal.cn/storeLogo/6042054/74aedc30d65c48d2a87f834e6426824b.jpg,2.0,10.0,0.52,633856062334769526,燕塘红枣枸杞,饮料类,4.0,4.0,0.0,是,https://img.pospal.cn/productImages/6042054/f9272f68-6600-455c-bbea-a19ce4574afd_200x200.png,2604161953281,,否,2026-04-16 19:54:01
6042054,原麦出炉（二食堂）,广东省广州市从化区广从南路548号广州软件学院二食堂,13432312518      18319706225,餐饮行业,10:00-22:00,是,https://img.pospal.cn/storeLogo/6042054/74aedc30d65c48d2a87f834e6426824b.jpg,2.0,10.0,0.52,666370512569519418,乌龙茶,饮料类,5.0,5.0,-1.0,是,https://img.pospal.cn/productImages/6042054/ad288d85-575a-4f2a-975e-577b006a157d_200x200.png,2604162000137,,否,2026-04-16 20:00:25
6042054,原麦出炉（二食堂）,广东省广州市从化区广从南路548号广州软件学院二食堂,13432312518      18319706225,餐饮行业,10:00-22:00,是,https://img.pospal.cn/storeLogo/6042054/74aedc30d65c48d2a87f834e6426824b.jpg,2.0,10.0,0.52,400098133958038176,柠檬蜜水,饮料类,4.5,4.5,0.0,是,https://img.pospal.cn/productImages/6042054/9ac7871b-8883-421f-af31-6199d7ab12a9_200x200.png,2604162005200,,否,2026-04-16 20:05:34
6042054,原麦出炉（二食堂）,广东省广州市从化区广从南路548号广州软件学院二食堂,13432312518      18319706225,餐饮行业,10:00-22:00,是,https://img.pospal.cn/storeLogo/6042054/74aedc30d65c48d2a87f834e6426824b.jpg,2.0,10.0,0.52,555753578068800149,小茗同学,饮料类,5.0,5.0,0.0,是,https://img.pospal.cn/productImages/6042054/e75d164b-98a5-4f62-b7b4-b3730d9f17c5_200x200.png,2604162010341,,否,2026-04-16 20:10:56
6042054,原麦出炉（二食堂）,广东省广州市从化区广从南路548号广州软件学院二食堂,13432312518      18319706225,餐饮行业,10:00-22:00,是,https://img.pospal.cn/storeLogo/6042054/74aedc30d65c48d2a87f834e6426824b.jpg,2.0,10.0,0.52,748588988746732232,三利麦茶,饮料类,5.0,5.0,0.0,是,https://img.pospal.cn/productImages/6042054/9cfe799b-0551-4e42-822c-d9ff0b4abfa3_200x200.png,2604162012321,,否,2026-04-16 20:12:48
6042054,原麦出炉（二食堂）,广东省广州市从化区广从南路548号广州软件学院二食堂,13432312518      18319706225,餐饮行业,10:00-22:00,是,https://img.pospal.cn/storeLogo/6042054/74aedc30d65c48d2a87f834e6426824b.jpg,2.0,10.0,0.52,35812402571636598,三得利乌龙茶,饮料类,5.0,5.0,0.0,是,https://img.pospal.cn/productImages/6042054/6f40c404-7ae3-46c0-bdef-1532a9868c3e_200x200.png,2604162013106,,否,2026-04-16 20:13:23
6042054,原麦出炉（二食堂）,广东省广州市从化区广从南路548号广州软件学院二食堂,13432312518      18319706225,餐饮行业,10:00-22:00,是,https://img.pospal.cn/storeLogo/6042054/74aedc30d65c48d2a87f834e6426824b.jpg,2.0,10.0,0.52,671215465934492916,菊花茶,饮料类,4.0,4.0,0.0,是,https://img.pospal.cn/productImages/6042054/852c3528-5ea6-4ff2-bacd-7f675a0d5b08_200x200.png,2604162013441,,否,2026-04-16 20:13:56
6042054,原麦出炉（二食堂）,广东省广州市从化区广从南路548号广州软件学院二食堂,13432312518      18319706225,餐饮行业,10:00-22:00,是,https://img.pospal.cn/storeLogo/6042054/74aedc30d65c48d2a87f834e6426824b.jpg,2.0,10.0,0.52,332733311918848867,测试,饮料类,0.01,0.01,0.0,是,https://img.pospal.cn/productImages/0/default/food_200x200.png,2604191649390,,否,2026-04-19 16:49:51
6042054,原麦出炉（二食堂）,广东省广州市从化区广从南路548号广州软件学院二食堂,13432312518      18319706225,餐饮行业,10:00-22:00,是,https://img.pospal.cn/storeLogo/6042054/74aedc30d65c48d2a87f834e6426824b.jpg,2.0,10.0,0.52,284184055390552132,芋泥奶酪,面包,7.04,8.0,5.0,否,https://img.pospal.cn/productImages/6042054/544ca8ae-4667-46ff-a56f-c55182bb0c9c_200x200.jpg,2604152056014,,否,2026-04-15 20:56:36
6042054,原麦出炉（二食堂）,广东省广州市从化区广从南路548号广州软件学院二食堂,13432312518      18319706225,餐饮行业,10:00-22:00,是,https://img.pospal.cn/storeLogo/6042054/74aedc30d65c48d2a87f834e6426824b.jpg,2.0,10.0,0.52,573231111130014416,脏脏包,面包,7.04,8.0,5.0,否,https://img.pospal.cn/productImages/6042054/0b491162-b900-4ce1-8de4-2210385f9f0b_200x200.jpg,2604152056403,,否,2026-04-15 20:57:12
6042054,原麦出炉（二食堂）,广东省广州市从化区广从南路548号广州软件学院二食堂,13432312518      18319706225,餐饮行业,10:00-22:00,是,https://img.pospal.cn/storeLogo/6042054/74aedc30d65c48d2a87f834e6426824b.jpg,2.0,10.0,0.52,613179952740240299,爆浆三明治,面包,8.8,10.0,8.0,否,https://img.pospal.cn/productImages/6042054/4682d490-5352-4a2b-8817-3f8a16631c08_200x200.png,2604152038225,,否,2026-04-15 20:39:09
6042054,原麦出炉（二食堂）,广东省广州市从化区广从南路548号广州软件学院二食堂,13432312518      18319706225,餐饮行业,10:00-22:00,是,https://img.pospal.cn/storeLogo/6042054/74aedc30d65c48d2a87f834e6426824b.jpg,2.0,10.0,0.52,1126710994748710901,黄金屋,面包,7.92,9.0,8.0,否,https://img.pospal.cn/productImages/6042054/68fb51e5-66d1-4638-8384-0dcf90cba27e_200x200.png,2604152040457,,否,2026-04-15 20:41:04
6042054,原麦出炉（二食堂）,广东省广州市从化区广从南路548号广州软件学院二食堂,13432312518      18319706225,餐饮行业,10:00-22:00,是,https://img.pospal.cn/storeLogo/6042054/74aedc30d65c48d2a87f834e6426824b.jpg,2.0,10.0,0.52,666960303536503864,大口酥,面包,7.92,9.0,9.0,否,https://img.pospal.cn/productImages/6042054/574dad8c-5c79-49ee-9fed-71269139127b_200x200.jpg,2604152041089,,否,2026-04-15 20:41:48
6042054,原麦出炉（二食堂）,广东省广州市从化区广从南路548号广州软件学院二食堂,13432312518      18319706225,餐饮行业,10:00-22:00,是,https://img.pospal.cn/storeLogo/6042054/74aedc30d65c48d2a87f834e6426824b.jpg,2.0,10.0,0.52,786102451365276160,岩烧可颂,面包,6.6,7.5,8.0,否,https://img.pospal.cn/productImages/6042054/7db4a0b2-50cb-4eda-843c-ede3adac985c_200x200.png,2604152041522,,否,2026-04-15 20:42:21
6042054,原麦出炉（二食堂）,广东省广州市从化区广从南路548号广州软件学院二食堂,13432312518      18319706225,餐饮行业,10:00-22:00,是,https://img.pospal.cn/storeLogo/6042054/74aedc30d65c48d2a87f834e6426824b.jpg,2.0,10.0,0.52,260976502359771571,黄金条,面包,7.04,8.0,5.0,否,https://img.pospal.cn/productImages/6042054/9a37ed22-2330-4b76-9d44-7f7c6a8852f3_200x200.png,2604152042352,,否,2026-04-15 20:43:08
6042054,原麦出炉（二食堂）,广东省广州市从化区广从南路548号广州软件学院二食堂,13432312518      18319706225,餐饮行业,10:00-22:00,是,https://img.pospal.cn/storeLogo/6042054/74aedc30d65c48d2a87f834e6426824b.jpg,2.0,10.0,0.52,275902995732790077,丹麦披萨,面包,7.04,8.0,9.0,否,https://img.pospal.cn/productImages/6042054/55cd90f7-aad0-490e-88e2-bac4fb28d383_200x200.png,2604152046268,,否,2026-04-15 20:46:41
6042054,原麦出炉（二食堂）,广东省广州市从化区广从南路548号广州软件学院二食堂,13432312518      18319706225,餐饮行业,10:00-22:00,是,https://img.pospal.cn/storeLogo/6042054/74aedc30d65c48d2a87f834e6426824b.jpg,2.0,10.0,0.52,209378150444033826,一口酥,面包,4.4,5.0,9.0,否,https://img.pospal.cn/productImages/6042054/a496393f-f85d-4477-b233-b70c1c7539ab_200x200.png,2604152047371,,否,2026-04-15 20:49:03
6042054,原麦出炉（二食堂）,广东省广州市从化区广从南路548号广州软件学院二食堂,13432312518      18319706225,餐饮行业,10:00-22:00,是,https://img.pospal.cn/storeLogo/6042054/74aedc30d65c48d2a87f834e6426824b.jpg,2.0,10.0,0.52,976132099766002651,松松肠仔,面包,6.16,7.0,9.0,否,https://img.pospal.cn/productImages/6042054/6b937fdd-1590-46cd-9785-def4b29b6b06_200x200.png,2604152049115,,否,2026-04-15 20:49:46
6042054,原麦出炉（二食堂）,广东省广州市从化区广从南路548号广州软件学院二食堂,13432312518      18319706225,餐饮行业,10:00-22:00,是,https://img.pospal.cn/storeLogo/6042054/74aedc30d65c48d2a87f834e6426824b.jpg,2.0,10.0,0.52,737799549396811658,猪扒包,面包,8.8,10.0,9.0,否,https://img.pospal.cn/productImages/6042054/ddb5f61f-c697-4341-88cd-a09473328806_200x200.png,2604152049498,,否,2026-04-15 20:50:36
6042054,原麦出炉（二食堂）,广东省广州市从化区广从南路548号广州软件学院二食堂,13432312518      18319706225,餐饮行业,10:00-22:00,是,https://img.pospal.cn/storeLogo/6042054/74aedc30d65c48d2a87f834e6426824b.jpg,2.0,10.0,0.52,1005129268106826627,芝士奶酪,面包,5.28,6.0,7.0,否,https://img.pospal.cn/productImages/6042054/eeeeebc1-164f-4d4f-b954-6393a27ac6b5_200x200.png,2604152051385,,否,2026-04-15 20:52:11
6042054,原麦出炉（二食堂）,广东省广州市从化区广从南路548号广州软件学院二食堂,13432312518      18319706225,餐饮行业,10:00-22:00,是,https://img.pospal.cn/storeLogo/6042054/74aedc30d65c48d2a87f834e6426824b.jpg,2.0,10.0,0.52,623298857910513065,芝士之恋,面包,8.8,10.0,5.0,否,https://img.pospal.cn/productImages/6042054/5cf7eca7-c4b3-4ae8-aa02-335842d1f51a_200x200.png,2604152052443,,否,2026-04-15 20:52:58
6042054,原麦出炉（二食堂）,广东省广州市从化区广从南路548号广州软件学院二食堂,13432312518      18319706225,餐饮行业,10:00-22:00,是,https://img.pospal.cn/storeLogo/6042054/74aedc30d65c48d2a87f834e6426824b.jpg,2.0,10.0,0.52,923706866717039750,港式菠萝包,面包,3.08,3.5,8.0,否,https://img.pospal.cn/productImages/6042054/f01624be-fe86-4984-adb4-808bc0aaae3b_200x200.png,2604152053013,,否,2026-04-15 20:53:37
6042054,原麦出炉（二食堂）,广东省广州市从化区广从南路548号广州软件学院二食堂,13432312518      18319706225,餐饮行业,10:00-22:00,是,https://img.pospal.cn/storeLogo/6042054/74aedc30d65c48d2a87f834e6426824b.jpg,2.0,10.0,0.52,659052137363653394,日式红豆菠萝包,面包,3.96,4.5,6.0,否,https://img.pospal.cn/productImages/6042054/66c7b89b-7f12-4c12-a5fa-593d322341ef_200x200.png,2604152053402,,否,2026-04-15 20:55:00
6042054,原麦出炉（二食堂）,广东省广州市从化区广从南路548号广州软件学院二食堂,13432312518      18319706225,餐饮行业,10:00-22:00,是,https://img.pospal.cn/storeLogo/6042054/74aedc30d65c48d2a87f834e6426824b.jpg,2.0,10.0,0.52,1130870631047263635,芝士条,面包,4.4,5.0,5.0,否,https://img.pospal.cn/productImages/6042054/94d61c9d-c2fc-4dc3-869a-e6b71c9b6eae_200x200.png,2604152055031,,否,2026-04-15 20:55:16
6042054,原麦出炉（二食堂）,广东省广州市从化区广从南路548号广州软件学院二食堂,13432312518      18319706225,餐饮行业,10:00-22:00,是,https://img.pospal.cn/storeLogo/6042054/74aedc30d65c48d2a87f834e6426824b.jpg,2.0,10.0,0.52,898361696493561669,岩烧乳酪餐包,面包,4.4,5.0,7.0,否,https://img.pospal.cn/productImages/6042054/426574fc-bdbd-4904-a547-7b039bc3ad99_200x200.png,2604152055192,,否,2026-04-15 20:55:58
6042054,原麦出炉（二食堂）,广东省广州市从化区广从南路548号广州软件学院二食堂,13432312518      18319706225,餐饮行业,10:00-22:00,是,https://img.pospal.cn/storeLogo/6042054/74aedc30d65c48d2a87f834e6426824b.jpg,2.0,10.0,0.52,672863873630076504,大葡挞（买3送1）,面包,4.4,5.0,9.0,否,https://img.pospal.cn/productImages/6042054/685c21a5-81b6-4d12-a443-8c23f860ab6d_200x200.png,2604152101530,,否,2026-04-15 21:02:51
6042054,原麦出炉（二食堂）,广东省广州市从化区广从南路548号广州软件学院二食堂,13432312518      18319706225,餐饮行业,10:00-22:00,是,https://img.pospal.cn/storeLogo/6042054/74aedc30d65c48d2a87f834e6426824b.jpg,2.0,10.0,0.52,89484828757765075,小葡挞（8个）,面包,8.71,9.9,8.0,否,https://img.pospal.cn/productImages/6042054/835eb477-2a44-489b-8d68-c43d3b488d35_200x200.png,2604152103466,,否,2026-04-15 21:04:45
6042054,原麦出炉（二食堂）,广东省广州市从化区广从南路548号广州软件学院二食堂,13432312518      18319706225,餐饮行业,10:00-22:00,是,https://img.pospal.cn/storeLogo/6042054/74aedc30d65c48d2a87f834e6426824b.jpg,2.0,10.0,0.52,910595248947760594,芋泥奶酪,面包,7.04,8.0,9.0,否,https://img.pospal.cn/productImages/6042054/6bc4cb3e-410f-48c6-9f33-8c736c04271a_200x200.png,2604152129169,,否,2026-04-15 21:29:59
6042054,原麦出炉（二食堂）,广东省广州市从化区广从南路548号广州软件学院二食堂,13432312518      18319706225,餐饮行业,10:00-22:00,是,https://img.pospal.cn/storeLogo/6042054/74aedc30d65c48d2a87f834e6426824b.jpg,2.0,10.0,0.52,144459397175240614,罗宋包,面包,4.4,5.0,7.0,否,https://img.pospal.cn/productImages/6042054/82dbd2ee-636f-4a3d-970e-8d036bb8ef8e_200x200.png,2604152131018,,否,2026-04-15 21:31:18
6042054,原麦出炉（二食堂）,广东省广州市从化区广从南路548号广州软件学院二食堂,13432312518      18319706225,餐饮行业,10:00-22:00,是,https://img.pospal.cn/storeLogo/6042054/74aedc30d65c48d2a87f834e6426824b.jpg,2.0,10.0,0.52,844229015692861416,海盐吐司,面包,10.56,12.0,5.0,否,https://img.pospal.cn/productImages/6042054/43da3548-d189-4c05-9de7-2d60dc436de6_200x200.png,2604152132220,,否,2026-04-15 21:32:39
6042054,原麦出炉（二食堂）,广东省广州市从化区广从南路548号广州软件学院二食堂,13432312518      18319706225,餐饮行业,10:00-22:00,是,https://img.pospal.cn/storeLogo/6042054/74aedc30d65c48d2a87f834e6426824b.jpg,2.0,10.0,0.52,232340792369605541,提子吐司,面包,10.56,12.0,8.0,否,https://img.pospal.cn/productImages/6042054/1ba32771-4ded-4802-9109-fbea5a449897_200x200.png,2604152133531,,否,2026-04-15 21:34:08
6042054,原麦出炉（二食堂）,广东省广州市从化区广从南路548号广州软件学院二食堂,13432312518      18319706225,餐饮行业,10:00-22:00,是,https://img.pospal.cn/storeLogo/6042054/74aedc30d65c48d2a87f834e6426824b.jpg,2.0,10.0,0.52,971939644729569806,全麦吐司,面包,10.56,12.0,9.0,否,https://img.pospal.cn/productImages/6042054/f8bcd5f2-33aa-440d-a205-6d729cc2323f_200x200.png,2604152134118,,否,2026-04-15 21:35:06
6042054,原麦出炉（二食堂）,广东省广州市从化区广从南路548号广州软件学院二食堂,13432312518      18319706225,餐饮行业,10:00-22:00,是,https://img.pospal.cn/storeLogo/6042054/74aedc30d65c48d2a87f834e6426824b.jpg,2.0,10.0,0.52,376210664857477497,椰香红豆餐包,面包,13.2,15.0,9.0,否,https://img.pospal.cn/productImages/6042054/ea7da4c9-74f4-43b2-ad1d-2af8d2e21663_200x200.png,2604152135238,,否,2026-04-15 21:35:39
6042054,原麦出炉（二食堂）,广东省广州市从化区广从南路548号广州软件学院二食堂,13432312518      18319706225,餐饮行业,10:00-22:00,是,https://img.pospal.cn/storeLogo/6042054/74aedc30d65c48d2a87f834e6426824b.jpg,2.0,10.0,0.52,215145871637562488,原味吐司,面包,10.56,12.0,8.0,否,https://img.pospal.cn/productImages/6042054/1c159b89-d00b-4fd3-aa97-d0fe63fc1cf4_200x200.png,2604152135580,,否,2026-04-15 21:36:25
6042054,原麦出炉（二食堂）,广东省广州市从化区广从南路548号广州软件学院二食堂,13432312518      18319706225,餐饮行业,10:00-22:00,是,https://img.pospal.cn/storeLogo/6042054/74aedc30d65c48d2a87f834e6426824b.jpg,2.0,10.0,0.52,257173069036592229,黑裸麦吐司,面包,10.56,12.0,8.0,否,https://img.pospal.cn/productImages/6042054/2dbbf267-0c68-4b95-bbb0-6a1daf43458c_200x200.png,2604152137096,,否,2026-04-15 21:37:25
6042054,原麦出炉（二食堂）,广东省广州市从化区广从南路548号广州软件学院二食堂,13432312518      18319706225,餐饮行业,10:00-22:00,是,https://img.pospal.cn/storeLogo/6042054/74aedc30d65c48d2a87f834e6426824b.jpg,2.0,10.0,0.52,316258793618878281,牛奶小馒头,面包,13.2,15.0,9.0,否,https://img.pospal.cn/productImages/6042054/d1dd7cec-479f-4e4f-a52b-247c6bf7f403_200x200.png,2604152137461,,否,2026-04-15 21:38:00
6042054,原麦出炉（二食堂）,广东省广州市从化区广从南路548号广州软件学院二食堂,13432312518      18319706225,餐饮行业,10:00-22:00,是,https://img.pospal.cn/storeLogo/6042054/74aedc30d65c48d2a87f834e6426824b.jpg,2.0,10.0,0.52,721886777688725953,新西兰排包,面包,12.14,13.8,9.0,否,https://img.pospal.cn/productImages/6042054/c2f7e270-2f4b-4a23-9fa8-5a488615c8e1_200x200.png,2604152138024,,否,2026-04-15 21:38:47
6042054,原麦出炉（二食堂）,广东省广州市从化区广从南路548号广州软件学院二食堂,13432312518      18319706225,餐饮行业,10:00-22:00,是,https://img.pospal.cn/storeLogo/6042054/74aedc30d65c48d2a87f834e6426824b.jpg,2.0,10.0,0.52,255626362649213959,南瓜手撕包,面包,11.0,12.5,5.0,否,https://img.pospal.cn/productImages/6042054/19603816-4adc-477e-986c-8e90a7e51c75_200x200.png,2604152139281,,否,2026-04-15 21:39:59
6042054,原麦出炉（二食堂）,广东省广州市从化区广从南路548号广州软件学院二食堂,13432312518      18319706225,餐饮行业,10:00-22:00,是,https://img.pospal.cn/storeLogo/6042054/74aedc30d65c48d2a87f834e6426824b.jpg,2.0,10.0,0.52,913639177461765896,红豆手撕包,面包,11.0,12.5,9.0,否,https://img.pospal.cn/productImages/6042054/38eff61d-bc1b-4ad3-aaa5-97ac8588b220_200x200.png,2604152140010,,否,2026-04-15 21:40:43
6042054,原麦出炉（二食堂）,广东省广州市从化区广从南路548号广州软件学院二食堂,13432312518      18319706225,餐饮行业,10:00-22:00,是,https://img.pospal.cn/storeLogo/6042054/74aedc30d65c48d2a87f834e6426824b.jpg,2.0,10.0,0.52,925521361443626910,南瓜条,面包,10.56,12.0,7.0,否,https://img.pospal.cn/productImages/6042054/b1ec3827-0c6d-4e9c-9183-c1970831eeca_200x200.png,2604161930268,,否,2026-04-16 19:31:01
6042054,原麦出炉（二食堂）,广东省广州市从化区广从南路548号广州软件学院二食堂,13432312518      18319706225,餐饮行业,10:00-22:00,是,https://img.pospal.cn/storeLogo/6042054/74aedc30d65c48d2a87f834e6426824b.jpg,2.0,10.0,0.52,290325096629462519,牛奶手撕包,面包,10.56,12.0,9.0,否,https://img.pospal.cn/productImages/6042054/5e0d5eeb-ed22-4c46-9d96-791e3e679b75_200x200.png,2604161931043,,否,2026-04-16 19:31:43
6042054,原麦出炉（二食堂）,广东省广州市从化区广从南路548号广州软件学院二食堂,13432312518      18319706225,餐饮行业,10:00-22:00,是,https://img.pospal.cn/storeLogo/6042054/74aedc30d65c48d2a87f834e6426824b.jpg,2.0,10.0,0.52,206019411365208205,椰蓉面包干,面包,8.8,10.0,6.0,否,https://img.pospal.cn/productImages/6042054/0132e3bb-e83a-4d88-ad3e-2c758f081d55_200x200.png,2604161931456,,否,2026-04-16 19:32:29
6042054,原麦出炉（二食堂）,广东省广州市从化区广从南路548号广州软件学院二食堂,13432312518      18319706225,餐饮行业,10:00-22:00,是,https://img.pospal.cn/storeLogo/6042054/74aedc30d65c48d2a87f834e6426824b.jpg,2.0,10.0,0.52,367613169061929797,玉枕蛋糕,面包,15.84,18.0,9.0,否,https://img.pospal.cn/productImages/6042054/7306bebd-617f-49ec-9a57-06fecc8d0482_200x200.png,2604161933122,,否,2026-04-16 19:33:31
6042054,原麦出炉（二食堂）,广东省广州市从化区广从南路548号广州软件学院二食堂,13432312518      18319706225,餐饮行业,10:00-22:00,是,https://img.pospal.cn/storeLogo/6042054/74aedc30d65c48d2a87f834e6426824b.jpg,2.0,10.0,0.52,784795210314298027,宫廷桃酥,面包,14.08,16.0,9.0,否,https://img.pospal.cn/productImages/6042054/39fd4dc1-c9bc-46be-a17f-fe5f228a3426_200x200.png,2604161933535,,否,2026-04-16 19:34:07
6042054,原麦出炉（二食堂）,广东省广州市从化区广从南路548号广州软件学院二食堂,13432312518      18319706225,餐饮行业,10:00-22:00,是,https://img.pospal.cn/storeLogo/6042054/74aedc30d65c48d2a87f834e6426824b.jpg,2.0,10.0,0.52,670694776690471836,山药西饼,面包,13.2,15.0,8.0,否,https://img.pospal.cn/productImages/6042054/6fac8a7b-dd56-4e64-94a1-34b50bf1d2ec_200x200.png,2604161934532,,否,2026-04-16 19:35:11
6042054,原麦出炉（二食堂）,广东省广州市从化区广从南路548号广州软件学院二食堂,13432312518      18319706225,餐饮行业,10:00-22:00,是,https://img.pospal.cn/storeLogo/6042054/74aedc30d65c48d2a87f834e6426824b.jpg,2.0,10.0,0.52,533123312549876425,沙琪玛,面包,15.84,18.0,9.0,否,https://img.pospal.cn/productImages/6042054/13916743-3beb-4048-8389-11b5c0a280c7_200x200.png,2604161936284,,否,2026-04-16 19:36:48
6042054,原麦出炉（二食堂）,广东省广州市从化区广从南路548号广州软件学院二食堂,13432312518      18319706225,餐饮行业,10:00-22:00,是,https://img.pospal.cn/storeLogo/6042054/74aedc30d65c48d2a87f834e6426824b.jpg,2.0,10.0,0.52,395454327671872591,手工可可棒,面包,10.56,12.0,5.0,否,https://img.pospal.cn/productImages/6042054/4519d5db-71b1-4218-a139-edb5fa8d8b7c_200x200.png,2604161937151,,否,2026-04-16 19:38:00
6042054,原麦出炉（二食堂）,广东省广州市从化区广从南路548号广州软件学院二食堂,13432312518      18319706225,餐饮行业,10:00-22:00,是,https://img.pospal.cn/storeLogo/6042054/74aedc30d65c48d2a87f834e6426824b.jpg,2.0,10.0,0.52,85213828795083680,牛奶棒,面包,12.14,13.8,9.0,否,https://img.pospal.cn/productImages/6042054/3c40a631-ee43-41ef-a372-2e0e36c90809_200x200.png,2604161938554,,否,2026-04-16 19:39:10
6042054,原麦出炉（二食堂）,广东省广州市从化区广从南路548号广州软件学院二食堂,13432312518      18319706225,餐饮行业,10:00-22:00,是,https://img.pospal.cn/storeLogo/6042054/74aedc30d65c48d2a87f834e6426824b.jpg,2.0,10.0,0.52,960700633585045728,安佳曲奇,面包,13.2,15.0,8.0,否,https://img.pospal.cn/productImages/6042054/97ac2259-eae3-495c-8ff2-0e2bb8b03203_200x200.png,2604161939346,,否,2026-04-16 19:39:48
6042054,原麦出炉（二食堂）,广东省广州市从化区广从南路548号广州软件学院二食堂,13432312518      18319706225,餐饮行业,10:00-22:00,是,https://img.pospal.cn/storeLogo/6042054/74aedc30d65c48d2a87f834e6426824b.jpg,2.0,10.0,0.52,473160226795128697,海盐脆片,面包,13.2,15.0,8.0,否,https://img.pospal.cn/productImages/6042054/4ee95689-e432-45ed-986d-1c90dda570d5_200x200.png,2604161939544,,否,2026-04-16 19:40:48
6042054,原麦出炉（二食堂）,广东省广州市从化区广从南路548号广州软件学院二食堂,13432312518      18319706225,餐饮行业,10:00-22:00,是,https://img.pospal.cn/storeLogo/6042054/74aedc30d65c48d2a87f834e6426824b.jpg,2.0,10.0,0.52,415921699856298648,铜锣烧,面包,5.28,6.0,6.0,否,https://img.pospal.cn/productImages/6042054/4247722c-ccca-47a4-bc29-914f50f36f5f_200x200.png,2604161944081,,否,2026-04-16 19:45:12
6042054,原麦出炉（二食堂）,广东省广州市从化区广从南路548号广州软件学院二食堂,13432312518      18319706225,餐饮行业,10:00-22:00,是,https://img.pospal.cn/storeLogo/6042054/74aedc30d65c48d2a87f834e6426824b.jpg,2.0,10.0,0.52,602804032952479267,碳水面包丁,面包,3.52,4.0,9.0,否,https://img.pospal.cn/productImages/6042054/288a6350-fda8-46f5-9dc9-eac94970bf76_200x200.png,2604161949062,,否,2026-04-16 19:49:41
6042054,原麦出炉（二食堂）,广东省广州市从化区广从南路548号广州软件学院二食堂,13432312518      18319706225,餐饮行业,10:00-22:00,是,https://img.pospal.cn/storeLogo/6042054/74aedc30d65c48d2a87f834e6426824b.jpg,2.0,10.0,0.52,607629224896357258,燕塘甜牛奶,面包,3.52,4.0,9.0,否,https://img.pospal.cn/productImages/6042054/27e7be45-e530-4089-acef-76581a3d064f_200x200.png,2604161952185,,否,2026-04-16 19:52:34
6042054,原麦出炉（二食堂）,广东省广州市从化区广从南路548号广州软件学院二食堂,13432312518      18319706225,餐饮行业,10:00-22:00,是,https://img.pospal.cn/storeLogo/6042054/74aedc30d65c48d2a87f834e6426824b.jpg,2.0,10.0,0.52,923504094987704972,特仑苏,面包,10.0,10.0,9.0,否,https://img.pospal.cn/productImages/0/default/food_200x200.png,2495251533496,,否,2026-04-18 11:15:47
6042054,原麦出炉（二食堂）,广东省广州市从化区广从南路548号广州软件学院二食堂,13432312518      18319706225,餐饮行业,10:00-22:00,是,https://img.pospal.cn/storeLogo/6042054/74aedc30d65c48d2a87f834e6426824b.jpg,2.0,10.0,0.52,112957815392005086,肉松披萨（折）,面包,6.16,6.16,9.0,否,https://img.pospal.cn/productImages/6042054/b3efd193-8173-4d35-a558-dac7a5169f73_200x200.jpg,2604181952264,,是,2026-04-18 19:53:44
6042054,原麦出炉（二食堂）,广东省广州市从化区广从南路548号广州软件学院二食堂,13432312518      18319706225,餐饮行业,10:00-22:00,是,https://img.pospal.cn/storeLogo/6042054/74aedc30d65c48d2a87f834e6426824b.jpg,2.0,10.0,0.52,260467633180882475,日式肠仔包（折）,面包,6.16,6.16,9.0,否,https://img.pospal.cn/productImages/6042054/b278169c-9390-4796-a2fd-85e7ade9f8c6_200x200.jpg,2604201049301,,是,2026-04-20 10:49:58
6042054,原麦出炉（二食堂）,广东省广州市从化区广从南路548号广州软件学院二食堂,13432312518      18319706225,餐饮行业,10:00-22:00,是,https://img.pospal.cn/storeLogo/6042054/74aedc30d65c48d2a87f834e6426824b.jpg,2.0,10.0,0.52,460342634148404325,卡夫芝士棒（折）,面包,14.78,14.78,9.0,否,https://img.pospal.cn/productImages/6042054/e4321e61-44cc-430b-b4da-90f08bf5c4fa_200x200.jpg,2604251010375,,是,2026-04-25 10:11:08
6042054,原麦出炉（二食堂）,广东省广州市从化区广从南路548号广州软件学院二食堂,13432312518      18319706225,餐饮行业,10:00-22:00,是,https://img.pospal.cn/storeLogo/6042054/74aedc30d65c48d2a87f834e6426824b.jpg,2.0,10.0,0.52,322603204514391398,芋泥菠萝包,面包,3.96,4.5,-3.0,是,https://img.pospal.cn/productImages/6042054/84ace1a3-eed4-445d-b141-b22a009920e3_200x200.png,2604152057158,,否,2026-04-15 20:57:55
6042054,原麦出炉（二食堂）,广东省广州市从化区广从南路548号广州软件学院二食堂,13432312518      18319706225,餐饮行业,10:00-22:00,是,https://img.pospal.cn/storeLogo/6042054/74aedc30d65c48d2a87f834e6426824b.jpg,2.0,10.0,0.52,972793217354152295,蓝莓奶酪包,面包,6.6,7.5,0.0,是,https://img.pospal.cn/productImages/6042054/47d84a86-2f3c-4ac2-ac98-3571176774a9_200x200.jpg,2604152131209,,否,2026-04-15 21:32:00
6042054,原麦出炉（二食堂）,广东省广州市从化区广从南路548号广州软件学院二食堂,13432312518      18319706225,餐饮行业,10:00-22:00,是,https://img.pospal.cn/storeLogo/6042054/74aedc30d65c48d2a87f834e6426824b.jpg,2.0,10.0,0.52,348588813376169722,肉松培根,面包,7.0,7.0,-1.0,是,https://img.pospal.cn/productImages/6042054/951c745f-8749-4b27-9976-7c8bd75f6a45_200x200.jpg,2598625224867,,否,2026-04-18 10:52:39
6042054,原麦出炉（二食堂）,广东省广州市从化区广从南路548号广州软件学院二食堂,13432312518      18319706225,餐饮行业,10:00-22:00,是,https://img.pospal.cn/storeLogo/6042054/74aedc30d65c48d2a87f834e6426824b.jpg,2.0,10.0,0.52,1119752899954488273,榴莲酥,面包,3.52,4.0,0.0,是,https://img.pospal.cn/productImages/6042054/edfce0b7-8898-4c9a-8734-78ff2ba7e5d0_200x200.jpg,2605071841385,,否,2026-05-07 18:42:14
6042054,原麦出炉（二食堂）,广东省广州市从化区广从南路548号广州软件学院二食堂,13432312518      18319706225,餐饮行业,10:00-22:00,是,https://img.pospal.cn/storeLogo/6042054/74aedc30d65c48d2a87f834e6426824b.jpg,2.0,10.0,0.52,534127405264942832,开心果可颂,面包,8.8,10.0,0.0,是,https://img.pospal.cn/productImages/6042054/7d3a1169-7ba4-4e92-a5ad-3790b8f8db26_200x200.png,2604152039574,,否,2026-04-15 20:40:14
6042054,原麦出炉（二食堂）,广东省广州市从化区广从南路548号广州软件学院二食堂,13432312518      18319706225,餐饮行业,10:00-22:00,是,https://img.pospal.cn/storeLogo/6042054/74aedc30d65c48d2a87f834e6426824b.jpg,2.0,10.0,0.52,144264796920203049,椰香绵绵,面包,6.6,7.5,0.0,是,https://img.pospal.cn/productImages/6042054/5d0dbd6d-8af5-4888-8cef-4b0e58df1e42_200x200.png,2604152043366,,否,2026-04-15 20:43:56
6042054,原麦出炉（二食堂）,广东省广州市从化区广从南路548号广州软件学院二食堂,13432312518      18319706225,餐饮行业,10:00-22:00,是,https://img.pospal.cn/storeLogo/6042054/74aedc30d65c48d2a87f834e6426824b.jpg,2.0,10.0,0.52,845963791651311217,奶酪片,面包,7.04,8.0,0.0,是,https://img.pospal.cn/productImages/0/default/food_200x200.png,2604152043595,,否,2026-04-15 20:44:11
6042054,原麦出炉（二食堂）,广东省广州市从化区广从南路548号广州软件学院二食堂,13432312518      18319706225,餐饮行业,10:00-22:00,是,https://img.pospal.cn/storeLogo/6042054/74aedc30d65c48d2a87f834e6426824b.jpg,2.0,10.0,0.52,1128102468549707395,原味可颂,面包,5.72,6.5,0.0,是,https://img.pospal.cn/productImages/6042054/2c56c8b4-42dc-42da-bfb2-4e6d96630214_200x200.png,2604152044141,,否,2026-04-15 20:44:48
6042054,原麦出炉（二食堂）,广东省广州市从化区广从南路548号广州软件学院二食堂,13432312518      18319706225,餐饮行业,10:00-22:00,是,https://img.pospal.cn/storeLogo/6042054/74aedc30d65c48d2a87f834e6426824b.jpg,2.0,10.0,0.52,1105108232620881094,核桃马里奥,面包,7.04,8.0,0.0,是,https://img.pospal.cn/productImages/6042054/80ab31fa-545e-4fb3-8f6a-6102cca00e73_200x200.jpg,2604152044523,,否,2026-04-15 20:45:29
6042054,原麦出炉（二食堂）,广东省广州市从化区广从南路548号广州软件学院二食堂,13432312518      18319706225,餐饮行业,10:00-22:00,是,https://img.pospal.cn/storeLogo/6042054/74aedc30d65c48d2a87f834e6426824b.jpg,2.0,10.0,0.52,759732922145100520,奶酪包,面包,7.04,8.0,0.0,是,https://img.pospal.cn/productImages/6042054/d498978b-b7ce-459b-8b63-728e322105b6_200x200.png,2604152045322,,否,2026-04-15 20:46:08
6042054,原麦出炉（二食堂）,广东省广州市从化区广从南路548号广州软件学院二食堂,13432312518      18319706225,餐饮行业,10:00-22:00,是,https://img.pospal.cn/storeLogo/6042054/74aedc30d65c48d2a87f834e6426824b.jpg,2.0,10.0,0.52,412914274995215151,手工甜甜圈,面包,3.96,4.5,0.0,是,https://img.pospal.cn/productImages/6042054/0060d55a-c695-4487-aafd-f6f3ecd82bcc_200x200.png,2604152046572,,否,2026-04-15 20:47:15
6042054,原麦出炉（二食堂）,广东省广州市从化区广从南路548号广州软件学院二食堂,13432312518      18319706225,餐饮行业,10:00-22:00,是,https://img.pospal.cn/storeLogo/6042054/74aedc30d65c48d2a87f834e6426824b.jpg,2.0,10.0,0.52,433635135394989870,美味肉松包,面包,4.4,5.0,-1.0,是,https://img.pospal.cn/productImages/6042054/b23ccccd-5e22-498d-a4a2-600e78ed4b92_200x200.png,2604152051187,,否,2026-04-15 20:51:35
6042054,原麦出炉（二食堂）,广东省广州市从化区广从南路548号广州软件学院二食堂,13432312518      18319706225,餐饮行业,10:00-22:00,是,https://img.pospal.cn/storeLogo/6042054/74aedc30d65c48d2a87f834e6426824b.jpg,2.0,10.0,0.52,397663720706087294,一口芝士,面包,2.64,3.0,0.0,是,https://img.pospal.cn/productImages/6042054/20261e47-1fc4-4f32-9345-0baa50c02bbc_200x200.png,2604152058049,,否,2026-04-15 20:59:27
6042054,原麦出炉（二食堂）,广东省广州市从化区广从南路548号广州软件学院二食堂,13432312518      18319706225,餐饮行业,10:00-22:00,是,https://img.pospal.cn/storeLogo/6042054/74aedc30d65c48d2a87f834e6426824b.jpg,2.0,10.0,0.52,1029471537625928959,老婆饼（买3送1）,面包,3.52,4.0,0.0,是,https://img.pospal.cn/productImages/6042054/43d964f1-b0e5-419a-b0fb-8e55d12a6199_200x200.png,2604152059459,,否,2026-04-15 21:00:43
6042054,原麦出炉（二食堂）,广东省广州市从化区广从南路548号广州软件学院二食堂,13432312518      18319706225,餐饮行业,10:00-22:00,是,https://img.pospal.cn/storeLogo/6042054/74aedc30d65c48d2a87f834e6426824b.jpg,2.0,10.0,0.52,36731189518546909,苹果派（买3送1）,面包,3.96,4.5,0.0,是,https://img.pospal.cn/productImages/6042054/824f5176-16cd-47c4-92a4-a19bb163bd06_200x200.png,2604152100465,,否,2026-04-15 21:01:46
6042054,原麦出炉（二食堂）,广东省广州市从化区广从南路548号广州软件学院二食堂,13432312518      18319706225,餐饮行业,10:00-22:00,是,https://img.pospal.cn/storeLogo/6042054/74aedc30d65c48d2a87f834e6426824b.jpg,2.0,10.0,0.52,743794307290219295,黑金芝士,面包,7.92,9.0,0.0,是,https://img.pospal.cn/productImages/6042054/44b61d50-4f58-4acb-bf32-e74412f1e10d_200x200.png,2604152102544,,否,2026-04-15 21:03:43
6042054,原麦出炉（二食堂）,广东省广州市从化区广从南路548号广州软件学院二食堂,13432312518      18319706225,餐饮行业,10:00-22:00,是,https://img.pospal.cn/storeLogo/6042054/74aedc30d65c48d2a87f834e6426824b.jpg,2.0,10.0,0.52,379520193718025110,南瓜包,面包,4.4,5.0,0.0,是,https://img.pospal.cn/productImages/6042054/fde7840e-12ee-4612-853d-983393b9c1c7_200x200.png,2604152128490,,否,2026-04-15 21:29:13
6042054,原麦出炉（二食堂）,广东省广州市从化区广从南路548号广州软件学院二食堂,13432312518      18319706225,餐饮行业,10:00-22:00,是,https://img.pospal.cn/storeLogo/6042054/74aedc30d65c48d2a87f834e6426824b.jpg,2.0,10.0,0.52,1025691744222422054,巧克力雷神,面包,7.04,8.0,0.0,是,https://img.pospal.cn/productImages/6042054/0b05bbdc-0b41-46cc-bd95-5c70a69e5125_200x200.png,2604152130035,,否,2026-04-15 21:30:36
6042054,原麦出炉（二食堂）,广东省广州市从化区广从南路548号广州软件学院二食堂,13432312518      18319706225,餐饮行业,10:00-22:00,是,https://img.pospal.cn/storeLogo/6042054/74aedc30d65c48d2a87f834e6426824b.jpg,2.0,10.0,0.52,440508436528386519,牛奶小蛋糕,面包,9.59,10.9,0.0,是,https://img.pospal.cn/productImages/6042054/c15a4222-bc56-4187-b1b6-f7ab95278403_200x200.png,2604152132572,,否,2026-04-15 21:33:17
6042054,原麦出炉（二食堂）,广东省广州市从化区广从南路548号广州软件学院二食堂,13432312518      18319706225,餐饮行业,10:00-22:00,是,https://img.pospal.cn/storeLogo/6042054/74aedc30d65c48d2a87f834e6426824b.jpg,2.0,10.0,0.52,229569277661759715,紫薯吐司,面包,11.0,12.5,0.0,是,https://img.pospal.cn/productImages/6042054/84688279-ca94-4990-8739-3b22586f6875_200x200.png,2604152138499,,否,2026-04-15 21:39:26
6042054,原麦出炉（二食堂）,广东省广州市从化区广从南路548号广州软件学院二食堂,13432312518      18319706225,餐饮行业,10:00-22:00,是,https://img.pospal.cn/storeLogo/6042054/74aedc30d65c48d2a87f834e6426824b.jpg,2.0,10.0,0.52,734459384203311138,麻薯 （原味/巧克力味）,面包,5.28,6.0,0.0,是,https://img.pospal.cn/productImages/6042054/2fe75de1-a689-45f4-97aa-73c6d32b5cfd_200x200.png,2604152141093,,否,2026-04-15 21:42:09
6042054,原麦出炉（二食堂）,广东省广州市从化区广从南路548号广州软件学院二食堂,13432312518      18319706225,餐饮行业,10:00-22:00,是,https://img.pospal.cn/storeLogo/6042054/74aedc30d65c48d2a87f834e6426824b.jpg,2.0,10.0,0.52,510402274461690617,咸蛋黄酥,面包,13.2,15.0,0.0,是,https://img.pospal.cn/productImages/6042054/0e29e6a3-d727-4a7c-893b-9996a977264c_200x200.png,2604161940519,,否,2026-04-16 19:41:39
6042054,原麦出炉（二食堂）,广东省广州市从化区广从南路548号广州软件学院二食堂,13432312518      18319706225,餐饮行业,10:00-22:00,是,https://img.pospal.cn/storeLogo/6042054/74aedc30d65c48d2a87f834e6426824b.jpg,2.0,10.0,0.52,99593654952383398,奶香片（折）,面包,3.52,3.52,0.0,是,https://img.pospal.cn/productImages/6042054/c9224356-a490-4c55-a205-ea089582db6c_200x200.jpg,2749914421409,,否,2026-04-18 10:44:23
6042054,原麦出炉（二食堂）,广东省广州市从化区广从南路548号广州软件学院二食堂,13432312518      18319706225,餐饮行业,10:00-22:00,是,https://img.pospal.cn/storeLogo/6042054/74aedc30d65c48d2a87f834e6426824b.jpg,2.0,10.0,0.52,315211399566767657,迷你肠（折）,面包,2.64,2.64,0.0,是,https://img.pospal.cn/productImages/6042054/17f16061-2d02-46e2-b628-31701bffa0db_200x200.jpg,2604182049581,,是,2026-04-18 20:50:21
6042054,原麦出炉（二食堂）,广东省广州市从化区广从南路548号广州软件学院二食堂,13432312518      18319706225,餐饮行业,10:00-22:00,是,https://img.pospal.cn/storeLogo/6042054/74aedc30d65c48d2a87f834e6426824b.jpg,2.0,10.0,0.52,520283064177986687,可可奶油（折）,面包,3.52,3.52,0.0,是,https://img.pospal.cn/productImages/6042054/60efe5bc-297f-4f14-bc31-a70c0d23026a_200x200.jpg,2604182058125,,是,2026-04-18 20:58:46
6042054,原麦出炉（二食堂）,广东省广州市从化区广从南路548号广州软件学院二食堂,13432312518      18319706225,餐饮行业,10:00-22:00,是,https://img.pospal.cn/storeLogo/6042054/74aedc30d65c48d2a87f834e6426824b.jpg,2.0,10.0,0.52,190515657441029044,土豆鸡肉包（折）,面包,5.72,5.72,0.0,是,https://img.pospal.cn/productImages/6042054/5a6f3542-8aec-4f49-99f7-f732661d7cf0_200x200.jpg,2604201050116,,是,2026-04-20 10:50:42
6042054,原麦出炉（二食堂）,广东省广州市从化区广从南路548号广州软件学院二食堂,13432312518      18319706225,餐饮行业,10:00-22:00,是,https://img.pospal.cn/storeLogo/6042054/74aedc30d65c48d2a87f834e6426824b.jpg,2.0,10.0,0.52,786637690536143791,土豆芝士培根（折）,面包,7.92,7.92,0.0,是,https://img.pospal.cn/productImages/6042054/4e637211-d656-4ff7-a128-26fecb95db28_200x200.jpg,2604201050499,,是,2026-04-20 10:51:23
6042054,原麦出炉（二食堂）,广东省广州市从化区广从南路548号广州软件学院二食堂,13432312518      18319706225,餐饮行业,10:00-22:00,是,https://img.pospal.cn/storeLogo/6042054/74aedc30d65c48d2a87f834e6426824b.jpg,2.0,10.0,0.52,483171460555280669,紫薯欧包（折）,面包,11.26,11.26,0.0,是,https://img.pospal.cn/productImages/6042054/c0a0d153-e6c6-4a86-869f-c219762b9a37_200x200.jpg,2604251009355,,是,2026-04-25 10:10:26
6042054,原麦出炉（二食堂）,广东省广州市从化区广从南路548号广州软件学院二食堂,13432312518      18319706225,餐饮行业,10:00-22:00,是,https://img.pospal.cn/storeLogo/6042054/74aedc30d65c48d2a87f834e6426824b.jpg,2.0,10.0,0.52,284184055390552132,芋泥奶酪,促销,7.04,8.0,5.0,否,https://img.pospal.cn/productImages/6042054/544ca8ae-4667-46ff-a56f-c55182bb0c9c_200x200.jpg,2604152056014,,否,2026-04-15 20:56:36
6042054,原麦出炉（二食堂）,广东省广州市从化区广从南路548号广州软件学院二食堂,13432312518      18319706225,餐饮行业,10:00-22:00,是,https://img.pospal.cn/storeLogo/6042054/74aedc30d65c48d2a87f834e6426824b.jpg,2.0,10.0,0.52,573231111130014416,脏脏包,促销,7.04,8.0,5.0,否,https://img.pospal.cn/productImages/6042054/0b491162-b900-4ce1-8de4-2210385f9f0b_200x200.jpg,2604152056403,,否,2026-04-15 20:57:12
6042054,原麦出炉（二食堂）,广东省广州市从化区广从南路548号广州软件学院二食堂,13432312518      18319706225,餐饮行业,10:00-22:00,是,https://img.pospal.cn/storeLogo/6042054/74aedc30d65c48d2a87f834e6426824b.jpg,2.0,10.0,0.52,613179952740240299,爆浆三明治,促销,8.8,10.0,8.0,否,https://img.pospal.cn/productImages/6042054/4682d490-5352-4a2b-8817-3f8a16631c08_200x200.png,2604152038225,,否,2026-04-15 20:39:09
6042054,原麦出炉（二食堂）,广东省广州市从化区广从南路548号广州软件学院二食堂,13432312518      18319706225,餐饮行业,10:00-22:00,是,https://img.pospal.cn/storeLogo/6042054/74aedc30d65c48d2a87f834e6426824b.jpg,2.0,10.0,0.52,1126710994748710901,黄金屋,促销,7.92,9.0,8.0,否,https://img.pospal.cn/productImages/6042054/68fb51e5-66d1-4638-8384-0dcf90cba27e_200x200.png,2604152040457,,否,2026-04-15 20:41:04
6042054,原麦出炉（二食堂）,广东省广州市从化区广从南路548号广州软件学院二食堂,13432312518      18319706225,餐饮行业,10:00-22:00,是,https://img.pospal.cn/storeLogo/6042054/74aedc30d65c48d2a87f834e6426824b.jpg,2.0,10.0,0.52,666960303536503864,大口酥,促销,7.92,9.0,9.0,否,https://img.pospal.cn/productImages/6042054/574dad8c-5c79-49ee-9fed-71269139127b_200x200.jpg,2604152041089,,否,2026-04-15 20:41:48
6042054,原麦出炉（二食堂）,广东省广州市从化区广从南路548号广州软件学院二食堂,13432312518      18319706225,餐饮行业,10:00-22:00,是,https://img.pospal.cn/storeLogo/6042054/74aedc30d65c48d2a87f834e6426824b.jpg,2.0,10.0,0.52,786102451365276160,岩烧可颂,促销,6.6,7.5,8.0,否,https://img.pospal.cn/productImages/6042054/7db4a0b2-50cb-4eda-843c-ede3adac985c_200x200.png,2604152041522,,否,2026-04-15 20:42:21
6042054,原麦出炉（二食堂）,广东省广州市从化区广从南路548号广州软件学院二食堂,13432312518      18319706225,餐饮行业,10:00-22:00,是,https://img.pospal.cn/storeLogo/6042054/74aedc30d65c48d2a87f834e6426824b.jpg,2.0,10.0,0.52,260976502359771571,黄金条,促销,7.04,8.0,5.0,否,https://img.pospal.cn/productImages/6042054/9a37ed22-2330-4b76-9d44-7f7c6a8852f3_200x200.png,2604152042352,,否,2026-04-15 20:43:08
6042054,原麦出炉（二食堂）,广东省广州市从化区广从南路548号广州软件学院二食堂,13432312518      18319706225,餐饮行业,10:00-22:00,是,https://img.pospal.cn/storeLogo/6042054/74aedc30d65c48d2a87f834e6426824b.jpg,2.0,10.0,0.52,275902995732790077,丹麦披萨,促销,7.04,8.0,9.0,否,https://img.pospal.cn/productImages/6042054/55cd90f7-aad0-490e-88e2-bac4fb28d383_200x200.png,2604152046268,,否,2026-04-15 20:46:41
6042054,原麦出炉（二食堂）,广东省广州市从化区广从南路548号广州软件学院二食堂,13432312518      18319706225,餐饮行业,10:00-22:00,是,https://img.pospal.cn/storeLogo/6042054/74aedc30d65c48d2a87f834e6426824b.jpg,2.0,10.0,0.52,209378150444033826,一口酥,促销,4.4,5.0,9.0,否,https://img.pospal.cn/productImages/6042054/a496393f-f85d-4477-b233-b70c1c7539ab_200x200.png,2604152047371,,否,2026-04-15 20:49:03
6042054,原麦出炉（二食堂）,广东省广州市从化区广从南路548号广州软件学院二食堂,13432312518      18319706225,餐饮行业,10:00-22:00,是,https://img.pospal.cn/storeLogo/6042054/74aedc30d65c48d2a87f834e6426824b.jpg,2.0,10.0,0.52,976132099766002651,松松肠仔,促销,6.16,7.0,9.0,否,https://img.pospal.cn/productImages/6042054/6b937fdd-1590-46cd-9785-def4b29b6b06_200x200.png,2604152049115,,否,2026-04-15 20:49:46
6042054,原麦出炉（二食堂）,广东省广州市从化区广从南路548号广州软件学院二食堂,13432312518      18319706225,餐饮行业,10:00-22:00,是,https://img.pospal.cn/storeLogo/6042054/74aedc30d65c48d2a87f834e6426824b.jpg,2.0,10.0,0.52,737799549396811658,猪扒包,促销,8.8,10.0,9.0,否,https://img.pospal.cn/productImages/6042054/ddb5f61f-c697-4341-88cd-a09473328806_200x200.png,2604152049498,,否,2026-04-15 20:50:36
6042054,原麦出炉（二食堂）,广东省广州市从化区广从南路548号广州软件学院二食堂,13432312518      18319706225,餐饮行业,10:00-22:00,是,https://img.pospal.cn/storeLogo/6042054/74aedc30d65c48d2a87f834e6426824b.jpg,2.0,10.0,0.52,1005129268106826627,芝士奶酪,促销,5.28,6.0,7.0,否,https://img.pospal.cn/productImages/6042054/eeeeebc1-164f-4d4f-b954-6393a27ac6b5_200x200.png,2604152051385,,否,2026-04-15 20:52:11
6042054,原麦出炉（二食堂）,广东省广州市从化区广从南路548号广州软件学院二食堂,13432312518      18319706225,餐饮行业,10:00-22:00,是,https://img.pospal.cn/storeLogo/6042054/74aedc30d65c48d2a87f834e6426824b.jpg,2.0,10.0,0.52,623298857910513065,芝士之恋,促销,8.8,10.0,5.0,否,https://img.pospal.cn/productImages/6042054/5cf7eca7-c4b3-4ae8-aa02-335842d1f51a_200x200.png,2604152052443,,否,2026-04-15 20:52:58
6042054,原麦出炉（二食堂）,广东省广州市从化区广从南路548号广州软件学院二食堂,13432312518      18319706225,餐饮行业,10:00-22:00,是,https://img.pospal.cn/storeLogo/6042054/74aedc30d65c48d2a87f834e6426824b.jpg,2.0,10.0,0.52,923706866717039750,港式菠萝包,促销,3.08,3.5,8.0,否,https://img.pospal.cn/productImages/6042054/f01624be-fe86-4984-adb4-808bc0aaae3b_200x200.png,2604152053013,,否,2026-04-15 20:53:37
6042054,原麦出炉（二食堂）,广东省广州市从化区广从南路548号广州软件学院二食堂,13432312518      18319706225,餐饮行业,10:00-22:00,是,https://img.pospal.cn/storeLogo/6042054/74aedc30d65c48d2a87f834e6426824b.jpg,2.0,10.0,0.52,659052137363653394,日式红豆菠萝包,促销,3.96,4.5,6.0,否,https://img.pospal.cn/productImages/6042054/66c7b89b-7f12-4c12-a5fa-593d322341ef_200x200.png,2604152053402,,否,2026-04-15 20:55:00
6042054,原麦出炉（二食堂）,广东省广州市从化区广从南路548号广州软件学院二食堂,13432312518      18319706225,餐饮行业,10:00-22:00,是,https://img.pospal.cn/storeLogo/6042054/74aedc30d65c48d2a87f834e6426824b.jpg,2.0,10.0,0.52,1130870631047263635,芝士条,促销,4.4,5.0,5.0,否,https://img.pospal.cn/productImages/6042054/94d61c9d-c2fc-4dc3-869a-e6b71c9b6eae_200x200.png,2604152055031,,否,2026-04-15 20:55:16
6042054,原麦出炉（二食堂）,广东省广州市从化区广从南路548号广州软件学院二食堂,13432312518      18319706225,餐饮行业,10:00-22:00,是,https://img.pospal.cn/storeLogo/6042054/74aedc30d65c48d2a87f834e6426824b.jpg,2.0,10.0,0.52,898361696493561669,岩烧乳酪餐包,促销,4.4,5.0,7.0,否,https://img.pospal.cn/productImages/6042054/426574fc-bdbd-4904-a547-7b039bc3ad99_200x200.png,2604152055192,,否,2026-04-15 20:55:58
6042054,原麦出炉（二食堂）,广东省广州市从化区广从南路548号广州软件学院二食堂,13432312518      18319706225,餐饮行业,10:00-22:00,是,https://img.pospal.cn/storeLogo/6042054/74aedc30d65c48d2a87f834e6426824b.jpg,2.0,10.0,0.52,672863873630076504,大葡挞（买3送1）,促销,4.4,5.0,9.0,否,https://img.pospal.cn/productImages/6042054/685c21a5-81b6-4d12-a443-8c23f860ab6d_200x200.png,2604152101530,,否,2026-04-15 21:02:51
6042054,原麦出炉（二食堂）,广东省广州市从化区广从南路548号广州软件学院二食堂,13432312518      18319706225,餐饮行业,10:00-22:00,是,https://img.pospal.cn/storeLogo/6042054/74aedc30d65c48d2a87f834e6426824b.jpg,2.0,10.0,0.52,89484828757765075,小葡挞（8个）,促销,8.71,9.9,8.0,否,https://img.pospal.cn/productImages/6042054/835eb477-2a44-489b-8d68-c43d3b488d35_200x200.png,2604152103466,,否,2026-04-15 21:04:45
6042054,原麦出炉（二食堂）,广东省广州市从化区广从南路548号广州软件学院二食堂,13432312518      18319706225,餐饮行业,10:00-22:00,是,https://img.pospal.cn/storeLogo/6042054/74aedc30d65c48d2a87f834e6426824b.jpg,2.0,10.0,0.52,910595248947760594,芋泥奶酪,促销,7.04,8.0,9.0,否,https://img.pospal.cn/productImages/6042054/6bc4cb3e-410f-48c6-9f33-8c736c04271a_200x200.png,2604152129169,,否,2026-04-15 21:29:59
6042054,原麦出炉（二食堂）,广东省广州市从化区广从南路548号广州软件学院二食堂,13432312518      18319706225,餐饮行业,10:00-22:00,是,https://img.pospal.cn/storeLogo/6042054/74aedc30d65c48d2a87f834e6426824b.jpg,2.0,10.0,0.52,144459397175240614,罗宋包,促销,4.4,5.0,7.0,否,https://img.pospal.cn/productImages/6042054/82dbd2ee-636f-4a3d-970e-8d036bb8ef8e_200x200.png,2604152131018,,否,2026-04-15 21:31:18
6042054,原麦出炉（二食堂）,广东省广州市从化区广从南路548号广州软件学院二食堂,13432312518      18319706225,餐饮行业,10:00-22:00,是,https://img.pospal.cn/storeLogo/6042054/74aedc30d65c48d2a87f834e6426824b.jpg,2.0,10.0,0.52,844229015692861416,海盐吐司,促销,10.56,12.0,5.0,否,https://img.pospal.cn/productImages/6042054/43da3548-d189-4c05-9de7-2d60dc436de6_200x200.png,2604152132220,,否,2026-04-15 21:32:39
6042054,原麦出炉（二食堂）,广东省广州市从化区广从南路548号广州软件学院二食堂,13432312518      18319706225,餐饮行业,10:00-22:00,是,https://img.pospal.cn/storeLogo/6042054/74aedc30d65c48d2a87f834e6426824b.jpg,2.0,10.0,0.52,232340792369605541,提子吐司,促销,10.56,12.0,8.0,否,https://img.pospal.cn/productImages/6042054/1ba32771-4ded-4802-9109-fbea5a449897_200x200.png,2604152133531,,否,2026-04-15 21:34:08
6042054,原麦出炉（二食堂）,广东省广州市从化区广从南路548号广州软件学院二食堂,13432312518      18319706225,餐饮行业,10:00-22:00,是,https://img.pospal.cn/storeLogo/6042054/74aedc30d65c48d2a87f834e6426824b.jpg,2.0,10.0,0.52,971939644729569806,全麦吐司,促销,10.56,12.0,9.0,否,https://img.pospal.cn/productImages/6042054/f8bcd5f2-33aa-440d-a205-6d729cc2323f_200x200.png,2604152134118,,否,2026-04-15 21:35:06
6042054,原麦出炉（二食堂）,广东省广州市从化区广从南路548号广州软件学院二食堂,13432312518      18319706225,餐饮行业,10:00-22:00,是,https://img.pospal.cn/storeLogo/6042054/74aedc30d65c48d2a87f834e6426824b.jpg,2.0,10.0,0.52,376210664857477497,椰香红豆餐包,促销,13.2,15.0,9.0,否,https://img.pospal.cn/productImages/6042054/ea7da4c9-74f4-43b2-ad1d-2af8d2e21663_200x200.png,2604152135238,,否,2026-04-15 21:35:39
6042054,原麦出炉（二食堂）,广东省广州市从化区广从南路548号广州软件学院二食堂,13432312518      18319706225,餐饮行业,10:00-22:00,是,https://img.pospal.cn/storeLogo/6042054/74aedc30d65c48d2a87f834e6426824b.jpg,2.0,10.0,0.52,215145871637562488,原味吐司,促销,10.56,12.0,8.0,否,https://img.pospal.cn/productImages/6042054/1c159b89-d00b-4fd3-aa97-d0fe63fc1cf4_200x200.png,2604152135580,,否,2026-04-15 21:36:25
6042054,原麦出炉（二食堂）,广东省广州市从化区广从南路548号广州软件学院二食堂,13432312518      18319706225,餐饮行业,10:00-22:00,是,https://img.pospal.cn/storeLogo/6042054/74aedc30d65c48d2a87f834e6426824b.jpg,2.0,10.0,0.52,257173069036592229,黑裸麦吐司,促销,10.56,12.0,8.0,否,https://img.pospal.cn/productImages/6042054/2dbbf267-0c68-4b95-bbb0-6a1daf43458c_200x200.png,2604152137096,,否,2026-04-15 21:37:25
6042054,原麦出炉（二食堂）,广东省广州市从化区广从南路548号广州软件学院二食堂,13432312518      18319706225,餐饮行业,10:00-22:00,是,https://img.pospal.cn/storeLogo/6042054/74aedc30d65c48d2a87f834e6426824b.jpg,2.0,10.0,0.52,316258793618878281,牛奶小馒头,促销,13.2,15.0,9.0,否,https://img.pospal.cn/productImages/6042054/d1dd7cec-479f-4e4f-a52b-247c6bf7f403_200x200.png,2604152137461,,否,2026-04-15 21:38:00
6042054,原麦出炉（二食堂）,广东省广州市从化区广从南路548号广州软件学院二食堂,13432312518      18319706225,餐饮行业,10:00-22:00,是,https://img.pospal.cn/storeLogo/6042054/74aedc30d65c48d2a87f834e6426824b.jpg,2.0,10.0,0.52,721886777688725953,新西兰排包,促销,12.14,13.8,9.0,否,https://img.pospal.cn/productImages/6042054/c2f7e270-2f4b-4a23-9fa8-5a488615c8e1_200x200.png,2604152138024,,否,2026-04-15 21:38:47
6042054,原麦出炉（二食堂）,广东省广州市从化区广从南路548号广州软件学院二食堂,13432312518      18319706225,餐饮行业,10:00-22:00,是,https://img.pospal.cn/storeLogo/6042054/74aedc30d65c48d2a87f834e6426824b.jpg,2.0,10.0,0.52,255626362649213959,南瓜手撕包,促销,11.0,12.5,5.0,否,https://img.pospal.cn/productImages/6042054/19603816-4adc-477e-986c-8e90a7e51c75_200x200.png,2604152139281,,否,2026-04-15 21:39:59
6042054,原麦出炉（二食堂）,广东省广州市从化区广从南路548号广州软件学院二食堂,13432312518      18319706225,餐饮行业,10:00-22:00,是,https://img.pospal.cn/storeLogo/6042054/74aedc30d65c48d2a87f834e6426824b.jpg,2.0,10.0,0.52,913639177461765896,红豆手撕包,促销,11.0,12.5,9.0,否,https://img.pospal.cn/productImages/6042054/38eff61d-bc1b-4ad3-aaa5-97ac8588b220_200x200.png,2604152140010,,否,2026-04-15 21:40:43
6042054,原麦出炉（二食堂）,广东省广州市从化区广从南路548号广州软件学院二食堂,13432312518      18319706225,餐饮行业,10:00-22:00,是,https://img.pospal.cn/storeLogo/6042054/74aedc30d65c48d2a87f834e6426824b.jpg,2.0,10.0,0.52,925521361443626910,南瓜条,促销,10.56,12.0,7.0,否,https://img.pospal.cn/productImages/6042054/b1ec3827-0c6d-4e9c-9183-c1970831eeca_200x200.png,2604161930268,,否,2026-04-16 19:31:01
6042054,原麦出炉（二食堂）,广东省广州市从化区广从南路548号广州软件学院二食堂,13432312518      18319706225,餐饮行业,10:00-22:00,是,https://img.pospal.cn/storeLogo/6042054/74aedc30d65c48d2a87f834e6426824b.jpg,2.0,10.0,0.52,290325096629462519,牛奶手撕包,促销,10.56,12.0,9.0,否,https://img.pospal.cn/productImages/6042054/5e0d5eeb-ed22-4c46-9d96-791e3e679b75_200x200.png,2604161931043,,否,2026-04-16 19:31:43
6042054,原麦出炉（二食堂）,广东省广州市从化区广从南路548号广州软件学院二食堂,13432312518      18319706225,餐饮行业,10:00-22:00,是,https://img.pospal.cn/storeLogo/6042054/74aedc30d65c48d2a87f834e6426824b.jpg,2.0,10.0,0.52,206019411365208205,椰蓉面包干,促销,8.8,10.0,6.0,否,https://img.pospal.cn/productImages/6042054/0132e3bb-e83a-4d88-ad3e-2c758f081d55_200x200.png,2604161931456,,否,2026-04-16 19:32:29
6042054,原麦出炉（二食堂）,广东省广州市从化区广从南路548号广州软件学院二食堂,13432312518      18319706225,餐饮行业,10:00-22:00,是,https://img.pospal.cn/storeLogo/6042054/74aedc30d65c48d2a87f834e6426824b.jpg,2.0,10.0,0.52,367613169061929797,玉枕蛋糕,促销,15.84,18.0,9.0,否,https://img.pospal.cn/productImages/6042054/7306bebd-617f-49ec-9a57-06fecc8d0482_200x200.png,2604161933122,,否,2026-04-16 19:33:31
6042054,原麦出炉（二食堂）,广东省广州市从化区广从南路548号广州软件学院二食堂,13432312518      18319706225,餐饮行业,10:00-22:00,是,https://img.pospal.cn/storeLogo/6042054/74aedc30d65c48d2a87f834e6426824b.jpg,2.0,10.0,0.52,784795210314298027,宫廷桃酥,促销,14.08,16.0,9.0,否,https://img.pospal.cn/productImages/6042054/39fd4dc1-c9bc-46be-a17f-fe5f228a3426_200x200.png,2604161933535,,否,2026-04-16 19:34:07
6042054,原麦出炉（二食堂）,广东省广州市从化区广从南路548号广州软件学院二食堂,13432312518      18319706225,餐饮行业,10:00-22:00,是,https://img.pospal.cn/storeLogo/6042054/74aedc30d65c48d2a87f834e6426824b.jpg,2.0,10.0,0.52,670694776690471836,山药西饼,促销,13.2,15.0,8.0,否,https://img.pospal.cn/productImages/6042054/6fac8a7b-dd56-4e64-94a1-34b50bf1d2ec_200x200.png,2604161934532,,否,2026-04-16 19:35:11
6042054,原麦出炉（二食堂）,广东省广州市从化区广从南路548号广州软件学院二食堂,13432312518      18319706225,餐饮行业,10:00-22:00,是,https://img.pospal.cn/storeLogo/6042054/74aedc30d65c48d2a87f834e6426824b.jpg,2.0,10.0,0.52,533123312549876425,沙琪玛,促销,15.84,18.0,9.0,否,https://img.pospal.cn/productImages/6042054/13916743-3beb-4048-8389-11b5c0a280c7_200x200.png,2604161936284,,否,2026-04-16 19:36:48
6042054,原麦出炉（二食堂）,广东省广州市从化区广从南路548号广州软件学院二食堂,13432312518      18319706225,餐饮行业,10:00-22:00,是,https://img.pospal.cn/storeLogo/6042054/74aedc30d65c48d2a87f834e6426824b.jpg,2.0,10.0,0.52,395454327671872591,手工可可棒,促销,10.56,12.0,5.0,否,https://img.pospal.cn/productImages/6042054/4519d5db-71b1-4218-a139-edb5fa8d8b7c_200x200.png,2604161937151,,否,2026-04-16 19:38:00
6042054,原麦出炉（二食堂）,广东省广州市从化区广从南路548号广州软件学院二食堂,13432312518      18319706225,餐饮行业,10:00-22:00,是,https://img.pospal.cn/storeLogo/6042054/74aedc30d65c48d2a87f834e6426824b.jpg,2.0,10.0,0.52,85213828795083680,牛奶棒,促销,12.14,13.8,9.0,否,https://img.pospal.cn/productImages/6042054/3c40a631-ee43-41ef-a372-2e0e36c90809_200x200.png,2604161938554,,否,2026-04-16 19:39:10
6042054,原麦出炉（二食堂）,广东省广州市从化区广从南路548号广州软件学院二食堂,13432312518      18319706225,餐饮行业,10:00-22:00,是,https://img.pospal.cn/storeLogo/6042054/74aedc30d65c48d2a87f834e6426824b.jpg,2.0,10.0,0.52,960700633585045728,安佳曲奇,促销,13.2,15.0,8.0,否,https://img.pospal.cn/productImages/6042054/97ac2259-eae3-495c-8ff2-0e2bb8b03203_200x200.png,2604161939346,,否,2026-04-16 19:39:48
6042054,原麦出炉（二食堂）,广东省广州市从化区广从南路548号广州软件学院二食堂,13432312518      18319706225,餐饮行业,10:00-22:00,是,https://img.pospal.cn/storeLogo/6042054/74aedc30d65c48d2a87f834e6426824b.jpg,2.0,10.0,0.52,473160226795128697,海盐脆片,促销,13.2,15.0,8.0,否,https://img.pospal.cn/productImages/6042054/4ee95689-e432-45ed-986d-1c90dda570d5_200x200.png,2604161939544,,否,2026-04-16 19:40:48
6042054,原麦出炉（二食堂）,广东省广州市从化区广从南路548号广州软件学院二食堂,13432312518      18319706225,餐饮行业,10:00-22:00,是,https://img.pospal.cn/storeLogo/6042054/74aedc30d65c48d2a87f834e6426824b.jpg,2.0,10.0,0.52,415921699856298648,铜锣烧,促销,5.28,6.0,6.0,否,https://img.pospal.cn/productImages/6042054/4247722c-ccca-47a4-bc29-914f50f36f5f_200x200.png,2604161944081,,否,2026-04-16 19:45:12
6042054,原麦出炉（二食堂）,广东省广州市从化区广从南路548号广州软件学院二食堂,13432312518      18319706225,餐饮行业,10:00-22:00,是,https://img.pospal.cn/storeLogo/6042054/74aedc30d65c48d2a87f834e6426824b.jpg,2.0,10.0,0.52,602804032952479267,碳水面包丁,促销,3.52,4.0,9.0,否,https://img.pospal.cn/productImages/6042054/288a6350-fda8-46f5-9dc9-eac94970bf76_200x200.png,2604161949062,,否,2026-04-16 19:49:41
6042054,原麦出炉（二食堂）,广东省广州市从化区广从南路548号广州软件学院二食堂,13432312518      18319706225,餐饮行业,10:00-22:00,是,https://img.pospal.cn/storeLogo/6042054/74aedc30d65c48d2a87f834e6426824b.jpg,2.0,10.0,0.52,607629224896357258,燕塘甜牛奶,促销,3.52,4.0,9.0,否,https://img.pospal.cn/productImages/6042054/27e7be45-e530-4089-acef-76581a3d064f_200x200.png,2604161952185,,否,2026-04-16 19:52:34
6042054,原麦出炉（二食堂）,广东省广州市从化区广从南路548号广州软件学院二食堂,13432312518      18319706225,餐饮行业,10:00-22:00,是,https://img.pospal.cn/storeLogo/6042054/74aedc30d65c48d2a87f834e6426824b.jpg,2.0,10.0,0.52,631793844078549973,豆乳盒子,促销,10.56,12.0,9.0,否,https://img.pospal.cn/productImages/6042054/75dd12ad-6326-4a19-8d9a-14d8f7727ae5_200x200.jpg,2604162051269,,否,2026-04-16 20:51:36
6042054,原麦出炉（二食堂）,广东省广州市从化区广从南路548号广州软件学院二食堂,13432312518      18319706225,餐饮行业,10:00-22:00,是,https://img.pospal.cn/storeLogo/6042054/74aedc30d65c48d2a87f834e6426824b.jpg,2.0,10.0,0.52,982133000346608967,巧妈妈布丁,促销,7.92,9.0,9.0,否,https://img.pospal.cn/productImages/6042054/f13486f8-5124-4007-aeba-6ed12e7b73cc_200x200.png,2604162018446,,否,2026-04-16 20:19:15
6042054,原麦出炉（二食堂）,广东省广州市从化区广从南路548号广州软件学院二食堂,13432312518      18319706225,餐饮行业,10:00-22:00,是,https://img.pospal.cn/storeLogo/6042054/74aedc30d65c48d2a87f834e6426824b.jpg,2.0,10.0,0.52,350217136345815517,肉松小贝,促销,13.2,15.0,9.0,否,https://img.pospal.cn/productImages/6042054/b95f2a2e-d3f4-4dd9-93c0-7c47612031a1_200x200.png,2604162024485,,否,2026-04-16 20:25:02
6042054,原麦出炉（二食堂）,广东省广州市从化区广从南路548号广州软件学院二食堂,13432312518      18319706225,餐饮行业,10:00-22:00,是,https://img.pospal.cn/storeLogo/6042054/74aedc30d65c48d2a87f834e6426824b.jpg,2.0,10.0,0.52,119790953017569159,巧克力瑞士卷,促销,13.2,15.0,9.0,否,https://img.pospal.cn/productImages/6042054/4e45aabd-abfd-4b66-bd96-f31295ce69a6_200x200.png,2604162026205,,否,2026-04-16 20:26:38
6042054,原麦出炉（二食堂）,广东省广州市从化区广从南路548号广州软件学院二食堂,13432312518      18319706225,餐饮行业,10:00-22:00,是,https://img.pospal.cn/storeLogo/6042054/74aedc30d65c48d2a87f834e6426824b.jpg,2.0,10.0,0.52,766737255945925456,虎皮蛋糕,促销,13.2,15.0,9.0,否,https://img.pospal.cn/productImages/6042054/26df2573-d2e5-4b7e-89e1-5fc18c658f9c_200x200.png,2604162027134,,否,2026-04-16 20:27:28
6042054,原麦出炉（二食堂）,广东省广州市从化区广从南路548号广州软件学院二食堂,13432312518      18319706225,餐饮行业,10:00-22:00,是,https://img.pospal.cn/storeLogo/6042054/74aedc30d65c48d2a87f834e6426824b.jpg,2.0,10.0,0.52,1138321587908140676,龙井瑞士卷,促销,13.2,15.0,9.0,否,https://img.pospal.cn/productImages/6042054/464286cf-c946-4571-8047-d2c17bbe087b_200x200.png,2604162027301,,否,2026-04-16 20:28:00
6042054,原麦出炉（二食堂）,广东省广州市从化区广从南路548号广州软件学院二食堂,13432312518      18319706225,餐饮行业,10:00-22:00,是,https://img.pospal.cn/storeLogo/6042054/74aedc30d65c48d2a87f834e6426824b.jpg,2.0,10.0,0.52,126734968033231680,原味瑞士卷,促销,13.2,15.0,9.0,否,https://img.pospal.cn/productImages/6042054/ce302287-e083-44c8-8a54-d39ca7fe9483_200x200.png,2604162028483,,否,2026-04-16 20:29:13
6042054,原麦出炉（二食堂）,广东省广州市从化区广从南路548号广州软件学院二食堂,13432312518      18319706225,餐饮行业,10:00-22:00,是,https://img.pospal.cn/storeLogo/6042054/74aedc30d65c48d2a87f834e6426824b.jpg,2.0,10.0,0.52,328038700757945588,伯爵红茶卷,促销,13.2,15.0,9.0,否,https://img.pospal.cn/productImages/6042054/708b481d-f96f-45bc-a2c8-12e96dcedec9_200x200.png,2604162031520,,否,2026-04-16 20:33:04
6042054,原麦出炉（二食堂）,广东省广州市从化区广从南路548号广州软件学院二食堂,13432312518      18319706225,餐饮行业,10:00-22:00,是,https://img.pospal.cn/storeLogo/6042054/74aedc30d65c48d2a87f834e6426824b.jpg,2.0,10.0,0.52,392255513930840356,芒果毛巾卷,促销,15.84,18.0,9.0,否,https://img.pospal.cn/productImages/6042054/32400156-dbae-471d-b43a-a93c5a50a610_200x200.png,2604162033241,,否,2026-04-16 20:33:37
6042054,原麦出炉（二食堂）,广东省广州市从化区广从南路548号广州软件学院二食堂,13432312518      18319706225,餐饮行业,10:00-22:00,是,https://img.pospal.cn/storeLogo/6042054/74aedc30d65c48d2a87f834e6426824b.jpg,2.0,10.0,0.52,311703094744075795,芋泥提拉米苏,促销,15.84,18.0,9.0,否,https://img.pospal.cn/productImages/6042054/67490cca-7acc-4eab-b143-cdc0d1e02dc2_200x200.png,2604162034200,,否,2026-04-16 20:34:32
6042054,原麦出炉（二食堂）,广东省广州市从化区广从南路548号广州软件学院二食堂,13432312518      18319706225,餐饮行业,10:00-22:00,是,https://img.pospal.cn/storeLogo/6042054/74aedc30d65c48d2a87f834e6426824b.jpg,2.0,10.0,0.52,464407668389267289,焦糖海盐,促销,14.08,16.0,9.0,否,https://img.pospal.cn/productImages/6042054/8a21ea80-63d5-422d-ba17-1336e17aa687_200x200.png,2604162036402,,否,2026-04-16 20:38:14
6042054,原麦出炉（二食堂）,广东省广州市从化区广从南路548号广州软件学院二食堂,13432312518      18319706225,餐饮行业,10:00-22:00,是,https://img.pospal.cn/storeLogo/6042054/74aedc30d65c48d2a87f834e6426824b.jpg,2.0,10.0,0.52,632745281483810709,半熟芝士,促销,13.2,15.0,9.0,否,https://img.pospal.cn/productImages/6042054/e67fcfcb-ce7d-4243-85ce-617bc38ecd61_200x200.png,2604162038376,,否,2026-04-16 20:39:18
6042054,原麦出炉（二食堂）,广东省广州市从化区广从南路548号广州软件学院二食堂,13432312518      18319706225,餐饮行业,10:00-22:00,是,https://img.pospal.cn/storeLogo/6042054/74aedc30d65c48d2a87f834e6426824b.jpg,2.0,10.0,0.52,224098165801236351,爆浆乳酪芝士挞,促销,8.71,9.9,9.0,否,https://img.pospal.cn/productImages/6042054/bdb10071-58f4-4c17-a59f-bd3712a76a0b_200x200.png,2604162040317,,否,2026-04-16 20:40:52
6042054,原麦出炉（二食堂）,广东省广州市从化区广从南路548号广州软件学院二食堂,13432312518      18319706225,餐饮行业,10:00-22:00,是,https://img.pospal.cn/storeLogo/6042054/74aedc30d65c48d2a87f834e6426824b.jpg,2.0,10.0,0.52,37674872313715743,芝士奶角,促销,14.08,16.0,9.0,否,https://img.pospal.cn/productImages/6042054/a92eeb5d-29af-45ed-ac90-f9ae0257a28d_200x200.png,2604162044391,,否,2026-04-16 20:45:09
6042054,原麦出炉（二食堂）,广东省广州市从化区广从南路548号广州软件学院二食堂,13432312518      18319706225,餐饮行业,10:00-22:00,是,https://img.pospal.cn/storeLogo/6042054/74aedc30d65c48d2a87f834e6426824b.jpg,2.0,10.0,0.52,235943875178490052,红丝绒蛋糕,促销,13.2,15.0,9.0,否,https://img.pospal.cn/productImages/6042054/7b196a1c-b4ca-4c5f-b072-61618fea42d8_200x200.png,2604162045268,,否,2026-04-16 20:45:40
6042054,原麦出炉（二食堂）,广东省广州市从化区广从南路548号广州软件学院二食堂,13432312518      18319706225,餐饮行业,10:00-22:00,是,https://img.pospal.cn/storeLogo/6042054/74aedc30d65c48d2a87f834e6426824b.jpg,2.0,10.0,0.52,402611714737936907,迪拜开心果,促销,15.84,18.0,9.0,否,https://img.pospal.cn/productImages/6042054/c1fb0a54-d10e-43d6-9de6-2e7e2d3e028b_200x200.png,2604162046401,,否,2026-04-16 20:47:45
6042054,原麦出炉（二食堂）,广东省广州市从化区广从南路548号广州软件学院二食堂,13432312518      18319706225,餐饮行业,10:00-22:00,是,https://img.pospal.cn/storeLogo/6042054/74aedc30d65c48d2a87f834e6426824b.jpg,2.0,10.0,0.52,325332535956794970,生巧黑森林,促销,13.2,15.0,9.0,否,https://img.pospal.cn/productImages/6042054/75fb540c-94ee-40ff-8495-4afd882e7ddc_200x200.png,2604162047569,,否,2026-04-16 20:48:31
6042054,原麦出炉（二食堂）,广东省广州市从化区广从南路548号广州软件学院二食堂,13432312518      18319706225,餐饮行业,10:00-22:00,是,https://img.pospal.cn/storeLogo/6042054/74aedc30d65c48d2a87f834e6426824b.jpg,2.0,10.0,0.52,297337329909187400,黑森林,促销,13.2,15.0,9.0,否,https://img.pospal.cn/productImages/6042054/95e911bc-d023-41b9-8479-c7d12ac449a0_200x200.png,2604162049235,,否,2026-04-16 20:49:34
6042054,原麦出炉（二食堂）,广东省广州市从化区广从南路548号广州软件学院二食堂,13432312518      18319706225,餐饮行业,10:00-22:00,是,https://img.pospal.cn/storeLogo/6042054/74aedc30d65c48d2a87f834e6426824b.jpg,2.0,10.0,0.52,36311408808295730,生牛乳蛋糕,促销,14.08,16.0,9.0,否,https://img.pospal.cn/productImages/6042054/8886af44-d93a-4c67-a186-ba7f9b7bf679_200x200.png,2604162050293,,否,2026-04-16 20:50:41
6042054,原麦出炉（二食堂）,广东省广州市从化区广从南路548号广州软件学院二食堂,13432312518      18319706225,餐饮行业,10:00-22:00,是,https://img.pospal.cn/storeLogo/6042054/74aedc30d65c48d2a87f834e6426824b.jpg,2.0,10.0,0.52,322603204514391398,芋泥菠萝包,促销,3.96,4.5,-3.0,是,https://img.pospal.cn/productImages/6042054/84ace1a3-eed4-445d-b141-b22a009920e3_200x200.png,2604152057158,,否,2026-04-15 20:57:55
6042054,原麦出炉（二食堂）,广东省广州市从化区广从南路548号广州软件学院二食堂,13432312518      18319706225,餐饮行业,10:00-22:00,是,https://img.pospal.cn/storeLogo/6042054/74aedc30d65c48d2a87f834e6426824b.jpg,2.0,10.0,0.52,972793217354152295,蓝莓奶酪包,促销,6.6,7.5,0.0,是,https://img.pospal.cn/productImages/6042054/47d84a86-2f3c-4ac2-ac98-3571176774a9_200x200.jpg,2604152131209,,否,2026-04-15 21:32:00
6042054,原麦出炉（二食堂）,广东省广州市从化区广从南路548号广州软件学院二食堂,13432312518      18319706225,餐饮行业,10:00-22:00,是,https://img.pospal.cn/storeLogo/6042054/74aedc30d65c48d2a87f834e6426824b.jpg,2.0,10.0,0.52,1119752899954488273,榴莲酥,促销,3.52,4.0,0.0,是,https://img.pospal.cn/productImages/6042054/edfce0b7-8898-4c9a-8734-78ff2ba7e5d0_200x200.jpg,2605071841385,,否,2026-05-07 18:42:14
6042054,原麦出炉（二食堂）,广东省广州市从化区广从南路548号广州软件学院二食堂,13432312518      18319706225,餐饮行业,10:00-22:00,是,https://img.pospal.cn/storeLogo/6042054/74aedc30d65c48d2a87f834e6426824b.jpg,2.0,10.0,0.52,534127405264942832,开心果可颂,促销,8.8,10.0,0.0,是,https://img.pospal.cn/productImages/6042054/7d3a1169-7ba4-4e92-a5ad-3790b8f8db26_200x200.png,2604152039574,,否,2026-04-15 20:40:14
6042054,原麦出炉（二食堂）,广东省广州市从化区广从南路548号广州软件学院二食堂,13432312518      18319706225,餐饮行业,10:00-22:00,是,https://img.pospal.cn/storeLogo/6042054/74aedc30d65c48d2a87f834e6426824b.jpg,2.0,10.0,0.52,144264796920203049,椰香绵绵,促销,6.6,7.5,0.0,是,https://img.pospal.cn/productImages/6042054/5d0dbd6d-8af5-4888-8cef-4b0e58df1e42_200x200.png,2604152043366,,否,2026-04-15 20:43:56
6042054,原麦出炉（二食堂）,广东省广州市从化区广从南路548号广州软件学院二食堂,13432312518      18319706225,餐饮行业,10:00-22:00,是,https://img.pospal.cn/storeLogo/6042054/74aedc30d65c48d2a87f834e6426824b.jpg,2.0,10.0,0.52,845963791651311217,奶酪片,促销,7.04,8.0,0.0,是,https://img.pospal.cn/productImages/0/default/food_200x200.png,2604152043595,,否,2026-04-15 20:44:11
6042054,原麦出炉（二食堂）,广东省广州市从化区广从南路548号广州软件学院二食堂,13432312518      18319706225,餐饮行业,10:00-22:00,是,https://img.pospal.cn/storeLogo/6042054/74aedc30d65c48d2a87f834e6426824b.jpg,2.0,10.0,0.52,1128102468549707395,原味可颂,促销,5.72,6.5,0.0,是,https://img.pospal.cn/productImages/6042054/2c56c8b4-42dc-42da-bfb2-4e6d96630214_200x200.png,2604152044141,,否,2026-04-15 20:44:48
6042054,原麦出炉（二食堂）,广东省广州市从化区广从南路548号广州软件学院二食堂,13432312518      18319706225,餐饮行业,10:00-22:00,是,https://img.pospal.cn/storeLogo/6042054/74aedc30d65c48d2a87f834e6426824b.jpg,2.0,10.0,0.52,1105108232620881094,核桃马里奥,促销,7.04,8.0,0.0,是,https://img.pospal.cn/productImages/6042054/80ab31fa-545e-4fb3-8f6a-6102cca00e73_200x200.jpg,2604152044523,,否,2026-04-15 20:45:29
6042054,原麦出炉（二食堂）,广东省广州市从化区广从南路548号广州软件学院二食堂,13432312518      18319706225,餐饮行业,10:00-22:00,是,https://img.pospal.cn/storeLogo/6042054/74aedc30d65c48d2a87f834e6426824b.jpg,2.0,10.0,0.52,759732922145100520,奶酪包,促销,7.04,8.0,0.0,是,https://img.pospal.cn/productImages/6042054/d498978b-b7ce-459b-8b63-728e322105b6_200x200.png,2604152045322,,否,2026-04-15 20:46:08
6042054,原麦出炉（二食堂）,广东省广州市从化区广从南路548号广州软件学院二食堂,13432312518      18319706225,餐饮行业,10:00-22:00,是,https://img.pospal.cn/storeLogo/6042054/74aedc30d65c48d2a87f834e6426824b.jpg,2.0,10.0,0.52,412914274995215151,手工甜甜圈,促销,3.96,4.5,0.0,是,https://img.pospal.cn/productImages/6042054/0060d55a-c695-4487-aafd-f6f3ecd82bcc_200x200.png,2604152046572,,否,2026-04-15 20:47:15
6042054,原麦出炉（二食堂）,广东省广州市从化区广从南路548号广州软件学院二食堂,13432312518      18319706225,餐饮行业,10:00-22:00,是,https://img.pospal.cn/storeLogo/6042054/74aedc30d65c48d2a87f834e6426824b.jpg,2.0,10.0,0.52,433635135394989870,美味肉松包,促销,4.4,5.0,-1.0,是,https://img.pospal.cn/productImages/6042054/b23ccccd-5e22-498d-a4a2-600e78ed4b92_200x200.png,2604152051187,,否,2026-04-15 20:51:35
6042054,原麦出炉（二食堂）,广东省广州市从化区广从南路548号广州软件学院二食堂,13432312518      18319706225,餐饮行业,10:00-22:00,是,https://img.pospal.cn/storeLogo/6042054/74aedc30d65c48d2a87f834e6426824b.jpg,2.0,10.0,0.52,397663720706087294,一口芝士,促销,2.64,3.0,0.0,是,https://img.pospal.cn/productImages/6042054/20261e47-1fc4-4f32-9345-0baa50c02bbc_200x200.png,2604152058049,,否,2026-04-15 20:59:27
6042054,原麦出炉（二食堂）,广东省广州市从化区广从南路548号广州软件学院二食堂,13432312518      18319706225,餐饮行业,10:00-22:00,是,https://img.pospal.cn/storeLogo/6042054/74aedc30d65c48d2a87f834e6426824b.jpg,2.0,10.0,0.52,1029471537625928959,老婆饼（买3送1）,促销,3.52,4.0,0.0,是,https://img.pospal.cn/productImages/6042054/43d964f1-b0e5-419a-b0fb-8e55d12a6199_200x200.png,2604152059459,,否,2026-04-15 21:00:43
6042054,原麦出炉（二食堂）,广东省广州市从化区广从南路548号广州软件学院二食堂,13432312518      18319706225,餐饮行业,10:00-22:00,是,https://img.pospal.cn/storeLogo/6042054/74aedc30d65c48d2a87f834e6426824b.jpg,2.0,10.0,0.52,36731189518546909,苹果派（买3送1）,促销,3.96,4.5,0.0,是,https://img.pospal.cn/productImages/6042054/824f5176-16cd-47c4-92a4-a19bb163bd06_200x200.png,2604152100465,,否,2026-04-15 21:01:46
6042054,原麦出炉（二食堂）,广东省广州市从化区广从南路548号广州软件学院二食堂,13432312518      18319706225,餐饮行业,10:00-22:00,是,https://img.pospal.cn/storeLogo/6042054/74aedc30d65c48d2a87f834e6426824b.jpg,2.0,10.0,0.52,743794307290219295,黑金芝士,促销,7.92,9.0,0.0,是,https://img.pospal.cn/productImages/6042054/44b61d50-4f58-4acb-bf32-e74412f1e10d_200x200.png,2604152102544,,否,2026-04-15 21:03:43
6042054,原麦出炉（二食堂）,广东省广州市从化区广从南路548号广州软件学院二食堂,13432312518      18319706225,餐饮行业,10:00-22:00,是,https://img.pospal.cn/storeLogo/6042054/74aedc30d65c48d2a87f834e6426824b.jpg,2.0,10.0,0.52,379520193718025110,南瓜包,促销,4.4,5.0,0.0,是,https://img.pospal.cn/productImages/6042054/fde7840e-12ee-4612-853d-983393b9c1c7_200x200.png,2604152128490,,否,2026-04-15 21:29:13
6042054,原麦出炉（二食堂）,广东省广州市从化区广从南路548号广州软件学院二食堂,13432312518      18319706225,餐饮行业,10:00-22:00,是,https://img.pospal.cn/storeLogo/6042054/74aedc30d65c48d2a87f834e6426824b.jpg,2.0,10.0,0.52,1025691744222422054,巧克力雷神,促销,7.04,8.0,0.0,是,https://img.pospal.cn/productImages/6042054/0b05bbdc-0b41-46cc-bd95-5c70a69e5125_200x200.png,2604152130035,,否,2026-04-15 21:30:36
6042054,原麦出炉（二食堂）,广东省广州市从化区广从南路548号广州软件学院二食堂,13432312518      18319706225,餐饮行业,10:00-22:00,是,https://img.pospal.cn/storeLogo/6042054/74aedc30d65c48d2a87f834e6426824b.jpg,2.0,10.0,0.52,440508436528386519,牛奶小蛋糕,促销,9.59,10.9,0.0,是,https://img.pospal.cn/productImages/6042054/c15a4222-bc56-4187-b1b6-f7ab95278403_200x200.png,2604152132572,,否,2026-04-15 21:33:17
6042054,原麦出炉（二食堂）,广东省广州市从化区广从南路548号广州软件学院二食堂,13432312518      18319706225,餐饮行业,10:00-22:00,是,https://img.pospal.cn/storeLogo/6042054/74aedc30d65c48d2a87f834e6426824b.jpg,2.0,10.0,0.52,229569277661759715,紫薯吐司,促销,11.0,12.5,0.0,是,https://img.pospal.cn/productImages/6042054/84688279-ca94-4990-8739-3b22586f6875_200x200.png,2604152138499,,否,2026-04-15 21:39:26
6042054,原麦出炉（二食堂）,广东省广州市从化区广从南路548号广州软件学院二食堂,13432312518      18319706225,餐饮行业,10:00-22:00,是,https://img.pospal.cn/storeLogo/6042054/74aedc30d65c48d2a87f834e6426824b.jpg,2.0,10.0,0.52,734459384203311138,麻薯 （原味/巧克力味）,促销,5.28,6.0,0.0,是,https://img.pospal.cn/productImages/6042054/2fe75de1-a689-45f4-97aa-73c6d32b5cfd_200x200.png,2604152141093,,否,2026-04-15 21:42:09
6042054,原麦出炉（二食堂）,广东省广州市从化区广从南路548号广州软件学院二食堂,13432312518      18319706225,餐饮行业,10:00-22:00,是,https://img.pospal.cn/storeLogo/6042054/74aedc30d65c48d2a87f834e6426824b.jpg,2.0,10.0,0.52,510402274461690617,咸蛋黄酥,促销,13.2,15.0,0.0,是,https://img.pospal.cn/productImages/6042054/0e29e6a3-d727-4a7c-893b-9996a977264c_200x200.png,2604161940519,,否,2026-04-16 19:41:39
6042054,原麦出炉（二食堂）,广东省广州市从化区广从南路548号广州软件学院二食堂,13432312518      18319706225,餐饮行业,10:00-22:00,是,https://img.pospal.cn/storeLogo/6042054/74aedc30d65c48d2a87f834e6426824b.jpg,2.0,10.0,0.52,601159526354539792,生巧熔岩,促销,17.6,20.0,0.0,是,https://img.pospal.cn/productImages/6042054/65dd9c0e-db38-4a1c-822b-655707ebf6b1_200x200.png,2604162035399,,否,2026-04-16 20:36:35
6042054,原麦出炉（二食堂）,广东省广州市从化区广从南路548号广州软件学院二食堂,13432312518      18319706225,餐饮行业,10:00-22:00,是,https://img.pospal.cn/storeLogo/6042054/74aedc30d65c48d2a87f834e6426824b.jpg,2.0,10.0,0.52,545563576249486497,提拉米苏,促销,17.6,20.0,0.0,是,https://img.pospal.cn/productImages/0/default/food_200x200.png,2604162038178,,否,2026-04-16 20:38:34
6042054,原麦出炉（二食堂）,广东省广州市从化区广从南路548号广州软件学院二食堂,13432312518      18319706225,餐饮行业,10:00-22:00,是,https://img.pospal.cn/storeLogo/6042054/74aedc30d65c48d2a87f834e6426824b.jpg,2.0,10.0,0.52,149673309783929159,斑斓大福,促销,12.76,14.5,0.0,是,https://img.pospal.cn/productImages/6042054/d0e90fe3-9282-4417-8633-28488c483656_200x200.png,2604162040553,,否,2026-04-16 20:41:31
6042054,原麦出炉（二食堂）,广东省广州市从化区广从南路548号广州软件学院二食堂,13432312518      18319706225,餐饮行业,10:00-22:00,是,https://img.pospal.cn/storeLogo/6042054/74aedc30d65c48d2a87f834e6426824b.jpg,2.0,10.0,0.52,951972216645094002,杨枝甘露,促销,12.76,14.5,0.0,是,https://img.pospal.cn/productImages/6042054/28f519fc-92a2-48f6-8ba8-60b433931411_200x200.png,2604162041499,,否,2026-04-16 20:42:25
6042054,原麦出炉（二食堂）,广东省广州市从化区广从南路548号广州软件学院二食堂,13432312518      18319706225,餐饮行业,10:00-22:00,是,https://img.pospal.cn/storeLogo/6042054/74aedc30d65c48d2a87f834e6426824b.jpg,2.0,10.0,0.52,114063364377838963,芋泥大福,促销,12.76,14.5,0.0,是,https://img.pospal.cn/productImages/6042054/500558ae-4767-45da-9899-80ecb0c6ad68_200x200.png,2604162042281,,否,2026-04-16 20:43:06
6042054,原麦出炉（二食堂）,广东省广州市从化区广从南路548号广州软件学院二食堂,13432312518      18319706225,餐饮行业,10:00-22:00,是,https://img.pospal.cn/storeLogo/6042054/74aedc30d65c48d2a87f834e6426824b.jpg,2.0,10.0,0.52,850730658420113370,巴斯克,促销,13.2,15.0,0.0,是,https://img.pospal.cn/productImages/6042054/ac2af40f-6f1b-4801-8e04-1a4f95c8e708_200x200.png,2604162043288,,否,2026-04-16 20:43:47
6042054,原麦出炉（二食堂）,广东省广州市从化区广从南路548号广州软件学院二食堂,13432312518      18319706225,餐饮行业,10:00-22:00,是,https://img.pospal.cn/storeLogo/6042054/74aedc30d65c48d2a87f834e6426824b.jpg,2.0,10.0,0.52,163895606025346280,奥巧蛋糕,促销,14.08,16.0,0.0,是,https://img.pospal.cn/productImages/6042054/9947116e-d827-4b5d-b84a-3b6b788d4e6c_200x200.png,2604162046197,,否,2026-04-16 20:46:33
6042054,原麦出炉（二食堂）,广东省广州市从化区广从南路548号广州软件学院二食堂,13432312518      18319706225,餐饮行业,10:00-22:00,是,https://img.pospal.cn/storeLogo/6042054/74aedc30d65c48d2a87f834e6426824b.jpg,2.0,10.0,0.52,217307855954349603,魔幻黑森林,促销,13.2,15.0,0.0,是,https://img.pospal.cn/productImages/6042054/43dee40d-5c13-4e2c-ac2e-ce4e17b262f4_200x200.png,2604162049372,,否,2026-04-16 20:50:10
6042054,原麦出炉（二食堂）,广东省广州市从化区广从南路548号广州软件学院二食堂,13432312518      18319706225,餐饮行业,10:00-22:00,是,https://img.pospal.cn/storeLogo/6042054/74aedc30d65c48d2a87f834e6426824b.jpg,2.0,10.0,0.52,498192019319857596,巧克力榛子,促销,13.2,15.0,0.0,是,https://img.pospal.cn/productImages/6042054/20e84538-e6df-45f5-852d-404e2d95e482_200x200.jpg,2604162050521,,否,2026-04-16 20:50:58
6042054,原麦出炉（二食堂）,广东省广州市从化区广从南路548号广州软件学院二食堂,13432312518      18319706225,餐饮行业,10:00-22:00,是,https://img.pospal.cn/storeLogo/6042054/74aedc30d65c48d2a87f834e6426824b.jpg,2.0,10.0,0.52,191649539378733441,脏脏卷,促销,15.84,18.0,0.0,是,https://img.pospal.cn/productImages/0/default/food_200x200.png,2604162051450,,否,2026-04-16 20:51:51
4542454,隆江猪脚饭&大众自选套餐（啡比店）,广东省广州市从化区太平镇广从南路548号内（菲比幸福107档）,13802725119,餐饮行业,09:05-20:34,是,https://img.pospal.cn/storeLogo/1dd48792-fa1d-4a65-92a1-91d4464ce7d9.jpg,0,0,0,1103590532843772303,猪脚饭+任选二菜,特          价         ！！  猪 脚 饭,14.0,14.0,9717.0,否,https://img.pospal.cn/productImages/4542454/3b38dffc-5afc-4b09-97b7-e5159870061a_200x200.jpg,2202261759071,,否,2022-02-26 17:59:51
4542454,隆江猪脚饭&大众自选套餐（啡比店）,广东省广州市从化区太平镇广从南路548号内（菲比幸福107档）,13802725119,餐饮行业,09:05-20:34,是,https://img.pospal.cn/storeLogo/1dd48792-fa1d-4a65-92a1-91d4464ce7d9.jpg,0,0,0,665429229223173896,猪脚饭+任选三菜,特          价         ！！  猪 脚 饭,16.0,16.0,9961.0,否,https://img.pospal.cn/productImages/4542454/826ca7db-3cd0-4560-95cf-dca269bf7f60_200x200.jpg,2202261759545,,否,2022-02-26 18:00:23
4542454,隆江猪脚饭&大众自选套餐（啡比店）,广东省广州市从化区太平镇广从南路548号内（菲比幸福107档）,13802725119,餐饮行业,09:05-20:34,是,https://img.pospal.cn/storeLogo/1dd48792-fa1d-4a65-92a1-91d4464ce7d9.jpg,0,0,0,203933523253705361,猪脚饭+任选四菜,特          价         ！！  猪 脚 饭,18.0,18.0,9996.0,否,https://img.pospal.cn/productImages/4542454/3797e8a0-2fb9-4204-baf5-006d71751044_200x200.jpg,2202261800261,,否,2022-02-26 18:00:56
4542454,隆江猪脚饭&大众自选套餐（啡比店）,广东省广州市从化区太平镇广从南路548号内（菲比幸福107档）,13802725119,餐饮行业,09:05-20:34,是,https://img.pospal.cn/storeLogo/1dd48792-fa1d-4a65-92a1-91d4464ce7d9.jpg,0,0,0,704832915296058950,猪脚饭+任选一菜,特          价         ！！  猪 脚 饭,12.0,12.0,9893.0,否,https://img.pospal.cn/productImages/4542454/36f2f0b2-0654-496c-bd20-7eb234971597_200x200.jpg,2311061116059,,否,2023-11-06 11:17:06
4542454,隆江猪脚饭&大众自选套餐（啡比店）,广东省广州市从化区太平镇广从南路548号内（菲比幸福107档）,13802725119,餐饮行业,09:05-20:34,是,https://img.pospal.cn/storeLogo/1dd48792-fa1d-4a65-92a1-91d4464ce7d9.jpg,0,0,0,945956321192583031,小炒肉丝+两菜,小炒肉丝,12.0,12.0,821.0,否,https://img.pospal.cn/productImages/4542454/a5e9baa8-22e0-4cf2-b966-e3af4466baba_200x200.jpg,2508311155511,,否,2025-08-31 11:55:55
4542454,隆江猪脚饭&大众自选套餐（啡比店）,广东省广州市从化区太平镇广从南路548号内（菲比幸福107档）,13802725119,餐饮行业,09:05-20:34,是,https://img.pospal.cn/storeLogo/1dd48792-fa1d-4a65-92a1-91d4464ce7d9.jpg,0,0,0,680707269136190178,小炒肉丝+三菜,小炒肉丝,14.0,14.0,986.0,否,https://img.pospal.cn/productImages/4542454/6abbdce7-4e57-49c9-9d47-a8a79e4891e0_200x200.jpg,2508311156099,,否,2025-08-31 11:56:38
4542454,隆江猪脚饭&大众自选套餐（啡比店）,广东省广州市从化区太平镇广从南路548号内（菲比幸福107档）,13802725119,餐饮行业,09:05-20:34,是,https://img.pospal.cn/storeLogo/1dd48792-fa1d-4a65-92a1-91d4464ce7d9.jpg,0,0,0,308512092132175433,小炒肉丝+四菜,小炒肉丝,16.0,16.0,998.0,否,https://img.pospal.cn/productImages/4542454/90e0594e-fe1d-4b4c-85e6-61955f131866_200x200.jpg,2508311217141,,否,2025-08-31 12:17:23
4542454,隆江猪脚饭&大众自选套餐（啡比店）,广东省广州市从化区太平镇广从南路548号内（菲比幸福107档）,13802725119,餐饮行业,09:05-20:34,是,https://img.pospal.cn/storeLogo/1dd48792-fa1d-4a65-92a1-91d4464ce7d9.jpg,0,0,0,1055066825673535966,小炒肉丝+一菜,小炒肉丝,10.0,10.0,888.0,否,https://img.pospal.cn/productImages/0/default/food_200x200.png,2511071516331,,否,2025-11-07 15:17:36
4542454,隆江猪脚饭&大众自选套餐（啡比店）,广东省广州市从化区太平镇广从南路548号内（菲比幸福107档）,13802725119,餐饮行业,09:05-20:34,是,https://img.pospal.cn/storeLogo/1dd48792-fa1d-4a65-92a1-91d4464ce7d9.jpg,0,0,0,34764097378982497,现煎鸡扒+两菜,现煎鸡扒,14.0,14.0,783.0,否,https://img.pospal.cn/productImages/4542454/c5ed8332-b042-4fb5-9e7c-1802535f2379_200x200.jpg,2508311131386,,否,2025-08-31 11:33:20
4542454,隆江猪脚饭&大众自选套餐（啡比店）,广东省广州市从化区太平镇广从南路548号内（菲比幸福107档）,13802725119,餐饮行业,09:05-20:34,是,https://img.pospal.cn/storeLogo/1dd48792-fa1d-4a65-92a1-91d4464ce7d9.jpg,0,0,0,1056395313512812080,现煎鸡扒+三菜,现煎鸡扒,16.0,16.0,935.0,否,https://img.pospal.cn/productImages/4542454/6b298bd8-9bbd-47ce-9110-b3799c12f9b4_200x200.jpg,2508311140227,,否,2025-08-31 11:42:43
4542454,隆江猪脚饭&大众自选套餐（啡比店）,广东省广州市从化区太平镇广从南路548号内（菲比幸福107档）,13802725119,餐饮行业,09:05-20:34,是,https://img.pospal.cn/storeLogo/1dd48792-fa1d-4a65-92a1-91d4464ce7d9.jpg,0,0,0,267499161093718976,现煎鸡扒+四菜,现煎鸡扒,18.0,18.0,982.0,否,https://img.pospal.cn/productImages/4542454/fbe9b609-a33e-4dd7-94a8-42c92e476d19_200x200.jpg,2508311211170,,否,2025-08-31 12:11:21
4542454,隆江猪脚饭&大众自选套餐（啡比店）,广东省广州市从化区太平镇广从南路548号内（菲比幸福107档）,13802725119,餐饮行业,09:05-20:34,是,https://img.pospal.cn/storeLogo/1dd48792-fa1d-4a65-92a1-91d4464ce7d9.jpg,0,0,0,216403483388588354,现煎鸡扒+一菜,现煎鸡扒,12.0,12.0,895.0,否,https://img.pospal.cn/productImages/4542454/eed24a93-2d42-4e1c-af9a-4d065163fed7_200x200.jpg,2511021212139,,否,2025-11-02 12:13:13
4542454,隆江猪脚饭&大众自选套餐（啡比店）,广东省广州市从化区太平镇广从南路548号内（菲比幸福107档）,13802725119,餐饮行业,09:05-20:34,是,https://img.pospal.cn/storeLogo/1dd48792-fa1d-4a65-92a1-91d4464ce7d9.jpg,0,0,0,911700344508992540,葱油捞鸡+两菜,葱油捞鸡,12.0,12.0,797.0,否,https://img.pospal.cn/productImages/4542454/a1aa7663-58b9-4670-8574-90d77798828f_200x200.jpg,2508311158017,,否,2025-08-31 11:58:03
4542454,隆江猪脚饭&大众自选套餐（啡比店）,广东省广州市从化区太平镇广从南路548号内（菲比幸福107档）,13802725119,餐饮行业,09:05-20:34,是,https://img.pospal.cn/storeLogo/1dd48792-fa1d-4a65-92a1-91d4464ce7d9.jpg,0,0,0,678052862199267990,葱油捞鸡+三菜,葱油捞鸡,14.0,14.0,966.0,否,https://img.pospal.cn/productImages/4542454/322a9c17-002b-408b-83cd-6cd83c508416_200x200.jpg,2508311158161,,否,2025-08-31 11:58:53
4542454,隆江猪脚饭&大众自选套餐（啡比店）,广东省广州市从化区太平镇广从南路548号内（菲比幸福107档）,13802725119,餐饮行业,09:05-20:34,是,https://img.pospal.cn/storeLogo/1dd48792-fa1d-4a65-92a1-91d4464ce7d9.jpg,0,0,0,469541567762464627,葱油捞鸡+四菜,葱油捞鸡,16.0,16.0,989.0,否,https://img.pospal.cn/productImages/4542454/a775b61c-8082-4692-bceb-d80035d1158b_200x200.jpg,2508311218247,,否,2025-08-31 12:18:26
4542454,隆江猪脚饭&大众自选套餐（啡比店）,广东省广州市从化区太平镇广从南路548号内（菲比幸福107档）,13802725119,餐饮行业,09:05-20:34,是,https://img.pospal.cn/storeLogo/1dd48792-fa1d-4a65-92a1-91d4464ce7d9.jpg,0,0,0,42112764551894495,葱油捞鸡+一菜,葱油捞鸡,10.0,10.0,973.0,否,https://img.pospal.cn/productImages/0/default/food_200x200.png,2511071517581,,否,2025-11-07 15:18:42
4542454,隆江猪脚饭&大众自选套餐（啡比店）,广东省广州市从化区太平镇广从南路548号内（菲比幸福107档）,13802725119,餐饮行业,09:05-20:34,是,https://img.pospal.cn/storeLogo/1dd48792-fa1d-4a65-92a1-91d4464ce7d9.jpg,0,0,0,700627965701821129,回锅肉+两菜,回锅肉,12.0,12.0,949.0,否,https://img.pospal.cn/productImages/4542454/719c6b51-b4a4-42be-9ecb-affc8d2537fa_200x200.jpg,2508311207210,,否,2025-08-31 12:07:22
4542454,隆江猪脚饭&大众自选套餐（啡比店）,广东省广州市从化区太平镇广从南路548号内（菲比幸福107档）,13802725119,餐饮行业,09:05-20:34,是,https://img.pospal.cn/storeLogo/1dd48792-fa1d-4a65-92a1-91d4464ce7d9.jpg,0,0,0,1058442925069869178,回锅肉+三菜,回锅肉,14.0,14.0,980.0,否,https://img.pospal.cn/productImages/4542454/9e6d6ace-db2e-4d20-81ff-8e282700358f_200x200.jpg,2508311207586,,否,2025-08-31 12:08:00
4542454,隆江猪脚饭&大众自选套餐（啡比店）,广东省广州市从化区太平镇广从南路548号内（菲比幸福107档）,13802725119,餐饮行业,09:05-20:34,是,https://img.pospal.cn/storeLogo/1dd48792-fa1d-4a65-92a1-91d4464ce7d9.jpg,0,0,0,905623338480290854,回锅肉+四菜,回锅肉,16.0,16.0,997.0,否,https://img.pospal.cn/productImages/4542454/57253104-c920-498c-a0cf-0b4501980eeb_200x200.jpg,2508311222268,,否,2025-08-31 12:22:27
4542454,隆江猪脚饭&大众自选套餐（啡比店）,广东省广州市从化区太平镇广从南路548号内（菲比幸福107档）,13802725119,餐饮行业,09:05-20:34,是,https://img.pospal.cn/storeLogo/1dd48792-fa1d-4a65-92a1-91d4464ce7d9.jpg,0,0,0,1052023030435047845,回锅肉+一菜,回锅肉,10.0,10.0,989.0,否,https://img.pospal.cn/productImages/0/default/food_200x200.png,2511071522172,,否,2025-11-07 15:23:14
4542454,隆江猪脚饭&大众自选套餐（啡比店）,广东省广州市从化区太平镇广从南路548号内（菲比幸福107档）,13802725119,餐饮行业,09:05-20:34,是,https://img.pospal.cn/storeLogo/1dd48792-fa1d-4a65-92a1-91d4464ce7d9.jpg,0,0,0,280107292271053219,香菇滑鸡+两菜,香菇滑鸡,12.0,12.0,868.0,否,https://img.pospal.cn/productImages/4542454/0577134a-c255-40cc-88d9-8f1ba25a6ebf_200x200.jpg,2508311151537,,否,2025-08-31 11:53:28
4542454,隆江猪脚饭&大众自选套餐（啡比店）,广东省广州市从化区太平镇广从南路548号内（菲比幸福107档）,13802725119,餐饮行业,09:05-20:34,是,https://img.pospal.cn/storeLogo/1dd48792-fa1d-4a65-92a1-91d4464ce7d9.jpg,0,0,0,808422084926407337,香菇滑鸡+三菜,香菇滑鸡,14.0,14.0,962.0,否,https://img.pospal.cn/productImages/4542454/e933075a-fe1f-4ede-8fe2-67d91bbff440_200x200.jpg,2508311154361,,否,2025-08-31 11:54:38
4542454,隆江猪脚饭&大众自选套餐（啡比店）,广东省广州市从化区太平镇广从南路548号内（菲比幸福107档）,13802725119,餐饮行业,09:05-20:34,是,https://img.pospal.cn/storeLogo/1dd48792-fa1d-4a65-92a1-91d4464ce7d9.jpg,0,0,0,379245255890303636,香菇滑鸡+四菜,香菇滑鸡,16.0,16.0,998.0,否,https://img.pospal.cn/productImages/4542454/d48fbf1f-4f48-42c5-8b86-f176e92ed097_200x200.jpg,2508311216014,,否,2025-08-31 12:16:03
4542454,隆江猪脚饭&大众自选套餐（啡比店）,广东省广州市从化区太平镇广从南路548号内（菲比幸福107档）,13802725119,餐饮行业,09:05-20:34,是,https://img.pospal.cn/storeLogo/1dd48792-fa1d-4a65-92a1-91d4464ce7d9.jpg,0,0,0,703984911129162053,香菇滑鸡+一菜,香菇滑鸡,10.0,10.0,962.0,否,https://img.pospal.cn/productImages/0/default/food_200x200.png,2511071514290,,否,2025-11-07 15:15:34
4542454,隆江猪脚饭&大众自选套餐（啡比店）,广东省广州市从化区太平镇广从南路548号内（菲比幸福107档）,13802725119,餐饮行业,09:05-20:34,是,https://img.pospal.cn/storeLogo/1dd48792-fa1d-4a65-92a1-91d4464ce7d9.jpg,0,0,0,99669299493167851,酱爆鸡丁+三菜,酱爆鸡丁,14.0,14.0,996.0,否,https://img.pospal.cn/productImages/4542454/13592222-2387-4ccf-a915-975a43e6a0fd_200x200.jpg,2508311148575,,否,2025-08-31 11:50:32
4542454,隆江猪脚饭&大众自选套餐（啡比店）,广东省广州市从化区太平镇广从南路548号内（菲比幸福107档）,13802725119,餐饮行业,09:05-20:34,是,https://img.pospal.cn/storeLogo/1dd48792-fa1d-4a65-92a1-91d4464ce7d9.jpg,0,0,0,443481272756026617,酱爆鸡丁+两菜,酱爆鸡丁,12.0,12.0,9970.0,否,https://img.pospal.cn/productImages/4542454/d2b48ba1-053b-4515-9a2d-37995669639d_200x200.jpg,2508311150394,,否,2025-08-31 11:51:35
4542454,隆江猪脚饭&大众自选套餐（啡比店）,广东省广州市从化区太平镇广从南路548号内（菲比幸福107档）,13802725119,餐饮行业,09:05-20:34,是,https://img.pospal.cn/storeLogo/1dd48792-fa1d-4a65-92a1-91d4464ce7d9.jpg,0,0,0,961227650490830864,酱爆鸡丁+四菜,酱爆鸡丁,16.0,16.0,985.0,否,https://img.pospal.cn/productImages/4542454/9a73e816-2507-4367-bb44-4b2fd5709a92_200x200.jpg,2508311214577,,否,2025-08-31 12:14:58
4542454,隆江猪脚饭&大众自选套餐（啡比店）,广东省广州市从化区太平镇广从南路548号内（菲比幸福107档）,13802725119,餐饮行业,09:05-20:34,是,https://img.pospal.cn/storeLogo/1dd48792-fa1d-4a65-92a1-91d4464ce7d9.jpg,0,0,0,830918342451434216,酱爆鸡丁+一菜,酱爆鸡丁,10.0,10.0,9849.0,否,https://img.pospal.cn/productImages/0/default/food_200x200.png,2511071507124,,否,2025-11-07 15:08:37
4542454,隆江猪脚饭&大众自选套餐（啡比店）,广东省广州市从化区太平镇广从南路548号内（菲比幸福107档）,13802725119,餐饮行业,09:05-20:34,是,https://img.pospal.cn/storeLogo/1dd48792-fa1d-4a65-92a1-91d4464ce7d9.jpg,0,0,0,845793447165553510,鸡腿饭+任选两菜,鸡腿饭,11.0,11.0,6355.0,否,https://img.pospal.cn/productImages/4542454/a87f1711-7edb-48cb-85a7-f9f774bd2f5b_200x200.png,2408251556242,,否,2024-08-25 15:56:47
4542454,隆江猪脚饭&大众自选套餐（啡比店）,广东省广州市从化区太平镇广从南路548号内（菲比幸福107档）,13802725119,餐饮行业,09:05-20:34,是,https://img.pospal.cn/storeLogo/1dd48792-fa1d-4a65-92a1-91d4464ce7d9.jpg,0,0,0,934886146047070610,鸡腿饭+任选三菜,鸡腿饭,13.0,13.0,9304.0,否,https://img.pospal.cn/productImages/4542454/c827b216-52d8-44d6-9c69-4c6773c4cda9_200x200.png,2408251556556,,否,2024-08-25 15:57:04
4542454,隆江猪脚饭&大众自选套餐（啡比店）,广东省广州市从化区太平镇广从南路548号内（菲比幸福107档）,13802725119,餐饮行业,09:05-20:34,是,https://img.pospal.cn/storeLogo/1dd48792-fa1d-4a65-92a1-91d4464ce7d9.jpg,0,0,0,87509570161419279,鸡腿饭+任选四菜,鸡腿饭,15.0,15.0,9940.0,否,https://img.pospal.cn/productImages/4542454/f449dbe1-c05b-406e-bf5e-d0d353b22a40_200x200.png,2408251557065,,否,2024-08-25 15:57:17
4542454,隆江猪脚饭&大众自选套餐（啡比店）,广东省广州市从化区太平镇广从南路548号内（菲比幸福107档）,13802725119,餐饮行业,09:05-20:34,是,https://img.pospal.cn/storeLogo/1dd48792-fa1d-4a65-92a1-91d4464ce7d9.jpg,0,0,0,1138228660433891832,鸡腿饭+任选一菜,鸡腿饭,9.0,9.0,9553.0,否,https://img.pospal.cn/productImages/4542454/98850102-a1d2-4e6b-886b-95a3fe0a3c4f_200x200.jpg,2511021131256,,否,2025-11-02 11:35:20
4542454,隆江猪脚饭&大众自选套餐（啡比店）,广东省广州市从化区太平镇广从南路548号内（菲比幸福107档）,13802725119,餐饮行业,09:05-20:34,是,https://img.pospal.cn/storeLogo/1dd48792-fa1d-4a65-92a1-91d4464ce7d9.jpg,0,0,0,822151823316417812,椒盐鸡丁+两菜,椒盐鸡丁,12.0,12.0,0.0,是,https://img.pospal.cn/productImages/4542454/33b61062-ad86-4d75-8d60-251ba0fe1b4b_200x200.jpg,2508311159120,,否,2025-08-31 11:59:53
4542454,隆江猪脚饭&大众自选套餐（啡比店）,广东省广州市从化区太平镇广从南路548号内（菲比幸福107档）,13802725119,餐饮行业,09:05-20:34,是,https://img.pospal.cn/storeLogo/1dd48792-fa1d-4a65-92a1-91d4464ce7d9.jpg,0,0,0,710203440824560461,椒盐鸡丁+三菜,椒盐鸡丁,14.0,14.0,0.0,是,https://img.pospal.cn/productImages/4542454/7a465c5d-53ea-443b-9e11-ee5cd7fd4e71_200x200.jpg,2508311200457,,否,2025-08-31 12:00:48
4542454,隆江猪脚饭&大众自选套餐（啡比店）,广东省广州市从化区太平镇广从南路548号内（菲比幸福107档）,13802725119,餐饮行业,09:05-20:34,是,https://img.pospal.cn/storeLogo/1dd48792-fa1d-4a65-92a1-91d4464ce7d9.jpg,0,0,0,291877720792190786,椒盐鸡丁+四菜,椒盐鸡丁,16.0,16.0,0.0,是,https://img.pospal.cn/productImages/4542454/e83e6df4-a8bb-47b0-984a-3a8327940e17_200x200.jpg,2508311218438,,否,2025-08-31 12:19:10
4542454,隆江猪脚饭&大众自选套餐（啡比店）,广东省广州市从化区太平镇广从南路548号内（菲比幸福107档）,13802725119,餐饮行业,09:05-20:34,是,https://img.pospal.cn/storeLogo/1dd48792-fa1d-4a65-92a1-91d4464ce7d9.jpg,0,0,0,256511246968016981,椒盐鸡丁+一菜,椒盐鸡丁,10.0,10.0,0.0,是,https://img.pospal.cn/productImages/0/default/food_200x200.png,2511071520048,,否,2025-11-07 15:20:47
4542454,隆江猪脚饭&大众自选套餐（啡比店）,广东省广州市从化区太平镇广从南路548号内（菲比幸福107档）,13802725119,餐饮行业,09:05-20:34,是,https://img.pospal.cn/storeLogo/1dd48792-fa1d-4a65-92a1-91d4464ce7d9.jpg,0,0,0,928634094551548629,冰红茶,回馈福利二选一,0.1,0.1,-1.0,是,https://img.pospal.cn/productImages/4542454/36d42ccd-f45f-4def-8b15-ce494eab168b_200x200.jpg,2512141142085,,否,2025-12-14 11:43:33
4542454,隆江猪脚饭&大众自选套餐（啡比店）,广东省广州市从化区太平镇广从南路548号内（菲比幸福107档）,13802725119,餐饮行业,09:05-20:34,是,https://img.pospal.cn/storeLogo/1dd48792-fa1d-4a65-92a1-91d4464ce7d9.jpg,0,0,0,629711188045962225,矿泉水,回馈福利二选一,0.1,0.1,0.0,是,https://img.pospal.cn/productImages/4542454/382ddd18-d6e3-40fe-84ad-00d38a64495d_200x200.jpg,2512141143372,,否,2025-12-14 11:44:25
4542454,隆江猪脚饭&大众自选套餐（啡比店）,广东省广州市从化区太平镇广从南路548号内（菲比幸福107档）,13802725119,餐饮行业,09:05-20:34,是,https://img.pospal.cn/storeLogo/1dd48792-fa1d-4a65-92a1-91d4464ce7d9.jpg,0,0,0,558758228342576673,现煎猪扒+两菜,现煎猪扒,14.0,14.0,967.0,否,https://img.pospal.cn/productImages/4542454/f840e80e-aa55-4db3-87a6-89c1e1a9445f_200x200.jpg,2508311144263,,否,2025-08-31 11:46:08
4542454,隆江猪脚饭&大众自选套餐（啡比店）,广东省广州市从化区太平镇广从南路548号内（菲比幸福107档）,13802725119,餐饮行业,09:05-20:34,是,https://img.pospal.cn/storeLogo/1dd48792-fa1d-4a65-92a1-91d4464ce7d9.jpg,0,0,0,540114172853787932,现煎猪扒+三菜,现煎猪扒,16.0,16.0,993.0,否,https://img.pospal.cn/productImages/4542454/7f8523df-28c5-42a2-9eda-4c316197d4eb_200x200.jpg,2508311146137,,否,2025-08-31 11:47:11
4542454,隆江猪脚饭&大众自选套餐（啡比店）,广东省广州市从化区太平镇广从南路548号内（菲比幸福107档）,13802725119,餐饮行业,09:05-20:34,是,https://img.pospal.cn/storeLogo/1dd48792-fa1d-4a65-92a1-91d4464ce7d9.jpg,0,0,0,836503326087447283,现煎猪扒+四菜,现煎猪扒,18.0,18.0,999.0,否,https://img.pospal.cn/productImages/4542454/2c26e987-3d42-493d-b37c-c12d843dfccb_200x200.jpg,2508311213587,,否,2025-08-31 12:13:59
4542454,隆江猪脚饭&大众自选套餐（啡比店）,广东省广州市从化区太平镇广从南路548号内（菲比幸福107档）,13802725119,餐饮行业,09:05-20:34,是,https://img.pospal.cn/storeLogo/1dd48792-fa1d-4a65-92a1-91d4464ce7d9.jpg,0,0,0,1056172926422370190,现煎猪扒+一菜,现煎猪扒,12.0,12.0,994.0,否,https://img.pospal.cn/productImages/4542454/4ece4b43-d982-495a-b29a-b9af0083dbe3_200x200.jpg,2511021216229,,否,2025-11-02 12:16:58
4542454,隆江猪脚饭&大众自选套餐（啡比店）,广东省广州市从化区太平镇广从南路548号内（菲比幸福107档）,13802725119,餐饮行业,09:05-20:34,是,https://img.pospal.cn/storeLogo/1dd48792-fa1d-4a65-92a1-91d4464ce7d9.jpg,0,0,0,1115393889264760988,鸭腿饭+任选两菜,鸭腿饭,12.0,15.0,0.0,是,https://img.pospal.cn/productImages/4542454/59546047-ed22-4134-9de8-9f9b3618fafc_200x200.png,2503151353431,,否,2025-03-15 13:55:06
4542454,隆江猪脚饭&大众自选套餐（啡比店）,广东省广州市从化区太平镇广从南路548号内（菲比幸福107档）,13802725119,餐饮行业,09:05-20:34,是,https://img.pospal.cn/storeLogo/1dd48792-fa1d-4a65-92a1-91d4464ce7d9.jpg,0,0,0,1023829357117997108,鸭腿饭+任选三菜,鸭腿饭,13.6,17.0,0.0,是,https://img.pospal.cn/productImages/4542454/57490e76-d90e-432f-a311-5cb642812c13_200x200.png,2503151355121,,否,2025-03-15 13:55:36
4542454,隆江猪脚饭&大众自选套餐（啡比店）,广东省广州市从化区太平镇广从南路548号内（菲比幸福107档）,13802725119,餐饮行业,09:05-20:34,是,https://img.pospal.cn/storeLogo/1dd48792-fa1d-4a65-92a1-91d4464ce7d9.jpg,0,0,0,1023244849479286526,鸭腿饭+一菜,鸭腿饭,10.0,10.0,0.0,是,https://img.pospal.cn/productImages/0/default/food_200x200.png,2511071529263,,否,2025-11-07 15:30:14
4542454,隆江猪脚饭&大众自选套餐（啡比店）,广东省广州市从化区太平镇广从南路548号内（菲比幸福107档）,13802725119,餐饮行业,09:05-20:34,是,https://img.pospal.cn/storeLogo/1dd48792-fa1d-4a65-92a1-91d4464ce7d9.jpg,0,0,0,1115393889264760988,鸭腿饭+任选两菜,促销,12.0,15.0,0.0,是,https://img.pospal.cn/productImages/4542454/59546047-ed22-4134-9de8-9f9b3618fafc_200x200.png,2503151353431,,否,2025-03-15 13:55:06
4542454,隆江猪脚饭&大众自选套餐（啡比店）,广东省广州市从化区太平镇广从南路548号内（菲比幸福107档）,13802725119,餐饮行业,09:05-20:34,是,https://img.pospal.cn/storeLogo/1dd48792-fa1d-4a65-92a1-91d4464ce7d9.jpg,0,0,0,1023829357117997108,鸭腿饭+任选三菜,促销,13.6,17.0,0.0,是,https://img.pospal.cn/productImages/4542454/57490e76-d90e-432f-a311-5cb642812c13_200x200.png,2503151355121,,否,2025-03-15 13:55:36
4542454,隆江猪脚饭&大众自选套餐（啡比店）,广东省广州市从化区太平镇广从南路548号内（菲比幸福107档）,13802725119,餐饮行业,09:05-20:34,是,https://img.pospal.cn/storeLogo/1dd48792-fa1d-4a65-92a1-91d4464ce7d9.jpg,0,0,0,448733496225712525,木耳炒肉片+两菜,木耳炒肉片,12.0,12.0,9478.0,否,https://img.pospal.cn/productImages/4542454/fc0cfe38-312f-42ce-9849-2fc3d431663f_200x200.png,2508311203090,,否,2025-08-31 12:03:10
4542454,隆江猪脚饭&大众自选套餐（啡比店）,广东省广州市从化区太平镇广从南路548号内（菲比幸福107档）,13802725119,餐饮行业,09:05-20:34,是,https://img.pospal.cn/storeLogo/1dd48792-fa1d-4a65-92a1-91d4464ce7d9.jpg,0,0,0,751191855481315701,木耳炒肉片+三菜,木耳炒肉片,14.0,14.0,9908.0,否,https://img.pospal.cn/productImages/4542454/ca2cef4c-6551-4fc5-a1cf-bec540b21bd1_200x200.png,2508311203519,,否,2025-08-31 12:03:52
4542454,隆江猪脚饭&大众自选套餐（啡比店）,广东省广州市从化区太平镇广从南路548号内（菲比幸福107档）,13802725119,餐饮行业,09:05-20:34,是,https://img.pospal.cn/storeLogo/1dd48792-fa1d-4a65-92a1-91d4464ce7d9.jpg,0,0,0,57525755366324514,木耳炒肉片+四菜,木耳炒肉片,16.0,16.0,9995.0,否,https://img.pospal.cn/productImages/4542454/8e2773c0-a7e4-432b-bca0-d14346d13f71_200x200.png,2508311219510,,否,2025-08-31 12:19:52
4542454,隆江猪脚饭&大众自选套餐（啡比店）,广东省广州市从化区太平镇广从南路548号内（菲比幸福107档）,13802725119,餐饮行业,09:05-20:34,是,https://img.pospal.cn/storeLogo/1dd48792-fa1d-4a65-92a1-91d4464ce7d9.jpg,0,0,0,1014409896637949637,木耳炒肉片+一菜,木耳炒肉片,10.0,10.0,874.0,否,https://img.pospal.cn/productImages/0/default/food_200x200.png,2511071521069,,否,2025-11-07 15:21:59
4542454,隆江猪脚饭&大众自选套餐（啡比店）,广东省广州市从化区太平镇广从南路548号内（菲比幸福107档）,13802725119,餐饮行业,09:05-20:34,是,https://img.pospal.cn/storeLogo/1dd48792-fa1d-4a65-92a1-91d4464ce7d9.jpg,0,0,0,168887527007508956,宫保鸡丁＋二菜,宫保鸡丁,12.0,12.0,0.0,是,https://img.pospal.cn/productImages/0/default/food_200x200.png,2509281102444,,否,2025-09-28 11:03:05
4542454,隆江猪脚饭&大众自选套餐（啡比店）,广东省广州市从化区太平镇广从南路548号内（菲比幸福107档）,13802725119,餐饮行业,09:05-20:34,是,https://img.pospal.cn/storeLogo/1dd48792-fa1d-4a65-92a1-91d4464ce7d9.jpg,0,0,0,834916275910845315,宫保鸡丁＋三菜,宫保鸡丁,14.0,14.0,0.0,是,https://img.pospal.cn/productImages/0/default/food_200x200.png,2509281103274,,否,2025-09-28 11:03:52
4542454,隆江猪脚饭&大众自选套餐（啡比店）,广东省广州市从化区太平镇广从南路548号内（菲比幸福107档）,13802725119,餐饮行业,09:05-20:34,是,https://img.pospal.cn/storeLogo/1dd48792-fa1d-4a65-92a1-91d4464ce7d9.jpg,0,0,0,932939444401677129,宫保鸡丁＋四菜,宫保鸡丁,16.0,16.0,0.0,是,https://img.pospal.cn/productImages/0/default/food_200x200.png,2509281104080,,否,2025-09-28 11:05:23
4542454,隆江猪脚饭&大众自选套餐（啡比店）,广东省广州市从化区太平镇广从南路548号内（菲比幸福107档）,13802725119,餐饮行业,09:05-20:34,是,https://img.pospal.cn/storeLogo/1dd48792-fa1d-4a65-92a1-91d4464ce7d9.jpg,0,0,0,497608088744307160,宫保鸡丁+一菜,宫保鸡丁,10.0,10.0,0.0,是,https://img.pospal.cn/productImages/0/default/food_200x200.png,2511071519004,,否,2025-11-07 15:19:51
4542454,隆江猪脚饭&大众自选套餐（啡比店）,广东省广州市从化区太平镇广从南路548号内（菲比幸福107档）,13802725119,餐饮行业,09:05-20:34,是,https://img.pospal.cn/storeLogo/1dd48792-fa1d-4a65-92a1-91d4464ce7d9.jpg,0,0,0,480301666356926502,小酥肉+两菜,小酥肉,12.0,12.0,0.0,是,https://img.pospal.cn/productImages/4542454/2bf3eab9-a30a-41e7-b8aa-0af2072e4aaf_200x200.jpg,2508311205018,,否,2025-08-31 12:05:04
4542454,隆江猪脚饭&大众自选套餐（啡比店）,广东省广州市从化区太平镇广从南路548号内（菲比幸福107档）,13802725119,餐饮行业,09:05-20:34,是,https://img.pospal.cn/storeLogo/1dd48792-fa1d-4a65-92a1-91d4464ce7d9.jpg,0,0,0,824034293981636620,小酥肉+三菜,小酥肉,14.0,14.0,0.0,是,https://img.pospal.cn/productImages/4542454/3cc68b5a-b77b-4b4b-9c90-89d7a60cb6a2_200x200.jpg,2508311206015,,否,2025-08-31 12:06:02
4542454,隆江猪脚饭&大众自选套餐（啡比店）,广东省广州市从化区太平镇广从南路548号内（菲比幸福107档）,13802725119,餐饮行业,09:05-20:34,是,https://img.pospal.cn/storeLogo/1dd48792-fa1d-4a65-92a1-91d4464ce7d9.jpg,0,0,0,670825470263406986,小酥肉+四菜,小酥肉,16.0,16.0,0.0,是,https://img.pospal.cn/productImages/4542454/bcffadfe-2411-4469-a7b8-b562592b33f3_200x200.jpg,2508311220394,,否,2025-08-31 12:20:40
4542454,隆江猪脚饭&大众自选套餐（啡比店）,广东省广州市从化区太平镇广从南路548号内（菲比幸福107档）,13802725119,餐饮行业,09:05-20:34,是,https://img.pospal.cn/storeLogo/1dd48792-fa1d-4a65-92a1-91d4464ce7d9.jpg,0,0,0,886023028062638560,小酥肉+一菜,小酥肉,10.0,10.0,0.0,是,https://img.pospal.cn/productImages/0/default/food_200x200.png,2511071523292,,否,2025-11-07 15:24:16
6042061,大众自选快餐（食堂一楼）,广东省广州市从化区广从南路548号广州软件学院,13570707081,餐饮行业,"16:30-18:20, 10:30-11:39",否,https://img.pospal.cn/storeLogo/6042061/dae80897ce4440c7be66841406247938.jpg,0,0,0,425395433782976340,一主食+两肉+三菜,减脂餐,11.0,11.0,9211.0,否,https://img.pospal.cn/productImages/6042061/9309efe2-ed53-4f41-9a68-2ef19e4e9d61_200x200.jpg,2604212323216,,否,2026-04-21 23:24:07
6042061,大众自选快餐（食堂一楼）,广东省广州市从化区广从南路548号广州软件学院,13570707081,餐饮行业,"16:30-18:20, 10:30-11:39",否,https://img.pospal.cn/storeLogo/6042061/dae80897ce4440c7be66841406247938.jpg,0,0,0,744329231006058206,1肉1小炒（配青菜米饭）,小炒,11.5,11.5,492.0,否,https://img.pospal.cn/productImages/6042061/77fd35f3-22e7-40ec-b208-444f00bdd52a_200x200.jpg,2604222317526,,否,2026-04-22 23:19:09
6042061,大众自选快餐（食堂一楼）,广东省广州市从化区广从南路548号广州软件学院,13570707081,餐饮行业,"16:30-18:20, 10:30-11:39",否,https://img.pospal.cn/storeLogo/6042061/dae80897ce4440c7be66841406247938.jpg,0,0,0,567373157570418698,1肉2小炒（配青菜米饭）,小炒,13.0,13.0,9770.0,否,https://img.pospal.cn/productImages/6042061/a7e25e55-7afb-48c0-a73b-856dc87c1c80_200x200.jpg,2604222320144,,否,2026-04-22 23:20:56
4924865,广软小二便民服务店,广东省广州市从化区广从南路548号,13660828910,零售行业,10:20-22:00,是,https://img.pospal.cn/storeLogo/e2cc0cdd-6e62-447b-9f47-0950a7d32849.png,2.0,10.0,0.69,625416116821775921,135G乐事薯片鸡汁番茄,休闲食品,14.8,14.8,0.0,是,https://img.pospal.cn/productImages/4924865/546c474e-f11f-48f9-9d57-cc8648bb452e_200x200.jpg,6924743924154,,否,2025-04-16 15:28:34
4924865,广软小二便民服务店,广东省广州市从化区广从南路548号,13660828910,零售行业,10:20-22:00,是,https://img.pospal.cn/storeLogo/e2cc0cdd-6e62-447b-9f47-0950a7d32849.png,2.0,10.0,0.69,724532705519868846,135G乐事薯片黄瓜味,休闲食品,14.8,14.8,0.0,是,https://img.pospal.cn/productImages/4924865/21bb11cd-c3dc-4787-994a-b56609706b5d_200x200.jpg,6924743924161,,否,2025-04-16 15:31:10
4924865,广软小二便民服务店,广东省广州市从化区广从南路548号,13660828910,零售行业,10:20-22:00,是,https://img.pospal.cn/storeLogo/e2cc0cdd-6e62-447b-9f47-0950a7d32849.png,2.0,10.0,0.69,1025479388969049899,135G乐事经典原味薯片,休闲食品,14.8,14.8,0.0,是,https://img.pospal.cn/productImages/4924865/e5261177-dd35-460c-94df-4aa46cd4fbc8_200x200.jpg,6924743924130,,否,2025-04-16 15:32:13
4924865,广软小二便民服务店,广东省广州市从化区广从南路548号,13660828910,零售行业,10:20-22:00,是,https://img.pospal.cn/storeLogo/e2cc0cdd-6e62-447b-9f47-0950a7d32849.png,2.0,10.0,0.69,469951732730225614,135G乐事薯片青柠味,休闲食品,14.8,14.8,0.0,是,https://img.pospal.cn/productImages/4924865/7a95a96d-c5d0-401e-9b91-b61427236c03_200x200.jpg,6924743924185,,否,2025-04-16 15:34:04
4924865,广软小二便民服务店,广东省广州市从化区广从南路548号,13660828910,零售行业,10:20-22:00,是,https://img.pospal.cn/storeLogo/e2cc0cdd-6e62-447b-9f47-0950a7d32849.png,2.0,10.0,0.69,59549522516261244,135G乐事薯片意大利香浓红烩味,休闲食品,14.8,14.8,0.0,是,https://img.pospal.cn/productImages/4924865/d351eb05-4c67-4371-ae04-74b3bbbf59eb_200x200.jpg,6924743924178,,否,2025-04-16 15:35:12
4924865,广软小二便民服务店,广东省广州市从化区广从南路548号,13660828910,零售行业,10:20-22:00,是,https://img.pospal.cn/storeLogo/e2cc0cdd-6e62-447b-9f47-0950a7d32849.png,2.0,10.0,0.69,430301378871047671,250ML阿华田特浓可可6连包,乳品,22.0,22.0,0.0,是,https://img.pospal.cn/productImages/4924865/6225e3f7-4abb-4653-9be6-29a4f12b6e77_200x200.jpg,690679583637,,否,2025-04-16 14:46:41
4924865,广软小二便民服务店,广东省广州市从化区广从南路548号,13660828910,零售行业,10:20-22:00,是,https://img.pospal.cn/storeLogo/e2cc0cdd-6e62-447b-9f47-0950a7d32849.png,2.0,10.0,0.69,1088608596834482463,燕塘纯牛奶250ml,乳品,4.0,4.0,0.0,是,https://img.pospal.cn/productImages/4924865/8de1875c-ce08-41ef-8759-569d721bd6b5_200x200.jpg,6906664822238,,否,2025-04-16 15:11:15
4924865,广软小二便民服务店,广东省广州市从化区广从南路548号,13660828910,零售行业,10:20-22:00,是,https://img.pospal.cn/storeLogo/e2cc0cdd-6e62-447b-9f47-0950a7d32849.png,2.0,10.0,0.69,273876941835455305,燕塘高钙牛奶,乳品,4.0,4.0,0.0,是,https://img.pospal.cn/productImages/4924865/aff71120-a7b7-4e3a-abad-2405d61ff25a_200x200.jpg,6906664822504,,否,2025-04-16 15:12:55
4924865,广软小二便民服务店,广东省广州市从化区广从南路548号,13660828910,零售行业,10:20-22:00,是,https://img.pospal.cn/storeLogo/e2cc0cdd-6e62-447b-9f47-0950a7d32849.png,2.0,10.0,0.69,115086348216791087,燕塘原味酸奶饮品,乳品,4.0,4.0,0.0,是,https://img.pospal.cn/productImages/4924865/99f021dc-09d3-4835-a2c2-645c4196364a_200x200.jpg,6906664822528,,否,2025-04-16 15:13:45
4924865,广软小二便民服务店,广东省广州市从化区广从南路548号,13660828910,零售行业,10:20-22:00,是,https://img.pospal.cn/storeLogo/e2cc0cdd-6e62-447b-9f47-0950a7d32849.png,2.0,10.0,0.69,589647136429734215,2L果缤纷热带味,酒水饮料,12.0,12.0,0.0,是,https://img.pospal.cn/productImages/4924865/34037ef6-6c73-429c-93b5-79a86de2f25e_200x200.jpg,2303071544113,,否,2023-03-07 15:44:52
4924865,广软小二便民服务店,广东省广州市从化区广从南路548号,13660828910,零售行业,10:20-22:00,是,https://img.pospal.cn/storeLogo/e2cc0cdd-6e62-447b-9f47-0950a7d32849.png,2.0,10.0,0.69,905722579706598238,2L百事可乐,酒水饮料,7.5,7.5,0.0,是,https://img.pospal.cn/productImages/4924865/1c364ae8-1e74-49d5-9ad4-6dfd4dae585c_200x200.jpg,2303071545127,,否,2023-03-07 15:45:42
4924865,广软小二便民服务店,广东省广州市从化区广从南路548号,13660828910,零售行业,10:20-22:00,是,https://img.pospal.cn/storeLogo/e2cc0cdd-6e62-447b-9f47-0950a7d32849.png,2.0,10.0,0.69,335053335832807872,2L七喜,酒水饮料,7.5,7.5,0.0,是,https://img.pospal.cn/productImages/4924865/b9927c81-7af6-4ffa-bbdc-8131d9b0428c_200x200.jpg,2303071545455,,否,2023-03-07 15:46:24
4924865,广软小二便民服务店,广东省广州市从化区广从南路548号,13660828910,零售行业,10:20-22:00,是,https://img.pospal.cn/storeLogo/e2cc0cdd-6e62-447b-9f47-0950a7d32849.png,2.0,10.0,0.69,422557217516818786,2L美年达,酒水饮料,7.5,7.5,0.0,是,https://img.pospal.cn/productImages/4924865/904e24a0-81ae-4fb5-b2ae-e105b2d77a9e_200x200.jpg,2303071546339,,否,2023-03-07 15:47:00
4924865,广软小二便民服务店,广东省广州市从化区广从南路548号,13660828910,零售行业,10:20-22:00,是,https://img.pospal.cn/storeLogo/e2cc0cdd-6e62-447b-9f47-0950a7d32849.png,2.0,10.0,0.69,997249400950247749,2L无糖百事可乐,酒水饮料,7.5,7.5,0.0,是,https://img.pospal.cn/productImages/4924865/a55a6fa4-54cb-449e-af26-210cf2419102_200x200.jpg,2303071547138,,否,2023-03-07 15:47:42
4924865,广软小二便民服务店,广东省广州市从化区广从南路548号,13660828910,零售行业,10:20-22:00,是,https://img.pospal.cn/storeLogo/e2cc0cdd-6e62-447b-9f47-0950a7d32849.png,2.0,10.0,0.69,267892269954839367,2L无糖百事青柠,酒水饮料,7.5,7.5,0.0,是,https://img.pospal.cn/productImages/4924865/4a961dd8-6418-4eee-a690-112b3b634aa7_200x200.jpg,2303071547503,,否,2023-03-07 15:48:38
4924865,广软小二便民服务店,广东省广州市从化区广从南路548号,13660828910,零售行业,10:20-22:00,是,https://img.pospal.cn/storeLogo/e2cc0cdd-6e62-447b-9f47-0950a7d32849.png,2.0,10.0,0.69,127779328905286459,1.5升统一阿萨姆奶茶,酒水饮料,12.0,12.0,0.0,是,https://img.pospal.cn/productImages/4924865/80a7d8ff-0fc7-4aae-8ce9-1875635213e1_200x200.jpg,2303071548524,,否,2023-03-07 15:49:19
4924865,广软小二便民服务店,广东省广州市从化区广从南路548号,13660828910,零售行业,10:20-22:00,是,https://img.pospal.cn/storeLogo/e2cc0cdd-6e62-447b-9f47-0950a7d32849.png,2.0,10.0,0.69,827472488360111811,1.25L果粒橙,酒水饮料,8.5,8.5,0.0,是,https://img.pospal.cn/productImages/4924865/89cbff40-1c87-4064-afbf-cd94878d79bb_200x200.jpg,2303071549309,,否,2023-03-07 15:50:07
4924865,广软小二便民服务店,广东省广州市从化区广从南路548号,13660828910,零售行业,10:20-22:00,是,https://img.pospal.cn/storeLogo/e2cc0cdd-6e62-447b-9f47-0950a7d32849.png,2.0,10.0,0.69,975470763973699624,2L可乐,酒水饮料,7.5,7.5,0.0,是,https://img.pospal.cn/productImages/4924865/a170ba7a-39cd-4ca7-9e6c-5bf781fbafca_200x200.jpg,2303071550114,,否,2023-03-07 15:50:48
4924865,广软小二便民服务店,广东省广州市从化区广从南路548号,13660828910,零售行业,10:20-22:00,是,https://img.pospal.cn/storeLogo/e2cc0cdd-6e62-447b-9f47-0950a7d32849.png,2.0,10.0,0.69,177015237545790777,2L雪碧,酒水饮料,7.5,7.5,0.0,是,https://img.pospal.cn/productImages/4924865/c31ad860-7282-40bb-bfe5-02baa2d8e30b_200x200.jpg,2303071550572,,否,2023-03-07 15:51:22
4924865,广软小二便民服务店,广东省广州市从化区广从南路548号,13660828910,零售行业,10:20-22:00,是,https://img.pospal.cn/storeLogo/e2cc0cdd-6e62-447b-9f47-0950a7d32849.png,2.0,10.0,0.69,567573670903843782,250ML维他港式奶茶6连包,酒水饮料,24.0,24.0,0.0,是,https://img.pospal.cn/productImages/4924865/5a1686da-4c8b-4ae6-bf02-873cc0273486_200x200.jpg,4891028708209,,否,2025-03-10 14:44:48
4924865,广软小二便民服务店,广东省广州市从化区广从南路548号,13660828910,零售行业,10:20-22:00,是,https://img.pospal.cn/storeLogo/e2cc0cdd-6e62-447b-9f47-0950a7d32849.png,2.0,10.0,0.69,682596995969806622,250ML维他奶原味6联包,酒水饮料,17.0,17.0,0.0,是,https://img.pospal.cn/productImages/4924865/fc00d573-b41b-49c1-ac7d-c7f11c98aeba_200x200.jpg,4891028664840,,否,2025-03-10 14:46:30
4924865,广软小二便民服务店,广东省广州市从化区广从南路548号,13660828910,零售行业,10:20-22:00,是,https://img.pospal.cn/storeLogo/e2cc0cdd-6e62-447b-9f47-0950a7d32849.png,2.0,10.0,0.69,1031419696635823237,统一阿萨姆奶茶,酒水饮料,12.0,12.0,0.0,是,https://img.pospal.cn/productImages/4924865/f7d8f5c5-a032-4c6e-9263-9855a1dca482_200x200.jpg,6925303739454,,否,2025-05-16 14:37:38
4924865,广软小二便民服务店,广东省广州市从化区广从南路548号,13660828910,零售行业,10:20-22:00,是,https://img.pospal.cn/storeLogo/e2cc0cdd-6e62-447b-9f47-0950a7d32849.png,2.0,10.0,0.69,789107139782065289,统一鲜橙多,酒水饮料,9.5,9.5,0.0,是,https://img.pospal.cn/productImages/4924865/454c8020-5409-4ca7-a2aa-d349c17d53db_200x200.jpg,6925303721244,,否,2025-05-16 14:42:18
4924865,广软小二便民服务店,广东省广州市从化区广从南路548号,13660828910,零售行业,10:20-22:00,是,https://img.pospal.cn/storeLogo/e2cc0cdd-6e62-447b-9f47-0950a7d32849.png,2.0,10.0,0.69,469550777031749895,统一冰红茶,酒水饮料,8.5,8.5,0.0,是,https://img.pospal.cn/productImages/4924865/1d265f8e-8ff8-4de2-852d-eccbb376f92e_200x200.jpg,6925303721688,,否,2025-05-16 14:43:12
4924865,广软小二便民服务店,广东省广州市从化区广从南路548号,13660828910,零售行业,10:20-22:00,是,https://img.pospal.cn/storeLogo/e2cc0cdd-6e62-447b-9f47-0950a7d32849.png,2.0,10.0,0.69,139245936218172100,750ML美汁源果粒橙,酒水饮料,6.0,6.0,0.0,是,https://img.pospal.cn/productImages/4924865/39d780dd-9059-48bf-b8ae-719fae0734ba_200x200.jpg,6975682480065,,否,2025-05-22 15:40:37
4924865,广软小二便民服务店,广东省广州市从化区广从南路548号,13660828910,零售行业,10:20-22:00,是,https://img.pospal.cn/storeLogo/e2cc0cdd-6e62-447b-9f47-0950a7d32849.png,2.0,10.0,0.69,727101670364610148,330ML摩登可乐1提6罐,酒水饮料,17.0,17.0,0.0,是,https://img.pospal.cn/productImages/4924865/8c91637a-473d-4e62-a738-d596faebe1d6_200x200.jpg,6928804014587,,否,2025-06-06 12:54:19
4924865,广软小二便民服务店,广东省广州市从化区广从南路548号,13660828910,零售行业,10:20-22:00,是,https://img.pospal.cn/storeLogo/e2cc0cdd-6e62-447b-9f47-0950a7d32849.png,2.0,10.0,0.69,568598279093355011,330ML摩登雪碧1提6罐,酒水饮料,17.0,17.0,0.0,是,https://img.pospal.cn/productImages/4924865/26e6a67b-d2c3-4ff5-b363-93c1ceb90d57_200x200.jpg,6928804015522,,否,2025-06-06 12:55:54
4924865,广软小二便民服务店,广东省广州市从化区广从南路548号,13660828910,零售行业,10:20-22:00,是,https://img.pospal.cn/storeLogo/e2cc0cdd-6e62-447b-9f47-0950a7d32849.png,2.0,10.0,0.69,368867166108846283,330ML摩登零度可乐1提6罐,酒水饮料,17.0,17.0,0.0,是,https://img.pospal.cn/productImages/4924865/3cdc01bc-72ad-4d51-9659-0714d804637f_200x200.jpg,6928804014631,,否,2025-06-06 12:58:43
4924865,广软小二便民服务店,广东省广州市从化区广从南路548号,13660828910,零售行业,10:20-22:00,是,https://img.pospal.cn/storeLogo/e2cc0cdd-6e62-447b-9f47-0950a7d32849.png,2.0,10.0,0.69,122328904307856536,330ML摩登芬达1提6罐,酒水饮料,17.0,17.0,0.0,是,https://img.pospal.cn/productImages/4924865/664dfe7e-58ef-4cfc-a547-074d04b0f238_200x200.jpg,6928804015546,,否,2025-06-06 13:00:09
4924865,广软小二便民服务店,广东省广州市从化区广从南路548号,13660828910,零售行业,10:20-22:00,是,https://img.pospal.cn/storeLogo/e2cc0cdd-6e62-447b-9f47-0950a7d32849.png,2.0,10.0,0.69,502571130247709805,冯管家抽绳垃圾袋（单卷装）,日用百货,8.5,8.5,0.0,是,https://img.pospal.cn/productImages/4924865/a2a4e1db-6d13-4f31-a1f0-57e768c0c827_200x200.jpg,6972716512679,,否,2025-05-16 15:35:54
4924865,广软小二便民服务店,广东省广州市从化区广从南路548号,13660828910,零售行业,10:20-22:00,是,https://img.pospal.cn/storeLogo/e2cc0cdd-6e62-447b-9f47-0950a7d32849.png,2.0,10.0,0.69,568719286626549071,冯管家航空杯,日用百货,4.0,4.0,0.0,是,https://img.pospal.cn/productImages/4924865/eaadaa3b-de07-4b87-a55b-5849c7366075_200x200.jpg,6972716510897,,否,2025-05-16 15:57:05
4924865,广软小二便民服务店,广东省广州市从化区广从南路548号,13660828910,零售行业,10:20-22:00,是,https://img.pospal.cn/storeLogo/e2cc0cdd-6e62-447b-9f47-0950a7d32849.png,2.0,10.0,0.69,930933046482252513,康师傅大食袋五连包（轻爽酸菜牛肉）,方便速食,16.5,16.5,0.0,是,https://img.pospal.cn/productImages/4924865/1493f93e-3901-4ecb-868e-e2a732773e95_200x200.jpg,2303071526546,,否,2023-03-07 15:27:57
4924865,广软小二便民服务店,广东省广州市从化区广从南路548号,13660828910,零售行业,10:20-22:00,是,https://img.pospal.cn/storeLogo/e2cc0cdd-6e62-447b-9f47-0950a7d32849.png,2.0,10.0,0.69,820970372890319024,康师傅大食袋五连包（藤椒牛肉）,方便速食,16.5,16.5,0.0,是,https://img.pospal.cn/productImages/4924865/3f96f8e5-598d-4763-b7e4-bb7fe7206860_200x200.jpg,2303071528090,,否,2023-03-07 15:28:49
4924865,广软小二便民服务店,广东省广州市从化区广从南路548号,13660828910,零售行业,10:20-22:00,是,https://img.pospal.cn/storeLogo/e2cc0cdd-6e62-447b-9f47-0950a7d32849.png,2.0,10.0,0.69,920347935328572010,康师傅大食袋五连包（番茄鸡蛋）,方便速食,16.5,16.5,0.0,是,https://img.pospal.cn/productImages/4924865/59577e3a-3359-4601-a7f9-a7d34e5b69f5_200x200.jpg,2303071528519,,否,2023-03-07 15:29:29
4924865,广软小二便民服务店,广东省广州市从化区广从南路548号,13660828910,零售行业,10:20-22:00,是,https://img.pospal.cn/storeLogo/e2cc0cdd-6e62-447b-9f47-0950a7d32849.png,2.0,10.0,0.69,897347702984548254,康师傅大食袋五连包（红烧牛肉）,方便速食,16.5,16.5,0.0,是,https://img.pospal.cn/productImages/4924865/253e99ed-ec0a-429f-b028-ec3d54669623_200x200.jpg,2303071529325,,否,2023-03-07 15:30:12
4924865,广软小二便民服务店,广东省广州市从化区广从南路548号,13660828910,零售行业,10:20-22:00,是,https://img.pospal.cn/storeLogo/e2cc0cdd-6e62-447b-9f47-0950a7d32849.png,2.0,10.0,0.69,360731328461322878,康师傅大食袋五连包（香辣牛肉）,方便速食,16.5,16.5,0.0,是,https://img.pospal.cn/productImages/4924865/4fc06a99-3a8b-45cd-8434-f71df7db50fa_200x200.jpg,2303071530253,,否,2023-03-07 15:30:53
4924865,广软小二便民服务店,广东省广州市从化区广从南路548号,13660828910,零售行业,10:20-22:00,是,https://img.pospal.cn/storeLogo/e2cc0cdd-6e62-447b-9f47-0950a7d32849.png,2.0,10.0,0.69,1039606476235212605,康师傅汤大师杯（酸辣叉烧）,方便速食,6.0,6.0,0.0,是,https://img.pospal.cn/productImages/4924865/c8e7da32-afa2-419a-ae6a-bbecf57cedfc_200x200.jpg,2303071531038,,否,2023-03-07 15:31:49
4924865,广软小二便民服务店,广东省广州市从化区广从南路548号,13660828910,零售行业,10:20-22:00,是,https://img.pospal.cn/storeLogo/e2cc0cdd-6e62-447b-9f47-0950a7d32849.png,2.0,10.0,0.69,983034383486643323,康师傅汤大师杯（番茄牛腩）,方便速食,6.0,6.0,0.0,是,https://img.pospal.cn/productImages/4924865/b41122a8-13b3-4077-9668-05d3a2f4ff2a_200x200.jpg,2303071531588,,否,2023-03-07 15:32:34
4924865,广软小二便民服务店,广东省广州市从化区广从南路548号,13660828910,零售行业,10:20-22:00,是,https://img.pospal.cn/storeLogo/e2cc0cdd-6e62-447b-9f47-0950a7d32849.png,2.0,10.0,0.69,549749668357558112,康师傅汤大师杯（日式豚骨）,方便速食,6.0,6.0,0.0,是,https://img.pospal.cn/productImages/4924865/a0c0a3c8-b746-4279-adeb-335e320972f9_200x200.jpg,2303071532448,,否,2023-03-07 15:33:20
4924865,广软小二便民服务店,广东省广州市从化区广从南路548号,13660828910,零售行业,10:20-22:00,是,https://img.pospal.cn/storeLogo/e2cc0cdd-6e62-447b-9f47-0950a7d32849.png,2.0,10.0,0.69,31837692358973400,康师傅汤大师杯（枸杞花胶）,方便速食,6.0,6.0,0.0,是,https://img.pospal.cn/productImages/4924865/f5f823f6-8d4a-4a59-adbd-f6bf0cbc5cf8_200x200.jpg,2303071533292,,否,2023-03-07 15:33:56
4924865,广软小二便民服务店,广东省广州市从化区广从南路548号,13660828910,零售行业,10:20-22:00,是,https://img.pospal.cn/storeLogo/e2cc0cdd-6e62-447b-9f47-0950a7d32849.png,2.0,10.0,0.69,391680324711524273,康师傅汤大师杯（瑶柱排骨）,方便速食,6.0,6.0,0.0,是,https://img.pospal.cn/productImages/4924865/bb6e21eb-4ad2-4b4c-9d3a-cb93cb36fa17_200x200.jpg,2303071534060,,否,2023-03-07 15:34:30
4924865,广软小二便民服务店,广东省广州市从化区广从南路548号,13660828910,零售行业,10:20-22:00,是,https://img.pospal.cn/storeLogo/e2cc0cdd-6e62-447b-9f47-0950a7d32849.png,2.0,10.0,0.69,992606112521560124,康师傅大食桶（红烧牛肉）,方便速食,6.0,6.0,0.0,是,https://img.pospal.cn/productImages/4924865/ae27e4a1-5912-4f14-9238-1178d2c0bf7d_200x200.jpg,2303071534398,,否,2023-03-07 15:35:14
4924865,广软小二便民服务店,广东省广州市从化区广从南路548号,13660828910,零售行业,10:20-22:00,是,https://img.pospal.cn/storeLogo/e2cc0cdd-6e62-447b-9f47-0950a7d32849.png,2.0,10.0,0.69,45805623622872000,康师傅大食桶（韩式辣牛肉）,方便速食,6.0,6.0,0.0,是,https://img.pospal.cn/productImages/4924865/d8749e4c-16f3-453d-9b14-d16b66e2a338_200x200.jpg,2303071535210,,否,2023-03-07 15:36:15
4924865,广软小二便民服务店,广东省广州市从化区广从南路548号,13660828910,零售行业,10:20-22:00,是,https://img.pospal.cn/storeLogo/e2cc0cdd-6e62-447b-9f47-0950a7d32849.png,2.0,10.0,0.69,939455387608654106,康师傅大食桶（轻爽酸菜牛肉）,方便速食,6.0,6.0,0.0,是,https://img.pospal.cn/productImages/4924865/cf229ea9-6d06-4f2d-a7fc-ee54312f30b2_200x200.jpg,2303071536286,,否,2023-03-07 15:36:53
4924865,广软小二便民服务店,广东省广州市从化区广从南路548号,13660828910,零售行业,10:20-22:00,是,https://img.pospal.cn/storeLogo/e2cc0cdd-6e62-447b-9f47-0950a7d32849.png,2.0,10.0,0.69,814725532637639096,康师傅大食桶（香菇炖鸡）,方便速食,6.0,6.0,0.0,是,https://img.pospal.cn/productImages/4924865/f4cae528-a4dc-4d6c-bc3c-4a1a3a83666d_200x200.jpg,2303071536552,,否,2023-03-07 15:37:31
4924865,广软小二便民服务店,广东省广州市从化区广从南路548号,13660828910,零售行业,10:20-22:00,是,https://img.pospal.cn/storeLogo/e2cc0cdd-6e62-447b-9f47-0950a7d32849.png,2.0,10.0,0.69,716187178895603103,康师傅大食桶（香辣牛肉）,方便速食,6.0,6.0,0.0,是,https://img.pospal.cn/productImages/4924865/554361c4-4ed4-46bd-ad96-422900a25deb_200x200.jpg,2303071537405,,否,2023-03-07 15:38:08
4924865,广软小二便民服务店,广东省广州市从化区广从南路548号,13660828910,零售行业,10:20-22:00,是,https://img.pospal.cn/storeLogo/e2cc0cdd-6e62-447b-9f47-0950a7d32849.png,2.0,10.0,0.69,5647354232884614,康师傅大食桶（藤椒牛肉）,方便速食,6.0,6.0,0.0,是,https://img.pospal.cn/productImages/4924865/0e11793d-73c5-492a-be6d-098467597f4c_200x200.jpg,2303071538167,,否,2023-03-07 15:38:43
4924865,广软小二便民服务店,广东省广州市从化区广从南路548号,13660828910,零售行业,10:20-22:00,是,https://img.pospal.cn/storeLogo/e2cc0cdd-6e62-447b-9f47-0950a7d32849.png,2.0,10.0,0.69,30850962129923783,康师傅大食桶（泡椒牛肉）,方便速食,6.0,6.0,0.0,是,https://img.pospal.cn/productImages/4924865/b1a8b1d2-ea68-402d-b5d3-3204fc8538db_200x200.jpg,2303071538464,,否,2023-03-07 15:39:23
4924865,广软小二便民服务店,广东省广州市从化区广从南路548号,13660828910,零售行业,10:20-22:00,是,https://img.pospal.cn/storeLogo/e2cc0cdd-6e62-447b-9f47-0950a7d32849.png,2.0,10.0,0.69,1025765826814865960,统一茄皇鸡蛋面桶面,方便速食,6.0,6.0,0.0,是,https://img.pospal.cn/productImages/4924865/19f660ea-036a-4121-9025-4d1f3ad8e4ae_200x200.jpg,6925303795214,,否,2025-04-16 15:42:19
4924865,广软小二便民服务店,广东省广州市从化区广从南路548号,13660828910,零售行业,10:20-22:00,是,https://img.pospal.cn/storeLogo/e2cc0cdd-6e62-447b-9f47-0950a7d32849.png,2.0,10.0,0.69,993258361738048641,统一茄皇牛肉面桶面,方便速食,6.0,6.0,0.0,是,https://img.pospal.cn/productImages/4924865/0eae617b-0177-43c1-8911-9594661e493c_200x200.jpg,6925303796426,,否,2025-04-16 15:43:40
4924865,广软小二便民服务店,广东省广州市从化区广从南路548号,13660828910,零售行业,10:20-22:00,是,https://img.pospal.cn/storeLogo/e2cc0cdd-6e62-447b-9f47-0950a7d32849.png,2.0,10.0,0.69,237183531542106778,汤达人酸酸辣辣大大杯,方便速食,7.0,7.0,0.0,是,https://img.pospal.cn/productImages/4924865/03b1f846-a784-4f19-9bf1-2febb1ed919d_200x200.jpg,6925303797478,,否,2025-04-16 15:47:15
4924865,广软小二便民服务店,广东省广州市从化区广从南路548号,13660828910,零售行业,10:20-22:00,是,https://img.pospal.cn/storeLogo/e2cc0cdd-6e62-447b-9f47-0950a7d32849.png,2.0,10.0,0.69,914669757012601354,汤达人日式豚骨大大杯,方便速食,7.0,7.0,0.0,是,https://img.pospal.cn/productImages/4924865/e340d920-1973-405e-8414-fefda53789a7_200x200.jpg,6925303797461,,否,2025-04-16 15:48:06
5708475,徕呷潮汕现炒牛肉饭（二食堂店）,广东省广州市从化区广从南路548号,13432029167,餐饮行业,"10:20-13:40, 16:20-19:40",是,https://img.pospal.cn/storeLogo/5708475/679d242100f34b9489526b89bd5354eb.png,2.0,10.0,0.87,1066621896437307308,招牌双拼丨潮汕鲜切牛肉饭,必吃爆款—????—,16.0,16.0,9279.0,否,https://img.pospal.cn/productImages/5708475/275b071a-5e1d-4585-88d2-e5ccf7d39e84_200x200.jpg,2609031455551,,否,2026-09-03 14:57:09
5708475,徕呷潮汕现炒牛肉饭（二食堂店）,广东省广州市从化区广从南路548号,13432029167,餐饮行业,"10:20-13:40, 16:20-19:40",是,https://img.pospal.cn/storeLogo/5708475/679d242100f34b9489526b89bd5354eb.png,2.0,10.0,0.87,178918653319970815,能量轻食丨高蛋白芥兰牛肉饭（低脂饱腹）,必吃爆款—????—,15.0,15.0,679.0,否,https://img.pospal.cn/productImages/5708475/b499563e-f1f7-477f-8329-c8391ac8bc41_200x200.jpg,2609031457227,,否,2026-09-03 14:57:45
5708475,徕呷潮汕现炒牛肉饭（二食堂店）,广东省广州市从化区广从南路548号,13432029167,餐饮行业,"10:20-13:40, 16:20-19:40",是,https://img.pospal.cn/storeLogo/5708475/679d242100f34b9489526b89bd5354eb.png,2.0,10.0,0.87,710730659549723782,经典匠心丨五香慢炖牛腩饭（软烂入味）,必吃爆款—????—,16.0,16.0,0.0,是,https://img.pospal.cn/productImages/5708475/92f20495-7c61-4b31-af57-2bec4eab8269_200x200.jpg,2609031459023,,否,2026-09-03 14:59:26
5708475,徕呷潮汕现炒牛肉饭（二食堂店）,广东省广州市从化区广从南路548号,13432029167,餐饮行业,"10:20-13:40, 16:20-19:40",是,https://img.pospal.cn/storeLogo/5708475/679d242100f34b9489526b89bd5354eb.png,2.0,10.0,0.87,364369313007653589,柔滑浓郁丨滑蛋牛肉饭（牛肉弹嫩）,港式风味—????—,18.0,18.0,72.0,否,https://img.pospal.cn/productImages/5708475/777d8219-9be4-4989-850c-fc16e5fc6df3_200x200.jpg,2609031527296,,否,2026-09-03 15:27:54
5708475,徕呷潮汕现炒牛肉饭（二食堂店）,广东省广州市从化区广从南路548号,13432029167,餐饮行业,"10:20-13:40, 16:20-19:40",是,https://img.pospal.cn/storeLogo/5708475/679d242100f34b9489526b89bd5354eb.png,2.0,10.0,0.87,277525272408904319,浓鲜碰撞丨香醇牛腩滑蛋饭（蛋滑汁浓）,港式风味—????—,20.0,20.0,0.0,是,https://img.pospal.cn/productImages/5708475/5c0d03af-e43e-4068-b2a4-914a9d6e4a2a_200x200.jpg,2609031523137,,否,2026-09-03 15:23:24
5708475,徕呷潮汕现炒牛肉饭（二食堂店）,广东省广州市从化区广从南路548号,13432029167,餐饮行业,"10:20-13:40, 16:20-19:40",是,https://img.pospal.cn/storeLogo/5708475/679d242100f34b9489526b89bd5354eb.png,2.0,10.0,0.87,543717752594898925,鲜甜滑嫩丨双鲜牛肉蟹柳滑蛋饭（蛋香浓郁）,港式风味—????—,20.0,20.0,0.0,是,https://img.pospal.cn/productImages/5708475/30bc09eb-cdc9-4534-8ab7-39279123572d_200x200.jpg,2609031523472,,否,2026-09-03 15:24:04
5708475,徕呷潮汕现炒牛肉饭（二食堂店）,广东省广州市从化区广从南路548号,13432029167,餐饮行业,"10:20-13:40, 16:20-19:40",是,https://img.pospal.cn/storeLogo/5708475/679d242100f34b9489526b89bd5354eb.png,2.0,10.0,0.87,570994896378858030,开胃爆款丨老坛酸菜牛肉饭（酸爽下饭）,牛肉精选—????—,15.0,15.0,748.0,否,https://img.pospal.cn/productImages/5708475/2f7bd94a-fb91-427f-a6cd-844ca3cf4e06_200x200.jpg,2609031504310,,否,2026-09-03 15:04:43
5708475,徕呷潮汕现炒牛肉饭（二食堂店）,广东省广州市从化区广从南路548号,13432029167,餐饮行业,"10:20-13:40, 16:20-19:40",是,https://img.pospal.cn/storeLogo/5708475/679d242100f34b9489526b89bd5354eb.png,2.0,10.0,0.87,937569346013354535,清热解腻丨咸香苦瓜牛肉饭（下火精选）,牛肉精选—????—,15.0,15.0,62.0,否,https://img.pospal.cn/productImages/5708475/7a68140c-0ae8-4782-b1ba-65b8b47bf703_200x200.jpg,2609031509070,,否,2026-09-03 15:09:20
5708475,徕呷潮汕现炒牛肉饭（二食堂店）,广东省广州市从化区广从南路548号,13432029167,餐饮行业,"10:20-13:40, 16:20-19:40",是,https://img.pospal.cn/storeLogo/5708475/679d242100f34b9489526b89bd5354eb.png,2.0,10.0,0.87,905135972691616614,香脆丨野山笋炒牛肉饭（嘎嘣脆）,牛肉精选—????—,15.0,15.0,771.0,否,https://img.pospal.cn/productImages/5708475/a6b682fe-89df-4d0e-ac73-15a629a3acb9_200x200.jpg,2609031509308,,否,2026-09-03 15:09:43
5708475,徕呷潮汕现炒牛肉饭（二食堂店）,广东省广州市从化区广从南路548号,13432029167,餐饮行业,"10:20-13:40, 16:20-19:40",是,https://img.pospal.cn/storeLogo/5708475/679d242100f34b9489526b89bd5354eb.png,2.0,10.0,0.87,441368164162150075,香辣过瘾丨青椒小炒牛肉饭（锅气十足）,牛肉精选—????—,15.0,15.0,3.0,否,https://img.pospal.cn/productImages/5708475/6a5f3f98-d280-4ed2-a245-a973f8b13316_200x200.jpg,2609031512100,,否,2026-09-03 15:12:20
5708475,徕呷潮汕现炒牛肉饭（二食堂店）,广东省广州市从化区广从南路548号,13432029167,餐饮行业,"10:20-13:40, 16:20-19:40",是,https://img.pospal.cn/storeLogo/5708475/679d242100f34b9489526b89bd5354eb.png,2.0,10.0,0.87,1015292643684975819,爽脆嫩滑丨土豆丝牛肉盖饭（脆嫩鲜香）,牛肉精选—????—,15.0,15.0,55.0,否,https://img.pospal.cn/productImages/5708475/df5e660a-1fef-4c76-b817-448eebdfb06c_200x200.jpg,2609031521294,,否,2026-09-03 15:21:40
5708475,徕呷潮汕现炒牛肉饭（二食堂店）,广东省广州市从化区广从南路548号,13432029167,餐饮行业,"10:20-13:40, 16:20-19:40",是,https://img.pospal.cn/storeLogo/5708475/679d242100f34b9489526b89bd5354eb.png,2.0,10.0,0.87,1136189349155167443,烈火牛肉饭丨湖南小炒香辣黄牛肉,牛肉精选—????—,15.0,15.0,778.0,否,https://img.pospal.cn/productImages/5708475/563bddf7-3895-4aa5-b24c-749dc28934f4_200x200.jpg,2609031521461,,否,2026-09-03 15:21:53
5708475,徕呷潮汕现炒牛肉饭（二食堂店）,广东省广州市从化区广从南路548号,13432029167,餐饮行业,"10:20-13:40, 16:20-19:40",是,https://img.pospal.cn/storeLogo/5708475/679d242100f34b9489526b89bd5354eb.png,2.0,10.0,0.87,564397628777207301,季节限定丨蘑菇牛肉饭（菌香醇厚）,牛肉精选—????—,15.0,15.0,11.0,否,https://img.pospal.cn/productImages/5708475/79ab178a-dbb1-4fe8-a490-574d35f4a925_200x200.jpg,2609031522154,,否,2026-09-03 15:22:22
5708475,徕呷潮汕现炒牛肉饭（二食堂店）,广东省广州市从化区广从南路548号,13432029167,餐饮行业,"10:20-13:40, 16:20-19:40",是,https://img.pospal.cn/storeLogo/5708475/679d242100f34b9489526b89bd5354eb.png,2.0,10.0,0.87,161060199410729267,活力拉满丨爆炒豆芽牛肉饭（清脆咸香）​,牛肉精选—????—,15.0,15.0,782.0,否,https://img.pospal.cn/productImages/5708475/dcd97469-0398-4e92-b1e8-87227f3b6593_200x200.jpg,2609031522475,,否,2026-09-03 15:22:55
5708475,徕呷潮汕现炒牛肉饭（二食堂店）,广东省广州市从化区广从南路548号,13432029167,餐饮行业,"10:20-13:40, 16:20-19:40",是,https://img.pospal.cn/storeLogo/5708475/679d242100f34b9489526b89bd5354eb.png,2.0,10.0,0.87,610670597100107042,奢华加肉丨潮汕鲜切牛肉50g,小吃加料—????—,6.0,6.0,9964.0,否,https://img.pospal.cn/productImages/5708475/64d9417f-2095-4749-91b7-427cd78dab01_200x200.jpg,2609031541049,,否,2026-09-03 15:41:30
5708475,徕呷潮汕现炒牛肉饭（二食堂店）,广东省广州市从化区广从南路548号,13432029167,餐饮行业,"10:20-13:40, 16:20-19:40",是,https://img.pospal.cn/storeLogo/5708475/679d242100f34b9489526b89bd5354eb.png,2.0,10.0,0.87,31665452247676311,肉感加倍丨原味爽口猪肉50g,小吃加料—????—,4.0,4.0,9986.0,否,https://img.pospal.cn/productImages/5708475/59998d33-2914-4878-97d7-5196ae5f9501_200x200.jpg,2609031541391,,否,2026-09-03 15:41:55
5708475,徕呷潮汕现炒牛肉饭（二食堂店）,广东省广州市从化区广从南路548号,13432029167,餐饮行业,"10:20-13:40, 16:20-19:40",是,https://img.pospal.cn/storeLogo/5708475/679d242100f34b9489526b89bd5354eb.png,2.0,10.0,0.87,1082747313942059713,牛腩50g,小吃加料—????—,8.0,8.0,9991.0,否,https://img.pospal.cn/productImages/5708475/329081df-fce5-4b23-9cee-a75c7f6ebc7a_200x200.jpg,2609031542022,,否,2026-09-03 15:42:25
5708475,徕呷潮汕现炒牛肉饭（二食堂店）,广东省广州市从化区广从南路548号,13432029167,餐饮行业,"10:20-13:40, 16:20-19:40",是,https://img.pospal.cn/storeLogo/5708475/679d242100f34b9489526b89bd5354eb.png,2.0,10.0,0.87,1111949805687017363,卤鸡腿,小吃加料—????—,6.0,6.0,-1.0,是,https://img.pospal.cn/productImages/5708475/e3e57f03-2f1a-4e12-8c82-a7fa47f193d9_200x200.jpg,2609031539299,,否,2026-09-03 15:40:02
5708475,徕呷潮汕现炒牛肉饭（二食堂店）,广东省广州市从化区广从南路548号,13432029167,餐饮行业,"10:20-13:40, 16:20-19:40",是,https://img.pospal.cn/storeLogo/5708475/679d242100f34b9489526b89bd5354eb.png,2.0,10.0,0.87,900946717229714585,卤蛋,小吃加料—????—,2.0,2.0,0.0,是,https://img.pospal.cn/productImages/5708475/7f7ffc3f-9d87-46e4-abd8-66435de69e82_200x200.jpg,2609031540080,,否,2026-09-03 15:40:31
5708475,徕呷潮汕现炒牛肉饭（二食堂店）,广东省广州市从化区广从南路548号,13432029167,餐饮行业,"10:20-13:40, 16:20-19:40",是,https://img.pospal.cn/storeLogo/5708475/679d242100f34b9489526b89bd5354eb.png,2.0,10.0,0.87,904150387878033762,潮汕招牌丨湿炒牛肉粿条（镬气十足）,猛火爆炒—????—,20.0,20.0,1.0,否,https://img.pospal.cn/productImages/5708475/c67af0e8-5c8d-4328-870d-f42fbb42db6a_200x200.jpg,2609031535208,,否,2026-09-03 15:35:34
5708475,徕呷潮汕现炒牛肉饭（二食堂店）,广东省广州市从化区广从南路548号,13432029167,餐饮行业,"10:20-13:40, 16:20-19:40",是,https://img.pospal.cn/storeLogo/5708475/679d242100f34b9489526b89bd5354eb.png,2.0,10.0,0.87,374600184051781762,潮汕风味丨干炒牛肉粿条（正宗好吃）,猛火爆炒—????—,18.0,18.0,4.0,否,https://img.pospal.cn/productImages/5708475/ceb75e3d-cba1-4dee-a4c1-495de43b6fc2_200x200.jpg,2609031536236,,否,2026-09-03 15:36:32
5708475,徕呷潮汕现炒牛肉饭（二食堂店）,广东省广州市从化区广从南路548号,13432029167,餐饮行业,"10:20-13:40, 16:20-19:40",是,https://img.pospal.cn/storeLogo/5708475/679d242100f34b9489526b89bd5354eb.png,2.0,10.0,0.87,125315216938011663,家常热卖丨牛肉炒饭（锅气香浓）,猛火爆炒—????—,18.0,18.0,4.0,否,https://img.pospal.cn/productImages/5708475/46bfd8b1-e2e1-44fd-bea3-ac3ab85ee1a0_200x200.jpg,2609031536571,,否,2026-09-03 15:37:06
5708475,徕呷潮汕现炒牛肉饭（二食堂店）,广东省广州市从化区广从南路548号,13432029167,餐饮行业,"10:20-13:40, 16:20-19:40",是,https://img.pospal.cn/storeLogo/5708475/679d242100f34b9489526b89bd5354eb.png,2.0,10.0,0.87,896285678381814524,开胃爆款丨猪肉炒粿条（鲜香够味),猛火爆炒—????—,13.0,13.0,3.0,否,https://img.pospal.cn/productImages/5708475/95a7e02e-c3d6-4b32-ac96-c8183e072555_200x200.jpg,2609031537158,,否,2026-09-03 15:37:25
5708475,徕呷潮汕现炒牛肉饭（二食堂店）,广东省广州市从化区广从南路548号,13432029167,餐饮行业,"10:20-13:40, 16:20-19:40",是,https://img.pospal.cn/storeLogo/5708475/679d242100f34b9489526b89bd5354eb.png,2.0,10.0,0.87,815831563507061817,猛火爆炒丨猪肉炒饭（锅气十足）,猛火爆炒—????—,11.0,11.0,3.0,否,https://img.pospal.cn/productImages/5708475/733138ea-e0fa-4d62-86e1-5205ecd8bdf0_200x200.jpg,2609031539060,,否,2026-09-03 15:39:14
5708475,徕呷潮汕现炒牛肉饭（二食堂店）,广东省广州市从化区广从南路548号,13432029167,餐饮行业,"10:20-13:40, 16:20-19:40",是,https://img.pospal.cn/storeLogo/5708475/679d242100f34b9489526b89bd5354eb.png,2.0,10.0,0.87,227773004629602163,酸甜开胃丨番茄牛肉炒蛋饭（汁浓下饭）,猛火爆炒—????—,14.0,14.0,0.0,是,https://img.pospal.cn/productImages/5708475/1097d0d4-5731-46f1-8364-4f0d96194b0a_200x200.jpg,2609031538513,,否,2026-09-03 15:39:02
5708475,徕呷潮汕现炒牛肉饭（二食堂店）,广东省广州市从化区广从南路548号,13432029167,餐饮行业,"10:20-13:40, 16:20-19:40",是,https://img.pospal.cn/storeLogo/5708475/679d242100f34b9489526b89bd5354eb.png,2.0,10.0,0.87,126621432780607425,饭类伴侣丨0.5元购半颗卤蛋,福利放送—????—,0.5,0.5,-4.0,是,https://img.pospal.cn/productImages/5708475/57b3cb56-bf48-46bf-8050-f12844f68636_200x200.jpg,2609031501326,,否,2026-09-03 15:02:25
5708475,徕呷潮汕现炒牛肉饭（二食堂店）,广东省广州市从化区广从南路548号,13432029167,餐饮行业,"10:20-13:40, 16:20-19:40",是,https://img.pospal.cn/storeLogo/5708475/679d242100f34b9489526b89bd5354eb.png,2.0,10.0,0.87,927884070423069576,卤香入味丨秘制香干（咸香超解馋）,福利放送—????—,1.2,1.2,0.0,是,https://img.pospal.cn/productImages/5708475/3f6306c9-c715-46b3-b215-dc4d1f515eb1_200x200.jpg,2609031502378,,否,2026-09-03 15:02:47
5708475,徕呷潮汕现炒牛肉饭（二食堂店）,广东省广州市从化区广从南路548号,13432029167,餐饮行业,"10:20-13:40, 16:20-19:40",是,https://img.pospal.cn/storeLogo/5708475/679d242100f34b9489526b89bd5354eb.png,2.0,10.0,0.87,583675855699594763,煎蛋,福利放送—????—,2.5,2.5,-1.0,是,https://img.pospal.cn/productImages/5708475/dc800f11-c90e-4260-8122-b87d60d02f16_200x200.jpg,2609031504068,,否,2026-09-03 15:04:23
5708475,徕呷潮汕现炒牛肉饭（二食堂店）,广东省广州市从化区广从南路548号,13432029167,餐饮行业,"10:20-13:40, 16:20-19:40",是,https://img.pospal.cn/storeLogo/5708475/679d242100f34b9489526b89bd5354eb.png,2.0,10.0,0.87,885775297734551469,鲜香下饭丨酸菜猪肉盖饭（酸爽够味）,猪肉精选—????—,12.0,12.0,9898.0,否,https://img.pospal.cn/productImages/5708475/c27858a4-92df-4032-a432-8da46128a997_200x200.jpg,2609031530500,,否,2026-09-03 15:31:05
5708475,徕呷潮汕现炒牛肉饭（二食堂店）,广东省广州市从化区广从南路548号,13432029167,餐饮行业,"10:20-13:40, 16:20-19:40",是,https://img.pospal.cn/storeLogo/5708475/679d242100f34b9489526b89bd5354eb.png,2.0,10.0,0.87,550572232863802863,鲜脆爽口丨芥兰猪肉盖饭（清淡入味）,猪肉精选—????—,12.0,12.0,9922.0,否,https://img.pospal.cn/productImages/5708475/7b8e49a6-feef-45ff-8465-5dbcd624e60b_200x200.jpg,2609031532269,,否,2026-09-03 15:32:35
5708475,徕呷潮汕现炒牛肉饭（二食堂店）,广东省广州市从化区广从南路548号,13432029167,餐饮行业,"10:20-13:40, 16:20-19:40",是,https://img.pospal.cn/storeLogo/5708475/679d242100f34b9489526b89bd5354eb.png,2.0,10.0,0.87,626694558507991516,鲜香回甘丨苦瓜猪肉盖饭（清淡实在）,猪肉精选—????—,12.0,12.0,785.0,否,https://img.pospal.cn/productImages/5708475/f57f8c24-2ad0-4371-b6e8-e6f41e28d644_200x200.jpg,2609031532450,,否,2026-09-03 15:32:56
4672351,广软肯德基（二食堂店）,广东省广州市广软学院新食堂一楼,181 4282 5326,餐饮行业,10:30-20:30,是,https://img.pospal.cn/storeLogo/3a5f7a15-4849-4a83-a924-9810c57ecbf8.jpg,2.0,0.0,0.69,476562688039119885,可提前下单，备注取餐时间,购买须知,99999999.0,99999999.0,9997.0,否,https://img.pospal.cn/productImages/4672351/3f1bf5a4-f8fb-4fc0-af5e-495900e208f0_200x200.jpg,2510292232150,,是,2025-10-29 22:32:49
4672351,广软肯德基（二食堂店）,广东省广州市广软学院新食堂一楼,181 4282 5326,餐饮行业,10:30-20:30,是,https://img.pospal.cn/storeLogo/3a5f7a15-4849-4a83-a924-9810c57ecbf8.jpg,2.0,0.0,0.69,303215173924622868,高峰期集中进单，出餐速度和效率变慢，建议提前下单,购买须知,99999999.0,99999999.0,999.0,否,https://img.pospal.cn/productImages/4672351/000b9152-e8ba-4147-8fcd-ad3d90915535_200x200.jpg,2510292232556,,是,2025-10-29 22:33:59
4672351,广软肯德基（二食堂店）,广东省广州市广软学院新食堂一楼,181 4282 5326,餐饮行业,10:30-20:30,是,https://img.pospal.cn/storeLogo/3a5f7a15-4849-4a83-a924-9810c57ecbf8.jpg,2.0,0.0,0.69,190041270376337974,疯四活动火爆，部分商品需要等待，介意者谨慎选择,购买须知,99999999.0,99999999.0,999.0,否,https://img.pospal.cn/productImages/4672351/3aee1d79-ad86-4eb3-8574-4334730e3204_200x200.jpg,2510292236530,,是,2025-10-29 22:37:28
4672351,广软肯德基（二食堂店）,广东省广州市广软学院新食堂一楼,181 4282 5326,餐饮行业,10:30-20:30,是,https://img.pospal.cn/storeLogo/3a5f7a15-4849-4a83-a924-9810c57ecbf8.jpg,2.0,0.0,0.69,507614539814950893,"11-13,17-19时间下单的同学，餐点均需等待，介意慎点",购买须知,99999999.0,99999999.0,999.0,否,https://img.pospal.cn/productImages/4672351/b1f31018-038f-4476-aac4-df0841dd3d5c_200x200.jpg,2510292238053,,是,2025-10-29 22:39:06
4672351,广软肯德基（二食堂店）,广东省广州市广软学院新食堂一楼,181 4282 5326,餐饮行业,10:30-20:30,是,https://img.pospal.cn/storeLogo/3a5f7a15-4849-4a83-a924-9810c57ecbf8.jpg,2.0,0.0,0.69,733955564863517801,工作日三件套19.9¥/周末四件套29.9¥,购买须知,999999.0,999999.0,0.0,是,https://img.pospal.cn/productImages/4672351/eb0ef538-8984-410d-bc44-cc55106fe225_200x200.jpg,2608311453140,,是,2026-08-31 14:53:57
4672351,广软肯德基（二食堂店）,广东省广州市广软学院新食堂一楼,181 4282 5326,餐饮行业,10:30-20:30,是,https://img.pospal.cn/storeLogo/3a5f7a15-4849-4a83-a924-9810c57ecbf8.jpg,2.0,0.0,0.69,293144731482909882,汁汁双层嫩牛堡（美式风味）,主食,21.5,21.5,19.0,否,https://img.pospal.cn/productImages/4672351/ccc884c7-bb55-49d5-a8e0-ae335e7ffd4b_200x200.png,2608283000014,,否,2026-08-28 21:25:09
4672351,广软肯德基（二食堂店）,广东省广州市广软学院新食堂一楼,181 4282 5326,餐饮行业,10:30-20:30,是,https://img.pospal.cn/storeLogo/3a5f7a15-4849-4a83-a924-9810c57ecbf8.jpg,2.0,0.0,0.69,830331380977780962,汁汁嫩牛堡,主食,18.0,18.0,20.0,否,https://img.pospal.cn/productImages/4672351/7bff8697-bc5f-4aab-9772-fffc40fc8b4e_200x200.png,2608283000090,,否,2026-08-28 21:25:09
4672351,广软肯德基（二食堂店）,广东省广州市广软学院新食堂一楼,181 4282 5326,餐饮行业,10:30-20:30,是,https://img.pospal.cn/storeLogo/3a5f7a15-4849-4a83-a924-9810c57ecbf8.jpg,2.0,0.0,0.69,216018314352191705,滋滋YES烤鸡腿堡,主食,18.5,18.5,996.0,否,https://img.pospal.cn/productImages/4672351/10e9085c-db88-41c5-a48e-b1fac6a96893_200x200.png,2608283000243,,否,2026-08-28 21:25:09
4672351,广软肯德基（二食堂店）,广东省广州市广软学院新食堂一楼,181 4282 5326,餐饮行业,10:30-20:30,是,https://img.pospal.cn/storeLogo/3a5f7a15-4849-4a83-a924-9810c57ecbf8.jpg,2.0,0.0,0.69,371393734074259406,香辣鸡腿堡（辣）,主食,20.5,20.5,100.0,否,https://img.pospal.cn/productImages/4672351/69f77f95-69d2-45a5-85de-5bf6e4a737af_200x200.png,2608283000311,,否,2026-08-28 21:25:09
4672351,广软肯德基（二食堂店）,广东省广州市广软学院新食堂一楼,181 4282 5326,餐饮行业,10:30-20:30,是,https://img.pospal.cn/storeLogo/3a5f7a15-4849-4a83-a924-9810c57ecbf8.jpg,2.0,0.0,0.69,857004895985262522,老北京鸡肉卷,主食,18.5,18.5,10.0,否,https://img.pospal.cn/productImages/4672351/6e51736f-71e0-4af3-8c03-f79f37199042_200x200.png,2608283000472,,否,2026-08-28 21:25:09
4672351,广软肯德基（二食堂店）,广东省广州市广软学院新食堂一楼,181 4282 5326,餐饮行业,10:30-20:30,是,https://img.pospal.cn/storeLogo/3a5f7a15-4849-4a83-a924-9810c57ecbf8.jpg,2.0,0.0,0.69,449475632141477904,黄金SPA鸡排堡（藤椒风味）,主食,18.5,18.5,0.0,是,https://img.pospal.cn/productImages/4672351/64a8816b-5d7f-4574-8f4c-fe14649ffccb_200x200.png,2608283000175,,否,2026-08-28 21:25:09
4672351,广软肯德基（二食堂店）,广东省广州市广软学院新食堂一楼,181 4282 5326,餐饮行业,10:30-20:30,是,https://img.pospal.cn/storeLogo/3a5f7a15-4849-4a83-a924-9810c57ecbf8.jpg,2.0,0.0,0.69,797142919591042882,新奥尔良鸡腿堡,主食,21.0,21.0,0.0,是,https://img.pospal.cn/productImages/4672351/c13d9781-d577-4230-803b-301abd452391_200x200.png,2608283000397,,否,2026-08-28 21:25:09
4672351,广软肯德基（二食堂店）,广东省广州市广软学院新食堂一楼,181 4282 5326,餐饮行业,10:30-20:30,是,https://img.pospal.cn/storeLogo/3a5f7a15-4849-4a83-a924-9810c57ecbf8.jpg,2.0,0.0,0.69,153298079821615690,外送打包费0.5,自选,0.5,0.5,9999.0,否,https://img.pospal.cn/productImages/0/default/food_200x200.png,2608292351145,,是,2026-08-29 23:52:33
4672351,广软肯德基（二食堂店）,广东省广州市广软学院新食堂一楼,181 4282 5326,餐饮行业,10:30-20:30,是,https://img.pospal.cn/storeLogo/3a5f7a15-4849-4a83-a924-9810c57ecbf8.jpg,2.0,0.0,0.69,820631673736850738,外送打包费1,自选,1.0,1.0,99834.0,否,https://img.pospal.cn/productImages/0/default/food_200x200.png,2608292352388,,是,2026-08-29 23:52:57
4672351,广软肯德基（二食堂店）,广东省广州市广软学院新食堂一楼,181 4282 5326,餐饮行业,10:30-20:30,是,https://img.pospal.cn/storeLogo/3a5f7a15-4849-4a83-a924-9810c57ecbf8.jpg,2.0,0.0,0.69,151897989424227986,外送打包费1.5,自选,1.5,1.5,9906.0,否,https://img.pospal.cn/productImages/0/default/food_200x200.png,2608292353149,,是,2026-08-29 23:53:33
4672351,广软肯德基（二食堂店）,广东省广州市广软学院新食堂一楼,181 4282 5326,餐饮行业,10:30-20:30,是,https://img.pospal.cn/storeLogo/3a5f7a15-4849-4a83-a924-9810c57ecbf8.jpg,2.0,0.0,0.69,1067218444559355328,外送打包费2,自选,2.0,2.0,9999.0,否,https://img.pospal.cn/productImages/0/default/food_200x200.png,2608292353521,,是,2026-08-29 23:54:08
4672351,广软肯德基（二食堂店）,广东省广州市广软学院新食堂一楼,181 4282 5326,餐饮行业,10:30-20:30,是,https://img.pospal.cn/storeLogo/3a5f7a15-4849-4a83-a924-9810c57ecbf8.jpg,2.0,0.0,0.69,326580841666668770,外送打包费2.5,自选,2.5,2.5,99996.0,否,https://img.pospal.cn/productImages/0/default/food_200x200.png,2608292354214,,是,2026-08-29 23:54:42
4672351,广软肯德基（二食堂店）,广东省广州市广软学院新食堂一楼,181 4282 5326,餐饮行业,10:30-20:30,是,https://img.pospal.cn/storeLogo/3a5f7a15-4849-4a83-a924-9810c57ecbf8.jpg,2.0,0.0,0.69,782924076223645724,外送打包费3,自选,3.0,3.0,99999.0,否,https://img.pospal.cn/productImages/0/default/food_200x200.png,2608292354467,,是,2026-08-29 23:55:03
4672351,广软肯德基（二食堂店）,广东省广州市广软学院新食堂一楼,181 4282 5326,餐饮行业,10:30-20:30,是,https://img.pospal.cn/storeLogo/3a5f7a15-4849-4a83-a924-9810c57ecbf8.jpg,2.0,0.0,0.69,550641474138471083,美式烧烤风味酱,炸鸡伴侣,1.2,1.2,998.0,否,https://img.pospal.cn/productImages/4672351/c3c0711f-a9ab-4dc6-8944-4fe7585b1c41_200x200.jpg,2606041035414,,是,2026-06-04 10:35:56
4672351,广软肯德基（二食堂店）,广东省广州市广软学院新食堂一楼,181 4282 5326,餐饮行业,10:30-20:30,是,https://img.pospal.cn/storeLogo/3a5f7a15-4849-4a83-a924-9810c57ecbf8.jpg,2.0,0.0,0.69,698623722507099407,香辣孜然风味粉,炸鸡伴侣,0.9,0.9,996.0,否,https://img.pospal.cn/productImages/4672351/3dc2e8c6-e752-45cc-a5a0-fa00c14aa1e1_200x200.jpg,2608283000601,,否,2026-08-28 21:29:03
4672351,广软肯德基（二食堂店）,广东省广州市广软学院新食堂一楼,181 4282 5326,餐饮行业,10:30-20:30,是,https://img.pospal.cn/storeLogo/3a5f7a15-4849-4a83-a924-9810c57ecbf8.jpg,2.0,0.0,0.69,68269224665430774,避风塘风味粉,炸鸡伴侣,0.9,0.9,999.0,否,https://img.pospal.cn/productImages/4672351/d43bdea3-d022-4e30-83d0-5f3600cd5982_200x200.jpg,2608283000618,,否,2026-08-28 21:29:03
4672351,广软肯德基（二食堂店）,广东省广州市广软学院新食堂一楼,181 4282 5326,餐饮行业,10:30-20:30,是,https://img.pospal.cn/storeLogo/3a5f7a15-4849-4a83-a924-9810c57ecbf8.jpg,2.0,0.0,0.69,51059711775464084,肯德基炸鸡的酱,炸鸡伴侣,1.2,1.2,996.0,否,https://img.pospal.cn/productImages/4672351/c027566d-4e3d-4455-9904-0c4ba0ffa2c3_200x200.jpg,2608283000632,,否,2026-08-28 21:29:03
4672351,广软肯德基（二食堂店）,广东省广州市广软学院新食堂一楼,181 4282 5326,餐饮行业,10:30-20:30,是,https://img.pospal.cn/storeLogo/3a5f7a15-4849-4a83-a924-9810c57ecbf8.jpg,2.0,0.0,0.69,411072192254937534,肯德基糖醋酱,炸鸡伴侣,1.2,1.2,999.0,否,https://img.pospal.cn/productImages/4672351/a9488c40-c1fb-4284-ae45-0fba1c75a69d_200x200.jpg,2608283000649,,否,2026-08-28 21:29:03
4672351,广软肯德基（二食堂店）,广东省广州市广软学院新食堂一楼,181 4282 5326,餐饮行业,10:30-20:30,是,https://img.pospal.cn/storeLogo/3a5f7a15-4849-4a83-a924-9810c57ecbf8.jpg,2.0,0.0,0.69,121549070716330849,肯德基甜辣酱,炸鸡伴侣,1.2,1.2,995.0,否,https://img.pospal.cn/productImages/4672351/940d8b19-06dd-4dfd-bf39-70db8340efcd_200x200.jpg,2608283000656,,否,2026-08-28 21:29:03
4672351,广软肯德基（二食堂店）,广东省广州市广软学院新食堂一楼,181 4282 5326,餐饮行业,10:30-20:30,是,https://img.pospal.cn/storeLogo/3a5f7a15-4849-4a83-a924-9810c57ecbf8.jpg,2.0,0.0,0.69,694257609908641582,天府椒麻香辣粉,炸鸡伴侣,0.9,0.9,996.0,否,https://img.pospal.cn/productImages/4672351/a0983979-5bae-4194-a76e-3f1d3fbd9a18_200x200.png,2608283000748,,否,2026-08-28 21:29:43
4672351,广软肯德基（二食堂店）,广东省广州市广软学院新食堂一楼,181 4282 5326,餐饮行业,10:30-20:30,是,https://img.pospal.cn/storeLogo/3a5f7a15-4849-4a83-a924-9810c57ecbf8.jpg,2.0,0.0,0.69,828822224123570574,原味圣代（黑糖珍珠酱）,冰淇淋,12.0,12.0,0.0,是,https://img.pospal.cn/productImages/4672351/908ac619-36eb-4b7c-a95e-197d0cd26b89_200x200.png,2608283000083,,否,2026-08-28 21:25:09
4672351,广软肯德基（二食堂店）,广东省广州市广软学院新食堂一楼,181 4282 5326,餐饮行业,10:30-20:30,是,https://img.pospal.cn/storeLogo/3a5f7a15-4849-4a83-a924-9810c57ecbf8.jpg,2.0,0.0,0.69,353514977592941217,经典草莓圣代,冰淇淋,12.0,12.0,0.0,是,https://img.pospal.cn/productImages/4672351/8fad3e6b-ce1e-483b-ae85-8fecc49c68ff_200x200.png,2608283000168,,否,2026-08-28 21:25:09
4672351,广软肯德基（二食堂店）,广东省广州市广软学院新食堂一楼,181 4282 5326,餐饮行业,10:30-20:30,是,https://img.pospal.cn/storeLogo/3a5f7a15-4849-4a83-a924-9810c57ecbf8.jpg,2.0,0.0,0.69,358040599054784361,一串虾滑串,特惠餐,9.9,9.9,71.0,否,https://img.pospal.cn/productImages/4672351/5daa2b53-b76f-4814-a66f-256ff7526eb2_200x200.jpg,2606111105450,,是,2026-06-11 11:06:25
4672351,广软肯德基（二食堂店）,广东省广州市广软学院新食堂一楼,181 4282 5326,餐饮行业,10:30-20:30,是,https://img.pospal.cn/storeLogo/3a5f7a15-4849-4a83-a924-9810c57ecbf8.jpg,2.0,0.0,0.69,1137345695169774654,两串虾滑串,特惠餐,13.9,13.9,48.0,否,https://img.pospal.cn/productImages/4672351/5f171dec-155b-480b-934f-6530c3ee504e_200x200.jpg,2606111107539,,是,2026-06-11 11:08:13
4672351,广软肯德基（二食堂店）,广东省广州市广软学院新食堂一楼,181 4282 5326,餐饮行业,10:30-20:30,是,https://img.pospal.cn/storeLogo/3a5f7a15-4849-4a83-a924-9810c57ecbf8.jpg,2.0,0.0,0.69,426940340365203640,超酥大鱿鱼串,特惠餐,9.9,9.9,961.0,否,https://img.pospal.cn/productImages/4672351/f82f5581-cadc-4dbd-938d-f897322761b6_200x200.jpg,2606141954424,,是,2026-06-14 19:56:36
4672351,广软肯德基（二食堂店）,广东省广州市广软学院新食堂一楼,181 4282 5326,餐饮行业,10:30-20:30,是,https://img.pospal.cn/storeLogo/3a5f7a15-4849-4a83-a924-9810c57ecbf8.jpg,2.0,0.0,0.69,22580232114646007,甜辣卤拌手撕鸡架（现烤需等待40分钟）,特惠餐,9.9,9.9,10.0,否,https://img.pospal.cn/productImages/4672351/d6f615b1-4a33-4a18-9d5c-b0c3d829608f_200x200.jpg,2609121451401,,是,2026-09-12 14:52:38
4672351,广软肯德基（二食堂店）,广东省广州市广软学院新食堂一楼,181 4282 5326,餐饮行业,10:30-20:30,是,https://img.pospal.cn/storeLogo/3a5f7a15-4849-4a83-a924-9810c57ecbf8.jpg,2.0,0.0,0.69,298844866377130247,五只虾肉小笼包（需等待15分钟）,特惠餐,9.9,9.9,0.0,是,https://img.pospal.cn/productImages/4672351/313636bd-4d33-49fe-96ad-58d8fe0ea43d_200x200.jpg,2607070823225,,是,2026-07-07 08:25:06
4672351,广软肯德基（二食堂店）,广东省广州市广软学院新食堂一楼,181 4282 5326,餐饮行业,10:30-20:30,是,https://img.pospal.cn/storeLogo/3a5f7a15-4849-4a83-a924-9810c57ecbf8.jpg,2.0,0.0,0.69,104953040707427801,两只虾肉小笼包（需等待15分钟）,特惠餐,6.9,6.9,0.0,是,https://img.pospal.cn/productImages/4672351/f407c5fe-2ba1-4d63-b53e-c650104039f4_200x200.jpg,2607070825335,,是,2026-07-07 08:26:18
4672351,广软肯德基（二食堂店）,广东省广州市广软学院新食堂一楼,181 4282 5326,餐饮行业,10:30-20:30,是,https://img.pospal.cn/storeLogo/3a5f7a15-4849-4a83-a924-9810c57ecbf8.jpg,2.0,0.0,0.69,482220905527198766,浓浓抹茶生椰拿铁（不含咖啡）,咖啡,22.0,22.0,999.0,否,https://img.pospal.cn/productImages/4672351/1e5c8869-86cd-4872-9ae1-fe145d86c006_200x200.png,2608283000069,,否,2026-08-28 21:25:09
4672351,广软肯德基（二食堂店）,广东省广州市广软学院新食堂一楼,181 4282 5326,餐饮行业,10:30-20:30,是,https://img.pospal.cn/storeLogo/3a5f7a15-4849-4a83-a924-9810c57ecbf8.jpg,2.0,0.0,0.69,305606056392811305,美式（中）,咖啡,15.0,15.0,995.0,否,https://img.pospal.cn/productImages/4672351/ef766a22-b5ab-404d-b881-71df80f6eb41_200x200.png,2608283000076,,否,2026-08-28 21:25:09
4672351,广软肯德基（二食堂店）,广东省广州市广软学院新食堂一楼,181 4282 5326,餐饮行业,10:30-20:30,是,https://img.pospal.cn/storeLogo/3a5f7a15-4849-4a83-a924-9810c57ecbf8.jpg,2.0,0.0,0.69,722137983214211085,美式（大）,咖啡,18.0,18.0,999.0,否,https://img.pospal.cn/productImages/4672351/5f16d069-2269-400c-a041-644c27a7f557_200x200.png,2608283000151,,否,2026-08-28 21:25:09
4672351,广软肯德基（二食堂店）,广东省广州市广软学院新食堂一楼,181 4282 5326,餐饮行业,10:30-20:30,是,https://img.pospal.cn/storeLogo/3a5f7a15-4849-4a83-a924-9810c57ecbf8.jpg,2.0,0.0,0.69,953797536681645237,拿铁（中）,咖啡,17.0,17.0,997.0,否,https://img.pospal.cn/productImages/4672351/18b79abb-aa1d-40b0-a802-83def28b33cf_200x200.png,2608283000229,,否,2026-08-28 21:25:09
4672351,广软肯德基（二食堂店）,广东省广州市广软学院新食堂一楼,181 4282 5326,餐饮行业,10:30-20:30,是,https://img.pospal.cn/storeLogo/3a5f7a15-4849-4a83-a924-9810c57ecbf8.jpg,2.0,0.0,0.69,291683922022583161,苹果气泡美式,咖啡,19.0,19.0,998.0,否,https://img.pospal.cn/productImages/4672351/de1a5893-8879-48c8-96d1-d406f92f62a1_200x200.png,2608283000298,,否,2026-08-28 21:25:09
4672351,广软肯德基（二食堂店）,广东省广州市广软学院新食堂一楼,181 4282 5326,餐饮行业,10:30-20:30,是,https://img.pospal.cn/storeLogo/3a5f7a15-4849-4a83-a924-9810c57ecbf8.jpg,2.0,0.0,0.69,131911233004217725,浓浓抹茶拿铁（含咖啡）,咖啡,22.0,22.0,999.0,否,https://img.pospal.cn/productImages/4672351/67c65bfa-353c-4f8b-969d-f003e303a6ac_200x200.png,2608283000366,,否,2026-08-28 21:25:09
4672351,广软肯德基（二食堂店）,广东省广州市广软学院新食堂一楼,181 4282 5326,餐饮行业,10:30-20:30,是,https://img.pospal.cn/storeLogo/3a5f7a15-4849-4a83-a924-9810c57ecbf8.jpg,2.0,0.0,0.69,1134968234502994875,爆汁三柠气泡美式,咖啡,19.0,19.0,999.0,否,https://img.pospal.cn/productImages/4672351/6260edf2-bd99-41e0-acc2-5b547d6a9d47_200x200.png,2608283000373,,否,2026-08-28 21:25:09
4672351,广软肯德基（二食堂店）,广东省广州市广软学院新食堂一楼,181 4282 5326,餐饮行业,10:30-20:30,是,https://img.pospal.cn/storeLogo/3a5f7a15-4849-4a83-a924-9810c57ecbf8.jpg,2.0,0.0,0.69,928658388931126042,拿铁（大）,咖啡,20.0,20.0,999.0,否,https://img.pospal.cn/productImages/4672351/75e0926a-ff3c-4aec-a6de-65f6bf998538_200x200.png,2608283000403,,否,2026-08-28 21:25:09
4672351,广软肯德基（二食堂店）,广东省广州市广软学院新食堂一楼,181 4282 5326,餐饮行业,10:30-20:30,是,https://img.pospal.cn/storeLogo/3a5f7a15-4849-4a83-a924-9810c57ecbf8.jpg,2.0,0.0,0.69,947067240125762921,浓浓抹茶拿铁（不含咖啡）,咖啡,22.0,22.0,999.0,否,https://img.pospal.cn/productImages/4672351/00aafaa9-1cf8-415b-b9a6-a83e728bc41a_200x200.png,2608283000441,,否,2026-08-28 21:25:09
4672351,广软肯德基（二食堂店）,广东省广州市广软学院新食堂一楼,181 4282 5326,餐饮行业,10:30-20:30,是,https://img.pospal.cn/storeLogo/3a5f7a15-4849-4a83-a924-9810c57ecbf8.jpg,2.0,0.0,0.69,354931808374394984,满杯生椰拿铁,咖啡,22.0,22.0,998.0,否,https://img.pospal.cn/productImages/4672351/193a31da-fbef-4ab2-a4b4-c34129cc2229_200x200.png,2608283000458,,否,2026-08-28 21:25:09
4672351,广软肯德基（二食堂店）,广东省广州市广软学院新食堂一楼,181 4282 5326,餐饮行业,10:30-20:30,是,https://img.pospal.cn/storeLogo/3a5f7a15-4849-4a83-a924-9810c57ecbf8.jpg,2.0,0.0,0.69,719846045620544900,爆汁葡萄气泡美式（大冰）,咖啡,19.0,19.0,999.0,否,https://img.pospal.cn/productImages/4672351/092fcfdf-97f1-4ad7-9320-55132efc0f7a_200x200.jpg,2608283000533,,否,2026-08-28 21:29:03
4672351,广软肯德基（二食堂店）,广东省广州市广软学院新食堂一楼,181 4282 5326,餐饮行业,10:30-20:30,是,https://img.pospal.cn/storeLogo/3a5f7a15-4849-4a83-a924-9810c57ecbf8.jpg,2.0,0.0,0.69,745373879862445365,红苹果热美式（中热）,咖啡,19.0,19.0,999.0,否,https://img.pospal.cn/productImages/4672351/b00fc8bc-b65f-4a1a-acd2-ef3acfd0abc6_200x200.jpg,2608283000540,,否,2026-08-28 21:29:03
4672351,广软肯德基（二食堂店）,广东省广州市广软学院新食堂一楼,181 4282 5326,餐饮行业,10:30-20:30,是,https://img.pospal.cn/storeLogo/3a5f7a15-4849-4a83-a924-9810c57ecbf8.jpg,2.0,0.0,0.69,738681784238357937,美式（中热）,咖啡,15.0,15.0,998.0,否,https://img.pospal.cn/productImages/4672351/dd52848b-db79-47b1-b228-2cd77d0c0cac_200x200.jpg,2608283000557,,否,2026-08-28 21:29:03
4672351,广软肯德基（二食堂店）,广东省广州市广软学院新食堂一楼,181 4282 5326,餐饮行业,10:30-20:30,是,https://img.pospal.cn/storeLogo/3a5f7a15-4849-4a83-a924-9810c57ecbf8.jpg,2.0,0.0,0.69,1103255337936120109,美式（大热）,咖啡,18.0,18.0,999.0,否,https://img.pospal.cn/productImages/4672351/de3aa279-4a0f-434b-ab9d-34286b2f4c7a_200x200.jpg,2608283000564,,否,2026-08-28 21:29:03
4672351,广软肯德基（二食堂店）,广东省广州市广软学院新食堂一楼,181 4282 5326,餐饮行业,10:30-20:30,是,https://img.pospal.cn/storeLogo/3a5f7a15-4849-4a83-a924-9810c57ecbf8.jpg,2.0,0.0,0.69,616077734481645584,拿铁（中热）,咖啡,17.0,17.0,997.0,否,https://img.pospal.cn/productImages/4672351/fdcb31d5-db2d-426c-8489-c345d2d0e245_200x200.jpg,2608283000571,,否,2026-08-28 21:29:03
4672351,广软肯德基（二食堂店）,广东省广州市广软学院新食堂一楼,181 4282 5326,餐饮行业,10:30-20:30,是,https://img.pospal.cn/storeLogo/3a5f7a15-4849-4a83-a924-9810c57ecbf8.jpg,2.0,0.0,0.69,1070180805287517904,拿铁（大热）,咖啡,20.0,20.0,999.0,否,https://img.pospal.cn/productImages/4672351/1e70eb68-20a8-4c9c-b6c6-ad396ca5dbae_200x200.jpg,2608283000588,,否,2026-08-28 21:29:03
4672351,广软肯德基（二食堂店）,广东省广州市广软学院新食堂一楼,181 4282 5326,餐饮行业,10:30-20:30,是,https://img.pospal.cn/storeLogo/3a5f7a15-4849-4a83-a924-9810c57ecbf8.jpg,2.0,0.0,0.69,105371068611757118,爆汁三柠茶（中）,饮料,13.0,13.0,989.0,否,https://img.pospal.cn/productImages/4672351/40e47b46-305d-466e-8bf4-d31b20677d83_200x200.png,2608283000137,,否,2026-08-28 21:25:09
4672351,广软肯德基（二食堂店）,广东省广州市广软学院新食堂一楼,181 4282 5326,餐饮行业,10:30-20:30,是,https://img.pospal.cn/storeLogo/3a5f7a15-4849-4a83-a924-9810c57ecbf8.jpg,2.0,0.0,0.69,968324257551491346,百事可乐（小）,饮料,8.5,8.5,999.0,否,https://img.pospal.cn/productImages/4672351/a06bc3bf-9daf-440b-b887-a20cf6409a38_200x200.png,2608283000212,,否,2026-08-28 21:25:09
4672351,广软肯德基（二食堂店）,广东省广州市广软学院新食堂一楼,181 4282 5326,餐饮行业,10:30-20:30,是,https://img.pospal.cn/storeLogo/3a5f7a15-4849-4a83-a924-9810c57ecbf8.jpg,2.0,0.0,0.69,450880683553647760,百事无糖可乐（小）,饮料,9.0,9.0,999.0,否,https://img.pospal.cn/productImages/4672351/eedc777b-69f1-4e0c-8c62-6511f61a30f0_200x200.png,2608283000281,,否,2026-08-28 21:25:09
4672351,广软肯德基（二食堂店）,广东省广州市广软学院新食堂一楼,181 4282 5326,餐饮行业,10:30-20:30,是,https://img.pospal.cn/storeLogo/3a5f7a15-4849-4a83-a924-9810c57ecbf8.jpg,2.0,0.0,0.69,634406563351827971,百事无糖可乐（中）,饮料,10.5,10.5,998.0,否,https://img.pospal.cn/productImages/4672351/13720216-bc4d-4741-9836-bd18fe8fa345_200x200.png,2608283000304,,否,2026-08-28 21:25:09
4672351,广软肯德基（二食堂店）,广东省广州市广软学院新食堂一楼,181 4282 5326,餐饮行业,10:30-20:30,是,https://img.pospal.cn/storeLogo/3a5f7a15-4849-4a83-a924-9810c57ecbf8.jpg,2.0,0.0,0.69,94919787529668598,九珍果汁饮料,饮料,13.0,13.0,976.0,否,https://img.pospal.cn/productImages/4672351/d4cbfdda-cf38-4cac-82ac-715b534a7aea_200x200.png,2608283000359,,否,2026-08-28 21:25:09
4672351,广软肯德基（二食堂店）,广东省广州市广软学院新食堂一楼,181 4282 5326,餐饮行业,10:30-20:30,是,https://img.pospal.cn/storeLogo/3a5f7a15-4849-4a83-a924-9810c57ecbf8.jpg,2.0,0.0,0.69,278809147884600920,百事无糖可乐（大）,饮料,12.5,12.5,998.0,否,https://img.pospal.cn/productImages/4672351/600127ed-b509-4ffb-85b4-261149eebc57_200x200.png,2608283000380,,否,2026-08-28 21:25:09
4672351,广软肯德基（二食堂店）,广东省广州市广软学院新食堂一楼,181 4282 5326,餐饮行业,10:30-20:30,是,https://img.pospal.cn/storeLogo/3a5f7a15-4849-4a83-a924-9810c57ecbf8.jpg,2.0,0.0,0.69,942283845733380346,牛奶,饮料,13.0,13.0,999.0,否,https://img.pospal.cn/productImages/4672351/6c453e38-9ca0-445a-a441-c77493f59f0b_200x200.png,2608283000434,,否,2026-08-28 21:25:09
4672351,广软肯德基（二食堂店）,广东省广州市广软学院新食堂一楼,181 4282 5326,餐饮行业,10:30-20:30,是,https://img.pospal.cn/storeLogo/3a5f7a15-4849-4a83-a924-9810c57ecbf8.jpg,2.0,0.0,0.69,529938213374832697,爆汁三柠茶（大）,饮料,15.0,15.0,987.0,否,https://img.pospal.cn/productImages/4672351/56e4b83a-8941-4b3b-81f2-09fa7971ba68_200x200.png,2608283000465,,否,2026-08-28 21:25:09
4672351,广软肯德基（二食堂店）,广东省广州市广软学院新食堂一楼,181 4282 5326,餐饮行业,10:30-20:30,是,https://img.pospal.cn/storeLogo/3a5f7a15-4849-4a83-a924-9810c57ecbf8.jpg,2.0,0.0,0.69,1028074643382804121,百事可乐（中）,饮料,10.0,10.0,870.0,否,https://img.pospal.cn/productImages/4672351/938fd13c-edb8-4025-9466-b52e9721a961_200x200.png,2608283000496,,否,2026-08-28 21:25:09
4672351,广软肯德基（二食堂店）,广东省广州市广软学院新食堂一楼,181 4282 5326,餐饮行业,10:30-20:30,是,https://img.pospal.cn/storeLogo/3a5f7a15-4849-4a83-a924-9810c57ecbf8.jpg,2.0,0.0,0.69,1125683034492804357,百事可乐（大）,饮料,12.0,12.0,992.0,否,https://img.pospal.cn/productImages/4672351/e6a20853-9d9d-41e7-9aa9-3d9c90698a87_200x200.png,2608283000519,,否,2026-08-28 21:25:09
4672351,广软肯德基（二食堂店）,广东省广州市广软学院新食堂一楼,181 4282 5326,餐饮行业,10:30-20:30,是,https://img.pospal.cn/storeLogo/3a5f7a15-4849-4a83-a924-9810c57ecbf8.jpg,2.0,0.0,0.69,541113838736776740,桂花酸梅汤（大）,饮料,12.0,12.0,937.0,否,https://img.pospal.cn/productImages/4672351/98e6e1be-6fb2-413b-90f9-1f13346d4f51_200x200.jpg,2608283000670,,否,2026-08-28 21:29:43
4672351,广软肯德基（二食堂店）,广东省广州市广软学院新食堂一楼,181 4282 5326,餐饮行业,10:30-20:30,是,https://img.pospal.cn/storeLogo/3a5f7a15-4849-4a83-a924-9810c57ecbf8.jpg,2.0,0.0,0.69,1124494472788310325,九龙金玉轻乳茶（中）,饮料,13.0,13.0,0.0,是,https://img.pospal.cn/productImages/4672351/8b25e89d-af82-47bf-9c92-4d0afa5bf001_200x200.png,2608283000052,,否,2026-08-28 21:25:09
4672351,广软肯德基（二食堂店）,广东省广州市广软学院新食堂一楼,181 4282 5326,餐饮行业,10:30-20:30,是,https://img.pospal.cn/storeLogo/3a5f7a15-4849-4a83-a924-9810c57ecbf8.jpg,2.0,0.0,0.69,563509724565275493,超酥大鱿鱼串（1串）,夜宵特惠,19.9,19.9,10.0,否,https://img.pospal.cn/productImages/4672351/79e79ea5-53fb-4578-af86-ec682f33754e_200x200.jpg,2608283000823,,否,2026-08-28 21:29:43
4672351,广软肯德基（二食堂店）,广东省广州市广软学院新食堂一楼,181 4282 5326,餐饮行业,10:30-20:30,是,https://img.pospal.cn/storeLogo/3a5f7a15-4849-4a83-a924-9810c57ecbf8.jpg,2.0,0.0,0.69,898587370825404010,好长一串酥脆虾滑串（1串）,夜宵特惠,13.9,13.9,10.0,否,https://img.pospal.cn/productImages/4672351/afb43961-7f87-4e9a-a463-c3f2a357be86_200x200.jpg,2608283000830,,否,2026-08-28 21:29:43
4672351,广软肯德基（二食堂店）,广东省广州市广软学院新食堂一楼,181 4282 5326,餐饮行业,10:30-20:30,是,https://img.pospal.cn/storeLogo/3a5f7a15-4849-4a83-a924-9810c57ecbf8.jpg,2.0,0.0,0.69,316952042019915619,好长一串酥脆虾滑串（2串）,夜宵特惠,19.9,19.9,10.0,否,https://img.pospal.cn/productImages/4672351/326a820c-fe8c-4a76-a4b6-08f2cd76f35e_200x200.jpg,2608283000847,,否,2026-08-28 21:29:43
4672351,广软肯德基（二食堂店）,广东省广州市广软学院新食堂一楼,181 4282 5326,餐饮行业,10:30-20:30,是,https://img.pospal.cn/storeLogo/3a5f7a15-4849-4a83-a924-9810c57ecbf8.jpg,2.0,0.0,0.69,435290503308165972,定胜糕,夜宵特惠,6.0,6.0,0.0,是,https://img.pospal.cn/productImages/4672351/7fbaf003-30c6-4113-a482-83db4304547e_200x200.jpg,2608283000854,,否,2026-08-28 21:29:43
4672351,广软肯德基（二食堂店）,广东省广州市广软学院新食堂一楼,181 4282 5326,餐饮行业,10:30-20:30,是,https://img.pospal.cn/storeLogo/3a5f7a15-4849-4a83-a924-9810c57ecbf8.jpg,2.0,0.0,0.69,363867063336654459,定胜糕礼盒装,夜宵特惠,24.0,24.0,0.0,是,https://img.pospal.cn/productImages/4672351/12f69606-cc29-4521-a117-a95242ee6d7e_200x200.jpg,2608283000861,,否,2026-08-28 21:29:43
4672351,广软肯德基（二食堂店）,广东省广州市广软学院新食堂一楼,181 4282 5326,餐饮行业,10:30-20:30,是,https://img.pospal.cn/storeLogo/3a5f7a15-4849-4a83-a924-9810c57ecbf8.jpg,2.0,0.0,0.69,75175098288088664,K记发面小笼包（猪肉）,夜宵特惠,12.0,12.0,0.0,是,https://img.pospal.cn/productImages/4672351/e917a0a9-cc8d-469b-86eb-c124a3ace6e8_200x200.jpg,2608283000878,,否,2026-08-28 21:29:43
4672351,广软肯德基（二食堂店）,广东省广州市广软学院新食堂一楼,181 4282 5326,餐饮行业,10:30-20:30,是,https://img.pospal.cn/storeLogo/3a5f7a15-4849-4a83-a924-9810c57ecbf8.jpg,2.0,0.0,0.69,938777792188121793,新奥尔良烤翅根桶（十根）,疯狂星期四,29.9,29.9,0.0,是,https://img.pospal.cn/productImages/4672351/c684c289-d6e3-4c4b-bf57-566b0b328aa6_200x200.jpg,2609030927462,,是,2026-09-03 09:28:47
4672351,广软肯德基（二食堂店）,广东省广州市广软学院新食堂一楼,181 4282 5326,餐饮行业,10:30-20:30,是,https://img.pospal.cn/storeLogo/3a5f7a15-4849-4a83-a924-9810c57ecbf8.jpg,2.0,0.0,0.69,854589006296800430,香脆贝贝鸡块（8块）,疯狂星期四,9.9,9.9,0.0,是,https://img.pospal.cn/productImages/4672351/602eafb2-1b77-4f30-bcb4-4d483504c4a0_200x200.jpg,2609030929510,,是,2026-09-03 09:30:23
4672351,广软肯德基（二食堂店）,广东省广州市广软学院新食堂一楼,181 4282 5326,餐饮行业,10:30-20:30,是,https://img.pospal.cn/storeLogo/3a5f7a15-4849-4a83-a924-9810c57ecbf8.jpg,2.0,0.0,0.69,394286017124465172,劲爆鸡米花（4份，小）,疯狂星期四,19.9,19.9,-4.0,是,https://img.pospal.cn/productImages/4672351/d51ed70c-3e6a-425c-a642-70d44dea0ac0_200x200.jpg,2609101009202,,是,2026-09-10 10:10:09
4672351,广软肯德基（二食堂店）,广东省广州市广软学院新食堂一楼,181 4282 5326,餐饮行业,10:30-20:30,是,https://img.pospal.cn/storeLogo/3a5f7a15-4849-4a83-a924-9810c57ecbf8.jpg,2.0,0.0,0.69,659404338129650226,红豆派（10个）,疯狂星期四,29.9,29.9,0.0,是,https://img.pospal.cn/productImages/4672351/5fb04c9c-a101-4c4a-8bd2-c9fbecf0f7a9_200x200.jpg,2609101013353,,是,2026-09-10 10:14:26
4672351,广软肯德基（二食堂店）,广东省广州市广软学院新食堂一楼,181 4282 5326,餐饮行业,10:30-20:30,是,https://img.pospal.cn/storeLogo/3a5f7a15-4849-4a83-a924-9810c57ecbf8.jpg,2.0,0.0,0.69,632533953750170284,字母鸡块（九块）,疯狂星期四,9.9,9.9,0.0,是,https://img.pospal.cn/productImages/4672351/80e9f993-6ec1-451a-a34f-eedf2397db7a_200x200.jpg,2609171012133,,是,2026-09-17 10:12:49
4672351,广软肯德基（二食堂店）,广东省广州市广软学院新食堂一楼,181 4282 5326,餐饮行业,10:30-20:30,是,https://img.pospal.cn/storeLogo/3a5f7a15-4849-4a83-a924-9810c57ecbf8.jpg,2.0,0.0,0.69,804396412400825751,字母鸡块（20块）,疯狂星期四,19.9,19.9,0.0,是,https://img.pospal.cn/productImages/4672351/7e043a96-0dcd-4223-a6f8-c2d3f70b2661_200x200.jpg,2609171012522,,是,2026-09-17 10:13:18
4672351,广软肯德基（二食堂店）,广东省广州市广软学院新食堂一楼,181 4282 5326,餐饮行业,10:30-20:30,是,https://img.pospal.cn/storeLogo/3a5f7a15-4849-4a83-a924-9810c57ecbf8.jpg,2.0,0.0,0.69,850474400690288718,秘汁全鸡特惠（高峰需等待30分钟）,全鸡,29.9,29.9,0.0,是,https://img.pospal.cn/productImages/4672351/7b27e2fd-fe32-49e9-94a8-b73def4d6e42_200x200.png,2608283000021,,否,2026-08-28 21:25:09
4672351,广软肯德基（二食堂店）,广东省广州市广软学院新食堂一楼,181 4282 5326,餐饮行业,10:30-20:30,是,https://img.pospal.cn/storeLogo/3a5f7a15-4849-4a83-a924-9810c57ecbf8.jpg,2.0,0.0,0.69,1095615061014473959,薄脆炸全鸡特惠（高峰需等待30分钟）,全鸡,29.9,29.9,0.0,是,https://img.pospal.cn/productImages/4672351/45f523ee-6712-47d3-b107-35a8dfdc3f23_200x200.png,2608283000106,,否,2026-08-28 21:25:09
4672351,广软肯德基（二食堂店）,广东省广州市广软学院新食堂一楼,181 4282 5326,餐饮行业,10:30-20:30,是,https://img.pospal.cn/storeLogo/3a5f7a15-4849-4a83-a924-9810c57ecbf8.jpg,2.0,0.0,0.69,67796359809737935,黄金鸡块（5块）,小食,13.5,13.5,597.0,否,https://img.pospal.cn/productImages/4672351/8833278b-6012-42c0-ae92-f3e47b779d91_200x200.png,2608283000045,,否,2026-08-28 21:25:09
4672351,广软肯德基（二食堂店）,广东省广州市广软学院新食堂一楼,181 4282 5326,餐饮行业,10:30-20:30,是,https://img.pospal.cn/storeLogo/3a5f7a15-4849-4a83-a924-9810c57ecbf8.jpg,2.0,0.0,0.69,532580435500103888,香辣鸡翅（2块）,小食,13.5,13.5,100.0,否,https://img.pospal.cn/productImages/4672351/55ecb735-8042-4553-a926-41e0d6f5b0ee_200x200.png,2608283000113,,否,2026-08-28 21:25:09
4672351,广软肯德基（二食堂店）,广东省广州市广软学院新食堂一楼,181 4282 5326,餐饮行业,10:30-20:30,是,https://img.pospal.cn/storeLogo/3a5f7a15-4849-4a83-a924-9810c57ecbf8.jpg,2.0,0.0,0.69,959997481035777414,热辣香骨鸡（3块）,小食,13.5,13.5,100.0,否,https://img.pospal.cn/productImages/4672351/1eb66601-6025-41c4-8f1a-13f84ecc3c10_200x200.png,2608283000199,,否,2026-08-28 21:25:09
4672351,广软肯德基（二食堂店）,广东省广州市广软学院新食堂一楼,181 4282 5326,餐饮行业,10:30-20:30,是,https://img.pospal.cn/storeLogo/3a5f7a15-4849-4a83-a924-9810c57ecbf8.jpg,2.0,0.0,0.69,141323909809216746,香甜玉米杯,小食,9.0,9.0,2.0,否,https://img.pospal.cn/productImages/4672351/bb02351c-bc39-44eb-b4e6-d9c7b0b0f10a_200x200.png,2608283000205,,否,2026-08-28 21:25:09
4672351,广软肯德基（二食堂店）,广东省广州市广软学院新食堂一楼,181 4282 5326,餐饮行业,10:30-20:30,是,https://img.pospal.cn/storeLogo/3a5f7a15-4849-4a83-a924-9810c57ecbf8.jpg,2.0,0.0,0.69,357944792256076669,红豆派（1只）,小食,7.0,7.0,15.0,否,https://img.pospal.cn/productImages/4672351/d6623035-f3b9-4058-b9c6-c74dd7c1c2a0_200x200.png,2608283000236,,否,2026-08-28 21:25:09
4672351,广软肯德基（二食堂店）,广东省广州市广软学院新食堂一楼,181 4282 5326,餐饮行业,10:30-20:30,是,https://img.pospal.cn/storeLogo/3a5f7a15-4849-4a83-a924-9810c57ecbf8.jpg,2.0,0.0,0.69,416076253214305315,薯条（小）,小食,9.5,9.5,997.0,否,https://img.pospal.cn/productImages/4672351/f988a199-a441-4dc7-bc9f-0cc8a3eed963_200x200.png,2608283000274,,否,2026-08-28 21:25:09
4672351,广软肯德基（二食堂店）,广东省广州市广软学院新食堂一楼,181 4282 5326,餐饮行业,10:30-20:30,是,https://img.pospal.cn/storeLogo/3a5f7a15-4849-4a83-a924-9810c57ecbf8.jpg,2.0,0.0,0.69,675936120136648689,薯条（中）,小食,13.0,13.0,992.0,否,https://img.pospal.cn/productImages/4672351/fbb10f9c-42b3-4983-8a9f-832e33fd131c_200x200.png,2608283000342,,否,2026-08-28 21:25:09
4672351,广软肯德基（二食堂店）,广东省广州市广软学院新食堂一楼,181 4282 5326,餐饮行业,10:30-20:30,是,https://img.pospal.cn/storeLogo/3a5f7a15-4849-4a83-a924-9810c57ecbf8.jpg,2.0,0.0,0.69,264919982015669307,薯条（大）,小食,15.0,15.0,997.0,否,https://img.pospal.cn/productImages/4672351/8bc39722-771e-4e0a-abcf-d996590b1045_200x200.png,2608283000427,,否,2026-08-28 21:25:09
4672351,广软肯德基（二食堂店）,广东省广州市广软学院新食堂一楼,181 4282 5326,餐饮行业,10:30-20:30,是,https://img.pospal.cn/storeLogo/3a5f7a15-4849-4a83-a924-9810c57ecbf8.jpg,2.0,0.0,0.69,419554250252091639,葡式蛋挞（1只）,小食,8.0,8.0,10.0,否,https://img.pospal.cn/productImages/4672351/09eba5c5-2794-4ba3-b209-b7c130e4ea97_200x200.png,2608283000489,,否,2026-08-28 21:25:09
4672351,广软肯德基（二食堂店）,广东省广州市广软学院新食堂一楼,181 4282 5326,餐饮行业,10:30-20:30,是,https://img.pospal.cn/storeLogo/3a5f7a15-4849-4a83-a924-9810c57ecbf8.jpg,2.0,0.0,0.69,950759266006916434,新奥尔良烤翅（2块）,小食,14.0,14.0,0.0,是,https://img.pospal.cn/productImages/4672351/f06a0575-b8c8-42bf-aebc-6b6b6bd3f3c2_200x200.png,2608283000038,,否,2026-08-28 21:25:09
4672351,广软肯德基（二食堂店）,广东省广州市广软学院新食堂一楼,181 4282 5326,餐饮行业,10:30-20:30,是,https://img.pospal.cn/storeLogo/3a5f7a15-4849-4a83-a924-9810c57ecbf8.jpg,2.0,0.0,0.69,939329261376417112,醇香土豆泥,小食,7.5,7.5,0.0,是,https://img.pospal.cn/productImages/4672351/6fe2c1de-16bc-43a3-8ebb-fe372611e92d_200x200.png,2608283000120,,否,2026-08-28 21:25:09
4672351,广软肯德基（二食堂店）,广东省广州市广软学院新食堂一楼,181 4282 5326,餐饮行业,10:30-20:30,是,https://img.pospal.cn/storeLogo/3a5f7a15-4849-4a83-a924-9810c57ecbf8.jpg,2.0,0.0,0.69,983026873512387981,吮指原味鸡（1块）,小食,12.5,12.5,0.0,是,https://img.pospal.cn/productImages/4672351/54993d41-2887-4b9d-88e9-9dd250bd6c8e_200x200.png,2608283000182,,否,2026-08-28 21:25:09
4672351,广软肯德基（二食堂店）,广东省广州市广软学院新食堂一楼,181 4282 5326,餐饮行业,10:30-20:30,是,https://img.pospal.cn/storeLogo/3a5f7a15-4849-4a83-a924-9810c57ecbf8.jpg,2.0,0.0,0.69,119269384789430492,吮指原味鸡（2块）,小食,25.0,25.0,0.0,是,https://img.pospal.cn/productImages/4672351/054e80b7-be6b-4ac6-8209-3448d2c75979_200x200.png,2608283000250,,否,2026-08-28 21:25:09
4672351,广软肯德基（二食堂店）,广东省广州市广软学院新食堂一楼,181 4282 5326,餐饮行业,10:30-20:30,是,https://img.pospal.cn/storeLogo/3a5f7a15-4849-4a83-a924-9810c57ecbf8.jpg,2.0,0.0,0.69,789610033133361173,黄金脆皮鸡（1块）,小食,13.5,13.5,0.0,是,https://img.pospal.cn/productImages/4672351/fc91b892-0aaa-4cf4-abdb-c4573e3265ff_200x200.png,2608283000267,,否,2026-08-28 21:25:09
4672351,广软肯德基（二食堂店）,广东省广州市广软学院新食堂一楼,181 4282 5326,餐饮行业,10:30-20:30,是,https://img.pospal.cn/storeLogo/3a5f7a15-4849-4a83-a924-9810c57ecbf8.jpg,2.0,0.0,0.69,547505096939085876,吮指原味鸡（6块）,小食,75.0,75.0,0.0,是,https://img.pospal.cn/productImages/4672351/0db0afbf-d549-4d05-8b91-17e8855cc798_200x200.png,2608283000328,,否,2026-08-28 21:25:09
4672351,广软肯德基（二食堂店）,广东省广州市广软学院新食堂一楼,181 4282 5326,餐饮行业,10:30-20:30,是,https://img.pospal.cn/storeLogo/3a5f7a15-4849-4a83-a924-9810c57ecbf8.jpg,2.0,0.0,0.69,130499721872199826,黄金脆皮鸡（2块）,小食,27.0,27.0,0.0,是,https://img.pospal.cn/productImages/4672351/e42fe862-6b70-45e3-9aa9-fe54feb95c5a_200x200.png,2608283000335,,否,2026-08-28 21:25:09
4569082,椒小咖•现炒江湖菜（食堂一楼）,广东省广州市广软餐饮中心三楼12档,13059262145,餐饮行业,06:27-23:25,是,https://img.pospal.cn/storeLogo/4569082/2aca91fcd83046f698b6668f3c9720a0.jpg,2.0,10.0,0.69,409586624866534067,韭菜炒花蛤肉,鲜香惹味,12.9,12.9,984.0,否,https://img.pospal.cn/productImages/4569082/fdda9c97-847f-4bc6-9fab-bcffd5e52d01_200x200.jpg,2609101045460,,否,2026-09-10 10:46:22
4569082,椒小咖•现炒江湖菜（食堂一楼）,广东省广州市广软餐饮中心三楼12档,13059262145,餐饮行业,06:27-23:25,是,https://img.pospal.cn/storeLogo/4569082/2aca91fcd83046f698b6668f3c9720a0.jpg,2.0,10.0,0.69,870840502508975870,蒜苔炒花蛤肉,鲜香惹味,12.9,12.9,987.0,否,https://img.pospal.cn/productImages/4569082/20379d60-c215-493e-b18e-65b3ebd29bc4_200x200.jpg,2609101046252,,否,2026-09-10 10:46:51
4569082,椒小咖•现炒江湖菜（食堂一楼）,广东省广州市广软餐饮中心三楼12档,13059262145,餐饮行业,06:27-23:25,是,https://img.pospal.cn/storeLogo/4569082/2aca91fcd83046f698b6668f3c9720a0.jpg,2.0,10.0,0.69,242831869807328619,爆炒香辣鸡胗,风味炒鸡,12.9,12.9,977.0,否,https://img.pospal.cn/productImages/4569082/92d3682c-3ada-4978-b3d6-888566f96ce3_200x200.jpg,2609101025172,,否,2026-09-10 10:25:51
4569082,椒小咖•现炒江湖菜（食堂一楼）,广东省广州市广软餐饮中心三楼12档,13059262145,餐饮行业,06:27-23:25,是,https://img.pospal.cn/storeLogo/4569082/2aca91fcd83046f698b6668f3c9720a0.jpg,2.0,10.0,0.69,982812386702583094,酸菜炒鸡胗,风味炒鸡,12.9,12.9,984.0,否,https://img.pospal.cn/productImages/4569082/8540ed85-066f-46e6-9354-4ef1f4fba0b6_200x200.jpg,2609101025547,,否,2026-09-10 10:27:06
4569082,椒小咖•现炒江湖菜（食堂一楼）,广东省广州市广软餐饮中心三楼12档,13059262145,餐饮行业,06:27-23:25,是,https://img.pospal.cn/storeLogo/4569082/2aca91fcd83046f698b6668f3c9720a0.jpg,2.0,10.0,0.69,388789916075471875,招牌三杯鸡,风味炒鸡,12.9,12.9,936.0,否,https://img.pospal.cn/productImages/4569082/6922ee41-3c28-445b-bb56-26a18034227c_200x200.jpg,2609101027114,,否,2026-09-10 10:27:35
4569082,椒小咖•现炒江湖菜（食堂一楼）,广东省广州市广软餐饮中心三楼12档,13059262145,餐饮行业,06:27-23:25,是,https://img.pospal.cn/storeLogo/4569082/2aca91fcd83046f698b6668f3c9720a0.jpg,2.0,10.0,0.69,506343512578448579,风味小炒鸡,风味炒鸡,12.9,12.9,974.0,否,https://img.pospal.cn/productImages/4569082/34a13603-334e-4068-af33-c62c6a29505a_200x200.jpg,2609101027398,,否,2026-09-10 10:28:23
4569082,椒小咖•现炒江湖菜（食堂一楼）,广东省广州市广软餐饮中心三楼12档,13059262145,餐饮行业,06:27-23:25,是,https://img.pospal.cn/storeLogo/4569082/2aca91fcd83046f698b6668f3c9720a0.jpg,2.0,10.0,0.69,202817421929448566,风味肥肠鸡,风味炒鸡,12.9,12.9,955.0,否,https://img.pospal.cn/productImages/4569082/40a88c14-d650-47fc-958e-8e39208ee99f_200x200.jpg,2609101028265,,否,2026-09-10 10:28:50
4569082,椒小咖•现炒江湖菜（食堂一楼）,广东省广州市广软餐饮中心三楼12档,13059262145,餐饮行业,06:27-23:25,是,https://img.pospal.cn/storeLogo/4569082/2aca91fcd83046f698b6668f3c9720a0.jpg,2.0,10.0,0.69,367524551784116296,小青龙炒鸡,风味炒鸡,12.9,12.9,997.0,否,https://img.pospal.cn/productImages/4569082/4477dc18-9399-4039-9a9a-431ac2253387_200x200.jpg,2609101028531,,否,2026-09-10 10:29:17
4569082,椒小咖•现炒江湖菜（食堂一楼）,广东省广州市广软餐饮中心三楼12档,13059262145,餐饮行业,06:27-23:25,是,https://img.pospal.cn/storeLogo/4569082/2aca91fcd83046f698b6668f3c9720a0.jpg,2.0,10.0,0.69,988872502586496654,青椒炒鸡蛋,农家鸡蛋,9.9,9.9,970.0,否,https://img.pospal.cn/productImages/4569082/0bf5551f-0476-4801-a496-9978f07b09fc_200x200.jpg,2609101029200,,否,2026-09-10 10:30:51
4569082,椒小咖•现炒江湖菜（食堂一楼）,广东省广州市广软餐饮中心三楼12档,13059262145,餐饮行业,06:27-23:25,是,https://img.pospal.cn/storeLogo/4569082/2aca91fcd83046f698b6668f3c9720a0.jpg,2.0,10.0,0.69,766677247974515633,火腿炒鸡蛋,农家鸡蛋,11.99,11.99,966.0,否,https://img.pospal.cn/productImages/4569082/13479e79-89d9-4b48-b0f7-8ec8b81d0b9b_200x200.jpg,2609101030534,,否,2026-09-10 10:31:14
4569082,椒小咖•现炒江湖菜（食堂一楼）,广东省广州市广软餐饮中心三楼12档,13059262145,餐饮行业,06:27-23:25,是,https://img.pospal.cn/storeLogo/4569082/2aca91fcd83046f698b6668f3c9720a0.jpg,2.0,10.0,0.69,1051460081247068603,韭菜炒鸡蛋,农家鸡蛋,11.99,11.99,983.0,否,https://img.pospal.cn/productImages/4569082/9ba257ba-ce0c-4d3a-93df-5d4424c6beaf_200x200.jpg,2609101031166,,否,2026-09-10 10:31:52
4569082,椒小咖•现炒江湖菜（食堂一楼）,广东省广州市广软餐饮中心三楼12档,13059262145,餐饮行业,06:27-23:25,是,https://img.pospal.cn/storeLogo/4569082/2aca91fcd83046f698b6668f3c9720a0.jpg,2.0,10.0,0.69,784737131075056187,豆角炒鸡蛋,农家鸡蛋,11.99,11.99,993.0,否,https://img.pospal.cn/productImages/4569082/223e31fe-a537-4b9f-8e85-ba3441c60aaa_200x200.jpg,2609101033207,,否,2026-09-10 10:33:47
4569082,椒小咖•现炒江湖菜（食堂一楼）,广东省广州市广软餐饮中心三楼12档,13059262145,餐饮行业,06:27-23:25,是,https://img.pospal.cn/storeLogo/4569082/2aca91fcd83046f698b6668f3c9720a0.jpg,2.0,10.0,0.69,673949048460582273,青瓜炒鸡蛋,农家鸡蛋,11.99,11.99,992.0,否,https://img.pospal.cn/productImages/4569082/2ea16669-59fd-4b06-b422-d6a833e18401_200x200.jpg,2609101033504,,否,2026-09-10 10:34:06
4569082,椒小咖•现炒江湖菜（食堂一楼）,广东省广州市广软餐饮中心三楼12档,13059262145,餐饮行业,06:27-23:25,是,https://img.pospal.cn/storeLogo/4569082/2aca91fcd83046f698b6668f3c9720a0.jpg,2.0,10.0,0.69,1015539464623242584,外婆菜炒鸡蛋,农家鸡蛋,11.99,11.99,980.0,否,https://img.pospal.cn/productImages/4569082/ce351a89-b6f5-4529-996b-0e607014e900_200x200.jpg,2609101034082,,否,2026-09-10 10:34:37
4569082,椒小咖•现炒江湖菜（食堂一楼）,广东省广州市广软餐饮中心三楼12档,13059262145,餐饮行业,06:27-23:25,是,https://img.pospal.cn/storeLogo/4569082/2aca91fcd83046f698b6668f3c9720a0.jpg,2.0,10.0,0.69,1104591658540826313,青椒炒肉,农家炒肉,12.9,12.9,950.0,否,https://img.pospal.cn/productImages/4569082/98fd68ab-a6d5-49bd-8a6e-5e2383344280_200x200.jpg,2609092304478,,否,2026-09-09 23:05:23
4569082,椒小咖•现炒江湖菜（食堂一楼）,广东省广州市广软餐饮中心三楼12档,13059262145,餐饮行业,06:27-23:25,是,https://img.pospal.cn/storeLogo/4569082/2aca91fcd83046f698b6668f3c9720a0.jpg,2.0,10.0,0.69,1003775658019288662,罗汉笋炒肉,农家炒肉,12.9,12.9,845.0,否,https://img.pospal.cn/productImages/4569082/72153349-9d26-481e-b104-7cecef7683f0_200x200.jpg,2609092305284,,否,2026-09-09 23:07:35
4569082,椒小咖•现炒江湖菜（食堂一楼）,广东省广州市广软餐饮中心三楼12档,13059262145,餐饮行业,06:27-23:25,是,https://img.pospal.cn/storeLogo/4569082/2aca91fcd83046f698b6668f3c9720a0.jpg,2.0,10.0,0.69,360146000886632315,茶树菇炒肉,农家炒肉,12.9,12.9,939.0,否,https://img.pospal.cn/productImages/4569082/e65cf99f-51cd-4f7f-afb7-c38ea4f54a8a_200x200.jpg,2609092307387,,否,2026-09-09 23:08:05
4569082,椒小咖•现炒江湖菜（食堂一楼）,广东省广州市广软餐饮中心三楼12档,13059262145,餐饮行业,06:27-23:25,是,https://img.pospal.cn/storeLogo/4569082/2aca91fcd83046f698b6668f3c9720a0.jpg,2.0,10.0,0.69,394397380460371178,包菜炒肉,农家炒肉,12.9,12.9,955.0,否,https://img.pospal.cn/productImages/4569082/69f111f4-cfa8-4a92-941c-6122a6845397_200x200.jpg,2609092308070,,否,2026-09-09 23:08:58
4569082,椒小咖•现炒江湖菜（食堂一楼）,广东省广州市广软餐饮中心三楼12档,13059262145,餐饮行业,06:27-23:25,是,https://img.pospal.cn/storeLogo/4569082/2aca91fcd83046f698b6668f3c9720a0.jpg,2.0,10.0,0.69,329350336962484162,小青龙炒肉,农家炒肉,12.9,12.9,981.0,否,https://img.pospal.cn/productImages/4569082/8d71b5e1-e38d-4fa0-9974-5d8ffda48efe_200x200.jpg,2609092309053,,否,2026-09-09 23:09:30
4569082,椒小咖•现炒江湖菜（食堂一楼）,广东省广州市广软餐饮中心三楼12档,13059262145,餐饮行业,06:27-23:25,是,https://img.pospal.cn/storeLogo/4569082/2aca91fcd83046f698b6668f3c9720a0.jpg,2.0,10.0,0.69,946678270958090766,蒜苔炒肉,农家炒肉,12.9,12.9,960.0,否,https://img.pospal.cn/productImages/4569082/478819a5-4632-484a-90e1-a9595d55b5a8_200x200.jpg,2609092309336,,否,2026-09-09 23:10:19
4569082,椒小咖•现炒江湖菜（食堂一楼）,广东省广州市广软餐饮中心三楼12档,13059262145,餐饮行业,06:27-23:25,是,https://img.pospal.cn/storeLogo/4569082/2aca91fcd83046f698b6668f3c9720a0.jpg,2.0,10.0,0.69,344927689622675356,孜然土豆小酥肉,农家炒肉,12.9,12.9,754.0,否,https://img.pospal.cn/productImages/4569082/902f5356-56ae-405a-9477-c0ce01d7b219_200x200.jpg,2609092310233,,否,2026-09-09 23:11:18
4569082,椒小咖•现炒江湖菜（食堂一楼）,广东省广州市广软餐饮中心三楼12档,13059262145,餐饮行业,06:27-23:25,是,https://img.pospal.cn/storeLogo/4569082/2aca91fcd83046f698b6668f3c9720a0.jpg,2.0,10.0,0.69,121559696895386391,蒜苗炒肉,农家炒肉,12.9,12.9,990.0,否,https://img.pospal.cn/productImages/4569082/de86fbce-4685-4cae-9d2d-9ac272e7ec49_200x200.jpg,2609092311216,,否,2026-09-09 23:11:51
4569082,椒小咖•现炒江湖菜（食堂一楼）,广东省广州市广软餐饮中心三楼12档,13059262145,餐饮行业,06:27-23:25,是,https://img.pospal.cn/storeLogo/4569082/2aca91fcd83046f698b6668f3c9720a0.jpg,2.0,10.0,0.69,271335416158720035,酸菜炒肉,农家炒肉,12.9,12.9,978.0,否,https://img.pospal.cn/productImages/4569082/bb404a42-5384-4b1d-a293-08593e4eb8d6_200x200.jpg,2609092311544,,否,2026-09-09 23:12:18
4569082,椒小咖•现炒江湖菜（食堂一楼）,广东省广州市广软餐饮中心三楼12档,13059262145,餐饮行业,06:27-23:25,是,https://img.pospal.cn/storeLogo/4569082/2aca91fcd83046f698b6668f3c9720a0.jpg,2.0,10.0,0.69,1078257976347136237,莲藕炒肉,农家炒肉,12.9,12.9,965.0,否,https://img.pospal.cn/productImages/4569082/5c059051-a90f-4789-b599-0fb09f1abf7b_200x200.jpg,2609092312220,,否,2026-09-09 23:13:17
4569082,椒小咖•现炒江湖菜（食堂一楼）,广东省广州市广软餐饮中心三楼12档,13059262145,餐饮行业,06:27-23:25,是,https://img.pospal.cn/storeLogo/4569082/2aca91fcd83046f698b6668f3c9720a0.jpg,2.0,10.0,0.69,1035010529680669977,罗汉笋炒牛肉,新鲜牛肉,15.9,15.9,987.0,否,https://img.pospal.cn/productImages/4569082/ec4a72b2-6276-40f8-b381-17fee528a2af_200x200.jpg,2609101051195,,否,2026-09-10 10:51:55
4569082,椒小咖•现炒江湖菜（食堂一楼）,广东省广州市广软餐饮中心三楼12档,13059262145,餐饮行业,06:27-23:25,是,https://img.pospal.cn/storeLogo/4569082/2aca91fcd83046f698b6668f3c9720a0.jpg,2.0,10.0,0.69,437513776876072915,茶树菇炒牛肉,新鲜牛肉,15.9,15.9,985.0,否,https://img.pospal.cn/productImages/4569082/0fecbab6-e9aa-43eb-aa62-f78b0761d2dc_200x200.jpg,2609101051584,,否,2026-09-10 10:52:32
4569082,椒小咖•现炒江湖菜（食堂一楼）,广东省广州市广软餐饮中心三楼12档,13059262145,餐饮行业,06:27-23:25,是,https://img.pospal.cn/storeLogo/4569082/2aca91fcd83046f698b6668f3c9720a0.jpg,2.0,10.0,0.69,529144630567977945,蒜苔炒牛肉,新鲜牛肉,15.9,15.9,993.0,否,https://img.pospal.cn/productImages/4569082/1f469ec2-0d67-4728-85ba-df285688e402_200x200.jpg,2609101052352,,否,2026-09-10 10:52:59
4569082,椒小咖•现炒江湖菜（食堂一楼）,广东省广州市广软餐饮中心三楼12档,13059262145,餐饮行业,06:27-23:25,是,https://img.pospal.cn/storeLogo/4569082/2aca91fcd83046f698b6668f3c9720a0.jpg,2.0,10.0,0.69,805090279624035529,莲藕炒牛肉,新鲜牛肉,15.9,15.9,979.0,否,https://img.pospal.cn/productImages/4569082/744698f9-70ab-4d94-9ba0-81d0457eab95_200x200.jpg,2609101053021,,否,2026-09-10 10:53:23
4569082,椒小咖•现炒江湖菜（食堂一楼）,广东省广州市广软餐饮中心三楼12档,13059262145,餐饮行业,06:27-23:25,是,https://img.pospal.cn/storeLogo/4569082/2aca91fcd83046f698b6668f3c9720a0.jpg,2.0,10.0,0.69,152269307684312210,小青龙炒牛肉,新鲜牛肉,15.9,15.9,993.0,否,https://img.pospal.cn/productImages/4569082/2d75fdcc-20a3-4b97-b39c-0a9350a28d1f_200x200.jpg,2609101053267,,否,2026-09-10 10:53:41
4569082,椒小咖•现炒江湖菜（食堂一楼）,广东省广州市广软餐饮中心三楼12档,13059262145,餐饮行业,06:27-23:25,是,https://img.pospal.cn/storeLogo/4569082/2aca91fcd83046f698b6668f3c9720a0.jpg,2.0,10.0,0.69,655566357357375132,孜然土豆炒牛肉,新鲜牛肉,15.9,15.9,975.0,否,https://img.pospal.cn/productImages/4569082/e9f6fd84-894c-4d02-8963-ea9b9bb897c3_200x200.jpg,2609101053458,,否,2026-09-10 10:54:05
4569082,椒小咖•现炒江湖菜（食堂一楼）,广东省广州市广软餐饮中心三楼12档,13059262145,餐饮行业,06:27-23:25,是,https://img.pospal.cn/storeLogo/4569082/2aca91fcd83046f698b6668f3c9720a0.jpg,2.0,10.0,0.69,461642166496157274,【今日特价】孜然土豆火腿配五常大米饭,进店福利,10.99,10.99,913.0,否,https://img.pospal.cn/productImages/4569082/2013825b-82af-4355-882e-e435cb0874a6_200x200.jpg,2609092319045,,否,2026-09-09 23:19:31
4569082,椒小咖•现炒江湖菜（食堂一楼）,广东省广州市广软餐饮中心三楼12档,13059262145,餐饮行业,06:27-23:25,是,https://img.pospal.cn/storeLogo/4569082/2aca91fcd83046f698b6668f3c9720a0.jpg,2.0,10.0,0.69,1015108910102538044,【今日特价】麻辣干锅鸡配五常大米饭,进店福利,11.99,11.99,925.0,否,https://img.pospal.cn/productImages/4569082/459e1e35-a1fd-478c-9fdd-27a981c8aee2_200x200.jpg,2609101037281,,否,2026-09-10 10:38:15
4569082,椒小咖•现炒江湖菜（食堂一楼）,广东省广州市广软餐饮中心三楼12档,13059262145,餐饮行业,06:27-23:25,是,https://img.pospal.cn/storeLogo/4569082/2aca91fcd83046f698b6668f3c9720a0.jpg,2.0,10.0,0.69,713863798315548845,【超值1元换购】,进店福利,1.0,1.0,762.0,否,https://img.pospal.cn/productImages/4569082/a1cdd180-81b0-406f-9ed9-0da0cc2490a9_200x200.jpg,2609181140444,,是,2026-09-18 11:40:45
4569082,椒小咖•现炒江湖菜（食堂一楼）,广东省广州市广软餐饮中心三楼12档,13059262145,餐饮行业,06:27-23:25,是,https://img.pospal.cn/storeLogo/4569082/2aca91fcd83046f698b6668f3c9720a0.jpg,2.0,10.0,0.69,778253945979176131,所有小炒都配五常大米靓米饭,进店福利,999.0,999.0,999.0,否,https://img.pospal.cn/productImages/4569082/2a9c2cf8-e781-4e23-92bf-df2a28c30a6c_200x200.jpg,2609191244385,,是,2026-09-19 12:44:39
4569082,椒小咖•现炒江湖菜（食堂一楼）,广东省广州市广软餐饮中心三楼12档,13059262145,餐饮行业,06:27-23:25,是,https://img.pospal.cn/storeLogo/4569082/2aca91fcd83046f698b6668f3c9720a0.jpg,2.0,10.0,0.69,766403645797368052,麻辣干锅排骨,干锅系列,13.9,13.9,943.0,否,https://img.pospal.cn/productImages/4569082/e29b9c6e-946f-4783-bf3e-c4f0cedea7b1_200x200.jpg,2609101034396,,否,2026-09-10 10:35:28
4569082,椒小咖•现炒江湖菜（食堂一楼）,广东省广州市广软餐饮中心三楼12档,13059262145,餐饮行业,06:27-23:25,是,https://img.pospal.cn/storeLogo/4569082/2aca91fcd83046f698b6668f3c9720a0.jpg,2.0,10.0,0.69,1075415930369503641,麻辣干锅鸡杂,干锅系列,12.9,12.9,986.0,否,https://img.pospal.cn/productImages/4569082/07e72d8c-8c0a-4c36-9302-a71666c7bca3_200x200.jpg,2609101035317,,否,2026-09-10 10:37:22
4569082,椒小咖•现炒江湖菜（食堂一楼）,广东省广州市广软餐饮中心三楼12档,13059262145,餐饮行业,06:27-23:25,是,https://img.pospal.cn/storeLogo/4569082/2aca91fcd83046f698b6668f3c9720a0.jpg,2.0,10.0,0.69,480365538084051084,麻辣干锅肥肠,干锅系列,12.9,12.9,955.0,否,https://img.pospal.cn/productImages/4569082/13bee5c5-63e0-4d6f-a085-f674dffa07ee_200x200.jpg,2609101038172,,否,2026-09-10 10:39:39
4569082,椒小咖•现炒江湖菜（食堂一楼）,广东省广州市广软餐饮中心三楼12档,13059262145,餐饮行业,06:27-23:25,是,https://img.pospal.cn/storeLogo/4569082/2aca91fcd83046f698b6668f3c9720a0.jpg,2.0,10.0,0.69,37934843088133595,麻辣干锅炒肉,干锅系列,12.9,12.9,960.0,否,https://img.pospal.cn/productImages/4569082/f19a5874-2478-482e-b4c8-35d249cbf1b1_200x200.jpg,2609101039414,,否,2026-09-10 10:40:44
4569082,椒小咖•现炒江湖菜（食堂一楼）,广东省广州市广软餐饮中心三楼12档,13059262145,餐饮行业,06:27-23:25,是,https://img.pospal.cn/storeLogo/4569082/2aca91fcd83046f698b6668f3c9720a0.jpg,2.0,10.0,0.69,27253004351782470,麻辣干锅火腿肠,干锅系列,12.9,12.9,998.0,否,https://img.pospal.cn/productImages/4569082/73596442-1817-4f8e-95f2-523aacc8235e_200x200.jpg,2609101040472,,否,2026-09-10 10:41:34
4569082,椒小咖•现炒江湖菜（食堂一楼）,广东省广州市广软餐饮中心三楼12档,13059262145,餐饮行业,06:27-23:25,是,https://img.pospal.cn/storeLogo/4569082/2aca91fcd83046f698b6668f3c9720a0.jpg,2.0,10.0,0.69,1023226057534150933,手撕包菜,家常小炒,9.9,9.9,986.0,否,https://img.pospal.cn/productImages/4569082/eeccb091-038a-4e57-b329-7016575f20a9_200x200.jpg,2609092313340,,否,2026-09-09 23:18:23
4569082,椒小咖•现炒江湖菜（食堂一楼）,广东省广州市广软餐饮中心三楼12档,13059262145,餐饮行业,06:27-23:25,是,https://img.pospal.cn/storeLogo/4569082/2aca91fcd83046f698b6668f3c9720a0.jpg,2.0,10.0,0.69,1109997394862724168,蒜苔炒火腿,家常小炒,12.9,12.9,985.0,否,https://img.pospal.cn/productImages/4569082/24bf7b68-d849-4e9d-abb1-43674a6a910b_200x200.jpg,2609092318284,,否,2026-09-09 23:19:01
4569082,椒小咖•现炒江湖菜（食堂一楼）,广东省广州市广软餐饮中心三楼12档,13059262145,餐饮行业,06:27-23:25,是,https://img.pospal.cn/storeLogo/4569082/2aca91fcd83046f698b6668f3c9720a0.jpg,2.0,10.0,0.69,771695932458755668,豆角烧茄子肉沫,家常小炒,12.9,12.9,928.0,否,https://img.pospal.cn/productImages/4569082/d3d76405-0d14-449b-affe-f2c033086d51_200x200.jpg,2609092319342,,否,2026-09-09 23:20:00
4569082,椒小咖•现炒江湖菜（食堂一楼）,广东省广州市广软餐饮中心三楼12档,13059262145,餐饮行业,06:27-23:25,是,https://img.pospal.cn/storeLogo/4569082/2aca91fcd83046f698b6668f3c9720a0.jpg,2.0,10.0,0.69,58083547053744080,橄榄菜豆角肉沫,家常小炒,12.9,12.9,82.0,否,https://img.pospal.cn/productImages/4569082/8d4577ea-91ad-467a-9370-5759d8ac317a_200x200.jpg,2609092320034,,否,2026-09-09 23:20:45
4569082,椒小咖•现炒江湖菜（食堂一楼）,广东省广州市广软餐饮中心三楼12档,13059262145,餐饮行业,06:27-23:25,是,https://img.pospal.cn/storeLogo/4569082/2aca91fcd83046f698b6668f3c9720a0.jpg,2.0,10.0,0.69,672795882532763488,外婆菜炒肉沫,家常小炒,12.9,12.9,989.0,否,https://img.pospal.cn/productImages/4569082/4812d30c-83f9-444c-9569-186dbb6fbd02_200x200.jpg,2609092320492,,否,2026-09-09 23:21:15
4569082,椒小咖•现炒江湖菜（食堂一楼）,广东省广州市广软餐饮中心三楼12档,13059262145,餐饮行业,06:27-23:25,是,https://img.pospal.cn/storeLogo/4569082/2aca91fcd83046f698b6668f3c9720a0.jpg,2.0,10.0,0.69,483990855523171054,土豆烧蒜香排骨,家常小炒,12.9,12.9,931.0,否,https://img.pospal.cn/productImages/4569082/182796ea-a2bc-4a17-8b29-28c5238ba224_200x200.jpg,2609092321178,,否,2026-09-09 23:22:00
4569082,椒小咖•现炒江湖菜（食堂一楼）,广东省广州市广软餐饮中心三楼12档,13059262145,餐饮行业,06:27-23:25,是,https://img.pospal.cn/storeLogo/4569082/2aca91fcd83046f698b6668f3c9720a0.jpg,2.0,10.0,0.69,215916264334882954,土豆烧鹅肉,家常小炒,13.9,13.9,993.0,否,https://img.pospal.cn/productImages/4569082/5b3fbeb4-8098-4a4e-bf3b-9a6b86377d5f_200x200.jpg,2609092322045,,否,2026-09-09 23:22:27
4569082,椒小咖•现炒江湖菜（食堂一楼）,广东省广州市广软餐饮中心三楼12档,13059262145,餐饮行业,06:27-23:25,是,https://img.pospal.cn/storeLogo/4569082/2aca91fcd83046f698b6668f3c9720a0.jpg,2.0,10.0,0.69,1100249534795193430,酸菜炒鹅肉,家常小炒,13.9,13.9,989.0,否,https://img.pospal.cn/productImages/4569082/0105e9e2-238a-46e6-98d2-0bfec7b11417_200x200.jpg,2609092322298,,否,2026-09-09 23:22:55
4569082,椒小咖•现炒江湖菜（食堂一楼）,广东省广州市广软餐饮中心三楼12档,13059262145,餐饮行业,06:27-23:25,是,https://img.pospal.cn/storeLogo/4569082/2aca91fcd83046f698b6668f3c9720a0.jpg,2.0,10.0,0.69,879183375572106175,腐竹炒鹅肉,家常小炒,13.9,13.9,992.0,否,https://img.pospal.cn/productImages/4569082/79d41fd5-3ead-48f0-8013-f1d561c09570_200x200.jpg,2609092322588,,否,2026-09-09 23:23:25
4569082,椒小咖•现炒江湖菜（食堂一楼）,广东省广州市广软餐饮中心三楼12档,13059262145,餐饮行业,06:27-23:25,是,https://img.pospal.cn/storeLogo/4569082/2aca91fcd83046f698b6668f3c9720a0.jpg,2.0,10.0,0.69,702219309385523828,堂食免费小菜、例汤、加饭,店铺形象,999.0,999.0,999.0,否,https://img.pospal.cn/productImages/4569082/1d68039f-b75e-4e35-90d6-5711992b2d6a_200x200.jpg,2609191121372,,是,2026-09-19 11:21:39
4569082,椒小咖•现炒江湖菜（食堂一楼）,广东省广州市广软餐饮中心三楼12档,13059262145,餐饮行业,06:27-23:25,是,https://img.pospal.cn/storeLogo/4569082/2aca91fcd83046f698b6668f3c9720a0.jpg,2.0,10.0,0.69,667800493264596813,明厨亮灶,店铺形象,999.0,999.0,999.0,否,https://img.pospal.cn/productImages/4569082/0c4e79f2-a235-4020-9e0c-e5c4acb152bf_200x200.jpg,2609191123406,,是,2026-09-19 11:23:42
4569082,椒小咖•现炒江湖菜（食堂一楼）,广东省广州市广软餐饮中心三楼12档,13059262145,餐饮行业,06:27-23:25,是,https://img.pospal.cn/storeLogo/4569082/2aca91fcd83046f698b6668f3c9720a0.jpg,2.0,10.0,0.69,276786591738903279,够锅气够惹味,店铺形象,999.0,999.0,99.0,否,https://img.pospal.cn/productImages/4569082/f806f800-adbc-433c-abc1-96e64653cbc3_200x200.jpg,2609191249588,,是,2026-09-19 12:50:57
4569082,椒小咖•现炒江湖菜（食堂一楼）,广东省广州市广软餐饮中心三楼12档,13059262145,餐饮行业,06:27-23:25,是,https://img.pospal.cn/storeLogo/4569082/2aca91fcd83046f698b6668f3c9720a0.jpg,2.0,10.0,0.69,897493602276872772,蒜苔炒腊肉,烟熏腊肉,13.9,13.9,987.0,否,https://img.pospal.cn/productImages/4569082/ad1e7f9d-ba70-45cb-88e3-1c6b44c1375c_200x200.jpg,2609101046559,,否,2026-09-10 10:48:22
4569082,椒小咖•现炒江湖菜（食堂一楼）,广东省广州市广软餐饮中心三楼12档,13059262145,餐饮行业,06:27-23:25,是,https://img.pospal.cn/storeLogo/4569082/2aca91fcd83046f698b6668f3c9720a0.jpg,2.0,10.0,0.69,17000773386901952,罗汉笋炒腊肉,烟熏腊肉,13.9,13.9,990.0,否,https://img.pospal.cn/productImages/4569082/42762358-f498-490f-a9be-4eb5709d3ed4_200x200.jpg,2609101048256,,否,2026-09-10 10:49:12
4569082,椒小咖•现炒江湖菜（食堂一楼）,广东省广州市广软餐饮中心三楼12档,13059262145,餐饮行业,06:27-23:25,是,https://img.pospal.cn/storeLogo/4569082/2aca91fcd83046f698b6668f3c9720a0.jpg,2.0,10.0,0.69,424940940487445334,土豆炒腊肉,烟熏腊肉,13.9,13.9,987.0,否,https://img.pospal.cn/productImages/4569082/5de9111b-b60b-48d8-8bb6-583da87c1f8f_200x200.jpg,2609101049154,,否,2026-09-10 10:49:32
4569082,椒小咖•现炒江湖菜（食堂一楼）,广东省广州市广软餐饮中心三楼12档,13059262145,餐饮行业,06:27-23:25,是,https://img.pospal.cn/storeLogo/4569082/2aca91fcd83046f698b6668f3c9720a0.jpg,2.0,10.0,0.69,321648222064233176,腐竹炒腊肉,烟熏腊肉,13.9,13.9,995.0,否,https://img.pospal.cn/productImages/4569082/b8bc9a02-2b46-4346-a944-7a2e9d5f3b1d_200x200.jpg,2609101049352,,否,2026-09-10 10:49:50
4569082,椒小咖•现炒江湖菜（食堂一楼）,广东省广州市广软餐饮中心三楼12档,13059262145,餐饮行业,06:27-23:25,是,https://img.pospal.cn/storeLogo/4569082/2aca91fcd83046f698b6668f3c9720a0.jpg,2.0,10.0,0.69,54420069908635723,青瓜炒腊肉,烟熏腊肉,13.9,13.9,998.0,否,https://img.pospal.cn/productImages/4569082/a9b58fe5-fc9d-49e0-b598-93c88faf08b7_200x200.jpg,2609101049536,,否,2026-09-10 10:51:04
4569082,椒小咖•现炒江湖菜（食堂一楼）,广东省广州市广软餐饮中心三楼12档,13059262145,餐饮行业,06:27-23:25,是,https://img.pospal.cn/storeLogo/4569082/2aca91fcd83046f698b6668f3c9720a0.jpg,2.0,10.0,0.69,511027450852644778,武汉黑鸦煲（加土豆茄子）,招牌黑鸭,14.9,14.9,958.0,否,https://img.pospal.cn/productImages/4569082/0d10bd78-a61d-4b80-9370-81f1fa77fd6f_200x200.jpg,2609092323301,,否,2026-09-09 23:24:18
4569082,椒小咖•现炒江湖菜（食堂一楼）,广东省广州市广软餐饮中心三楼12档,13059262145,餐饮行业,06:27-23:25,是,https://img.pospal.cn/storeLogo/4569082/2aca91fcd83046f698b6668f3c9720a0.jpg,2.0,10.0,0.69,627810169204113507,武汉黑鸦煲（加莲藕茄子）,招牌黑鸭,14.9,14.9,986.0,否,https://img.pospal.cn/productImages/4569082/98616349-2336-4cf3-8449-f4cb19fc182d_200x200.jpg,2609092324216,,否,2026-09-09 23:24:43
4569082,椒小咖•现炒江湖菜（食堂一楼）,广东省广州市广软餐饮中心三楼12档,13059262145,餐饮行业,06:27-23:25,是,https://img.pospal.cn/storeLogo/4569082/2aca91fcd83046f698b6668f3c9720a0.jpg,2.0,10.0,0.69,894282331035854403,罗汉笋炒黑鸭,招牌黑鸭,13.9,13.9,990.0,否,https://img.pospal.cn/productImages/4569082/ca0ece9c-aebd-445b-bdfe-5fe9b26627c3_200x200.jpg,2609092324452,,否,2026-09-09 23:25:20
4569082,椒小咖•现炒江湖菜（食堂一楼）,广东省广州市广软餐饮中心三楼12档,13059262145,餐饮行业,06:27-23:25,是,https://img.pospal.cn/storeLogo/4569082/2aca91fcd83046f698b6668f3c9720a0.jpg,2.0,10.0,0.69,398020050253379515,酸菜炒黑鸭,招牌黑鸭,13.9,13.9,992.0,否,https://img.pospal.cn/productImages/4569082/89387c41-ada1-4379-a9bb-3b1b0b742835_200x200.jpg,2609092325220,,否,2026-09-09 23:26:23
4569082,椒小咖•现炒江湖菜（食堂一楼）,广东省广州市广软餐饮中心三楼12档,13059262145,餐饮行业,06:27-23:25,是,https://img.pospal.cn/storeLogo/4569082/2aca91fcd83046f698b6668f3c9720a0.jpg,2.0,10.0,0.69,592660487546297974,赣味小炒鸭,招牌黑鸭,13.9,13.9,997.0,否,https://img.pospal.cn/productImages/4569082/9193ba8f-15b3-44d9-9e52-e78be5e7ad25_200x200.jpg,2609092326289,,否,2026-09-09 23:27:05
4569082,椒小咖•现炒江湖菜（食堂一楼）,广东省广州市广软餐饮中心三楼12档,13059262145,餐饮行业,06:27-23:25,是,https://img.pospal.cn/storeLogo/4569082/2aca91fcd83046f698b6668f3c9720a0.jpg,2.0,10.0,0.69,748281649827325412,腐竹炒黑鸭,招牌黑鸭,13.9,13.9,980.0,否,https://img.pospal.cn/productImages/4569082/1d6424dd-3117-4ca9-9014-cc4b3830ae29_200x200.jpg,2609092327088,,否,2026-09-09 23:27:42
4569082,椒小咖•现炒江湖菜（食堂一楼）,广东省广州市广软餐饮中心三楼12档,13059262145,餐饮行业,06:27-23:25,是,https://img.pospal.cn/storeLogo/4569082/2aca91fcd83046f698b6668f3c9720a0.jpg,2.0,10.0,0.69,806619006829122704,土豆炒黑鸭,招牌黑鸭,13.9,13.9,985.0,否,https://img.pospal.cn/productImages/4569082/4bd87f84-ceab-48c0-9191-96877727a796_200x200.jpg,2609092327453,,否,2026-09-09 23:28:20
4569082,椒小咖•现炒江湖菜（食堂一楼）,广东省广州市广软餐饮中心三楼12档,13059262145,餐饮行业,06:27-23:25,是,https://img.pospal.cn/storeLogo/4569082/2aca91fcd83046f698b6668f3c9720a0.jpg,2.0,10.0,0.69,461499747610751808,青瓜炒黑鸭,招牌黑鸭,13.9,13.9,996.0,否,https://img.pospal.cn/productImages/4569082/55fe75dd-7fa7-4ac6-9446-efb1ec8990ab_200x200.jpg,2609092328269,,否,2026-09-09 23:28:54
4569083,五谷杂粮渔粉（二食堂店）,广东省广州市广州软件学院第五食堂,13113325764,餐饮行业,06:00-23:29,是,https://img.pospal.cn/storeLogo/7e7a2a36-3fcc-41cf-8d5f-e0f60f5f8216.jpg,2.0,10.0,0.69,295789235128428453,五谷原味鱼粉,五谷渔粉,11.0,11.0,9755.0,否,https://img.pospal.cn/productImages/0/default/food_200x200.png,2609072223539,,否,2026-09-07 22:24:49
4569083,五谷杂粮渔粉（二食堂店）,广东省广州市广州软件学院第五食堂,13113325764,餐饮行业,06:00-23:29,是,https://img.pospal.cn/storeLogo/7e7a2a36-3fcc-41cf-8d5f-e0f60f5f8216.jpg,2.0,10.0,0.69,78181434709816688,五谷酸辣鱼粉,五谷渔粉,12.0,12.0,852.0,否,https://img.pospal.cn/productImages/0/default/food_200x200.png,2609072224550,,否,2026-09-07 22:25:16
4569083,五谷杂粮渔粉（二食堂店）,广东省广州市广州软件学院第五食堂,13113325764,餐饮行业,06:00-23:29,是,https://img.pospal.cn/storeLogo/7e7a2a36-3fcc-41cf-8d5f-e0f60f5f8216.jpg,2.0,10.0,0.69,492176086549597847,五谷香辣鱼粉,五谷渔粉,12.0,12.0,967.0,否,https://img.pospal.cn/productImages/0/default/food_200x200.png,2609072225205,,否,2026-09-07 22:25:39
4569083,五谷杂粮渔粉（二食堂店）,广东省广州市广州软件学院第五食堂,13113325764,餐饮行业,06:00-23:29,是,https://img.pospal.cn/storeLogo/7e7a2a36-3fcc-41cf-8d5f-e0f60f5f8216.jpg,2.0,10.0,0.69,1064453439720613365,五谷麻辣鱼粉,五谷渔粉,12.0,12.0,985.0,否,https://img.pospal.cn/productImages/0/default/food_200x200.png,2609072225434,,否,2026-09-07 22:26:10
4569083,五谷杂粮渔粉（二食堂店）,广东省广州市广州软件学院第五食堂,13113325764,餐饮行业,06:00-23:29,是,https://img.pospal.cn/storeLogo/7e7a2a36-3fcc-41cf-8d5f-e0f60f5f8216.jpg,2.0,10.0,0.69,486527681271755498,五谷金汤鱼粉,五谷渔粉,12.0,12.0,798.0,否,https://img.pospal.cn/productImages/0/default/food_200x200.png,2609072226134,,否,2026-09-07 22:26:29
4569083,五谷杂粮渔粉（二食堂店）,广东省广州市广州软件学院第五食堂,13113325764,餐饮行业,06:00-23:29,是,https://img.pospal.cn/storeLogo/7e7a2a36-3fcc-41cf-8d5f-e0f60f5f8216.jpg,2.0,10.0,0.69,401801613260052400,五谷排骨鱼粉,五谷渔粉,13.0,13.0,966.0,否,https://img.pospal.cn/productImages/0/default/food_200x200.png,2609072226325,,否,2026-09-07 22:26:52
4569083,五谷杂粮渔粉（二食堂店）,广东省广州市广州软件学院第五食堂,13113325764,餐饮行业,06:00-23:29,是,https://img.pospal.cn/storeLogo/7e7a2a36-3fcc-41cf-8d5f-e0f60f5f8216.jpg,2.0,10.0,0.69,19836781715457958,五谷牛腩鱼粉,五谷渔粉,15.0,15.0,972.0,否,https://img.pospal.cn/productImages/0/default/food_200x200.png,2609072226547,,否,2026-09-07 22:27:10
4569083,五谷杂粮渔粉（二食堂店）,广东省广州市广州软件学院第五食堂,13113325764,餐饮行业,06:00-23:29,是,https://img.pospal.cn/storeLogo/7e7a2a36-3fcc-41cf-8d5f-e0f60f5f8216.jpg,2.0,10.0,0.69,75050742341894401,五谷鱼蛋丸鱼粉,五谷渔粉,13.0,13.0,983.0,否,https://img.pospal.cn/productImages/0/default/food_200x200.png,2609072227131,,否,2026-09-07 22:27:41
4569083,五谷杂粮渔粉（二食堂店）,广东省广州市广州软件学院第五食堂,13113325764,餐饮行业,06:00-23:29,是,https://img.pospal.cn/storeLogo/7e7a2a36-3fcc-41cf-8d5f-e0f60f5f8216.jpg,2.0,10.0,0.69,1004637548863481276,五谷红烧鸡块鱼粉,五谷渔粉,13.0,13.0,974.0,否,https://img.pospal.cn/productImages/0/default/food_200x200.png,2609072227445,,否,2026-09-07 22:28:14
4569083,五谷杂粮渔粉（二食堂店）,广东省广州市广州软件学院第五食堂,13113325764,餐饮行业,06:00-23:29,是,https://img.pospal.cn/storeLogo/7e7a2a36-3fcc-41cf-8d5f-e0f60f5f8216.jpg,2.0,10.0,0.69,706887971630458880,五谷牛筋丸鱼粉,五谷渔粉,13.0,13.0,925.0,否,https://img.pospal.cn/productImages/0/default/food_200x200.png,2609072228183,,否,2026-09-07 22:28:33
4569083,五谷杂粮渔粉（二食堂店）,广东省广州市广州软件学院第五食堂,13113325764,餐饮行业,06:00-23:29,是,https://img.pospal.cn/storeLogo/7e7a2a36-3fcc-41cf-8d5f-e0f60f5f8216.jpg,2.0,10.0,0.69,713702744177640535,五谷猪肉片鱼粉,五谷渔粉,13.0,13.0,99987.0,否,https://img.pospal.cn/productImages/0/default/food_200x200.png,2609072228374,,否,2026-09-07 22:28:58
4569083,五谷杂粮渔粉（二食堂店）,广东省广州市广州软件学院第五食堂,13113325764,餐饮行业,06:00-23:29,是,https://img.pospal.cn/storeLogo/7e7a2a36-3fcc-41cf-8d5f-e0f60f5f8216.jpg,2.0,10.0,0.69,419197172406262166,五谷肥牛鱼粉,五谷渔粉,13.0,13.0,954.0,否,https://img.pospal.cn/productImages/0/default/food_200x200.png,2609072229050,,否,2026-09-07 22:29:22
4569083,五谷杂粮渔粉（二食堂店）,广东省广州市广州软件学院第五食堂,13113325764,餐饮行业,06:00-23:29,是,https://img.pospal.cn/storeLogo/7e7a2a36-3fcc-41cf-8d5f-e0f60f5f8216.jpg,2.0,10.0,0.69,852768433203699321,五谷牛杂鱼粉,五谷渔粉,13.0,13.0,977.0,否,https://img.pospal.cn/productImages/0/default/food_200x200.png,2609072229265,,否,2026-09-07 22:29:40
4569083,五谷杂粮渔粉（二食堂店）,广东省广州市广州软件学院第五食堂,13113325764,餐饮行业,06:00-23:29,是,https://img.pospal.cn/storeLogo/7e7a2a36-3fcc-41cf-8d5f-e0f60f5f8216.jpg,2.0,10.0,0.69,175824967118995246,五谷肥肠鱼粉,五谷渔粉,13.0,13.0,993.0,否,https://img.pospal.cn/productImages/0/default/food_200x200.png,2609072229432,,否,2026-09-07 22:30:09
4569083,五谷杂粮渔粉（二食堂店）,广东省广州市广州软件学院第五食堂,13113325764,餐饮行业,06:00-23:29,是,https://img.pospal.cn/storeLogo/7e7a2a36-3fcc-41cf-8d5f-e0f60f5f8216.jpg,2.0,10.0,0.69,946334426525360311,五谷花甲鱼粉,五谷渔粉,14.0,14.0,995.0,否,https://img.pospal.cn/productImages/0/default/food_200x200.png,2609072230131,,否,2026-09-07 22:30:34
4569083,五谷杂粮渔粉（二食堂店）,广东省广州市广州软件学院第五食堂,13113325764,餐饮行业,06:00-23:29,是,https://img.pospal.cn/storeLogo/7e7a2a36-3fcc-41cf-8d5f-e0f60f5f8216.jpg,2.0,10.0,0.69,654732304236448477,五谷鲜虾鱼粉,五谷渔粉,14.0,14.0,980.0,否,https://img.pospal.cn/productImages/0/default/food_200x200.png,2609072230377,,否,2026-09-07 22:30:53
4569083,五谷杂粮渔粉（二食堂店）,广东省广州市广州软件学院第五食堂,13113325764,餐饮行业,06:00-23:29,是,https://img.pospal.cn/storeLogo/7e7a2a36-3fcc-41cf-8d5f-e0f60f5f8216.jpg,2.0,10.0,0.69,22579022609012688,五谷鱼头鱼粉,五谷渔粉,15.0,15.0,996.0,否,https://img.pospal.cn/productImages/0/default/food_200x200.png,2609072230568,,否,2026-09-07 22:31:13
4569083,五谷杂粮渔粉（二食堂店）,广东省广州市广州软件学院第五食堂,13113325764,餐饮行业,06:00-23:29,是,https://img.pospal.cn/storeLogo/7e7a2a36-3fcc-41cf-8d5f-e0f60f5f8216.jpg,2.0,10.0,0.69,796861639364524375,五谷番茄廋肉鱼粉,五谷渔粉,13.0,13.0,99971.0,否,https://img.pospal.cn/productImages/0/default/food_200x200.png,2609072231176,,否,2026-09-07 22:31:42
4570710,粤小碗（二食堂）,广东省广州市广州软件学院第二饭堂,15766635086,餐饮行业,10:00-22:59,是,https://img.pospal.cn/storeLogo/de862cd7-e8a2-4a45-9d9f-0f2bf77e927e.jpg,0,0,0,236980678742964178,一肉一小炒+米饭,自选快餐,12.0,12.0,969981.0,否,https://img.pospal.cn/productImages/4570710/d9c1fb1b-8cfd-402c-8849-9712e84bc23a_200x200.jpg,2503291301200,,否,2025-03-29 13:02:39
4570710,粤小碗（二食堂）,广东省广州市广州软件学院第二饭堂,15766635086,餐饮行业,10:00-22:59,是,https://img.pospal.cn/storeLogo/de862cd7-e8a2-4a45-9d9f-0f2bf77e927e.jpg,0,0,0,580382714289514980,一肉二小炒+米饭,自选快餐,14.0,14.0,981450.0,否,https://img.pospal.cn/productImages/4570710/1f5d4ee9-0a40-4177-ba15-b97a8b6b2913_200x200.jpg,2503291302429,,否,2025-03-29 13:03:10
4570711,泰岛蛋.泰国咖喱蛋包饭,广东省广州市广州软件学院食堂一楼,18922112778,餐饮行业,"16:30-19:00, 10:30-13:00",否,https://img.pospal.cn/storeLogo/132675c9-2f81-4d29-9ede-96cd35939bd0.jpg,2.0,10.0,0.69,635913931299393505,鸡排蛋包饭,蛋包饭,13.0,13.0,991.0,否,https://img.pospal.cn/productImages/4570711/794e222c-ab1f-4c4f-b127-723e6a2036f3_200x200.jpg,2609232124096,,否,2026-09-23 21:24:58
4570711,泰岛蛋.泰国咖喱蛋包饭,广东省广州市广州软件学院食堂一楼,18922112778,餐饮行业,"16:30-19:00, 10:30-13:00",否,https://img.pospal.cn/storeLogo/132675c9-2f81-4d29-9ede-96cd35939bd0.jpg,2.0,10.0,0.69,1009041735913814516,炸鸡蛋包饭,蛋包饭,13.0,13.0,18.0,否,https://img.pospal.cn/productImages/4570711/20082d83-8d64-4120-abba-064a727ca6a0_200x200.jpg,2609232123372,,否,2026-09-23 21:24:04
4570711,泰岛蛋.泰国咖喱蛋包饭,广东省广州市广州软件学院食堂一楼,18922112778,餐饮行业,"16:30-19:00, 10:30-13:00",否,https://img.pospal.cn/storeLogo/132675c9-2f81-4d29-9ede-96cd35939bd0.jpg,2.0,10.0,0.69,543992928330249270,鸡扒蛋包饭,蛋包饭,14.0,14.0,994.0,否,https://img.pospal.cn/productImages/4570711/37eed3ef-d65a-4673-89e6-e7b7992e5e42_200x200.jpg,2609232122320,,否,2026-09-23 21:23:20
4570711,泰岛蛋.泰国咖喱蛋包饭,广东省广州市广州软件学院食堂一楼,18922112778,餐饮行业,"16:30-19:00, 10:30-13:00",否,https://img.pospal.cn/storeLogo/132675c9-2f81-4d29-9ede-96cd35939bd0.jpg,2.0,10.0,0.69,921395814813074300,烤肠蛋包饭,蛋包饭,14.0,14.0,998.0,否,https://img.pospal.cn/productImages/4570711/72a647f9-956b-4279-8a3a-134cbc3c4052_200x200.jpg,2609232127516,,否,2026-09-23 21:28:37
4570711,泰岛蛋.泰国咖喱蛋包饭,广东省广州市广州软件学院食堂一楼,18922112778,餐饮行业,"16:30-19:00, 10:30-13:00",否,https://img.pospal.cn/storeLogo/132675c9-2f81-4d29-9ede-96cd35939bd0.jpg,2.0,10.0,0.69,171149716226957094,原切猪扒蛋包饭,蛋包饭,16.0,16.0,10.0,否,https://img.pospal.cn/productImages/4570711/fafa43f2-154a-4244-a187-83ee9cf87aee_200x200.jpg,2609232126045,,否,2026-09-23 21:26:39
4570711,泰岛蛋.泰国咖喱蛋包饭,广东省广州市广州软件学院食堂一楼,18922112778,餐饮行业,"16:30-19:00, 10:30-13:00",否,https://img.pospal.cn/storeLogo/132675c9-2f81-4d29-9ede-96cd35939bd0.jpg,2.0,10.0,0.69,220420061082439581,任意双拼蛋包饭,蛋包饭,18.0,18.0,998.0,否,https://img.pospal.cn/productImages/0/default/food_200x200.png,2609232139168,,否,2026-09-23 21:40:09
4570711,泰岛蛋.泰国咖喱蛋包饭,广东省广州市广州软件学院食堂一楼,18922112778,餐饮行业,"16:30-19:00, 10:30-13:00",否,https://img.pospal.cn/storeLogo/132675c9-2f81-4d29-9ede-96cd35939bd0.jpg,2.0,10.0,0.69,708264879130823581,海苔鸡扒蛋包饭,蛋包饭,14.0,14.0,0.0,是,https://img.pospal.cn/productImages/4570711/77b8f16e-3640-4813-a9b7-c25e7cb0ff36_200x200.jpg,2609232125123,,否,2026-09-23 21:25:38
4570711,泰岛蛋.泰国咖喱蛋包饭,广东省广州市广州软件学院食堂一楼,18922112778,餐饮行业,"16:30-19:00, 10:30-13:00",否,https://img.pospal.cn/storeLogo/132675c9-2f81-4d29-9ede-96cd35939bd0.jpg,2.0,10.0,0.69,316074770349967033,黑椒猪扒蛋包饭,蛋包饭,15.0,15.0,0.0,是,https://img.pospal.cn/productImages/4570711/486e9093-fe37-42b9-9069-6eaa440bef35_200x200.jpg,2609232126427,,否,2026-09-23 21:27:23
4570711,泰岛蛋.泰国咖喱蛋包饭,广东省广州市广州软件学院食堂一楼,18922112778,餐饮行业,"16:30-19:00, 10:30-13:00",否,https://img.pospal.cn/storeLogo/132675c9-2f81-4d29-9ede-96cd35939bd0.jpg,2.0,10.0,0.69,452343976656599969,火山石烤肠,小吃,5.0,5.0,999.0,否,https://img.pospal.cn/productImages/0/default/food_200x200.png,2609232141444,,否,2026-09-23 21:42:03
4570711,泰岛蛋.泰国咖喱蛋包饭,广东省广州市广州软件学院食堂一楼,18922112778,餐饮行业,"16:30-19:00, 10:30-13:00",否,https://img.pospal.cn/storeLogo/132675c9-2f81-4d29-9ede-96cd35939bd0.jpg,2.0,10.0,0.69,141595027692853295,鸡扒,小吃,8.0,8.0,999.0,否,https://img.pospal.cn/productImages/0/default/food_200x200.png,2609232141246,,否,2026-09-23 21:41:41
4570711,泰岛蛋.泰国咖喱蛋包饭,广东省广州市广州软件学院食堂一楼,18922112778,餐饮行业,"16:30-19:00, 10:30-13:00",否,https://img.pospal.cn/storeLogo/132675c9-2f81-4d29-9ede-96cd35939bd0.jpg,2.0,10.0,0.69,1103519646361661142,炸鸡块,小吃,8.0,8.0,999.0,否,https://img.pospal.cn/productImages/0/default/food_200x200.png,2609232142052,,否,2026-09-23 21:42:17
4570711,泰岛蛋.泰国咖喱蛋包饭,广东省广州市广州软件学院食堂一楼,18922112778,餐饮行业,"16:30-19:00, 10:30-13:00",否,https://img.pospal.cn/storeLogo/132675c9-2f81-4d29-9ede-96cd35939bd0.jpg,2.0,10.0,0.69,262494172418418427,鸡排,小吃,8.0,8.0,999.0,否,https://img.pospal.cn/productImages/0/default/food_200x200.png,2609232142205,,否,2026-09-23 21:42:29
4570711,泰岛蛋.泰国咖喱蛋包饭,广东省广州市广州软件学院食堂一楼,18922112778,餐饮行业,"16:30-19:00, 10:30-13:00",否,https://img.pospal.cn/storeLogo/132675c9-2f81-4d29-9ede-96cd35939bd0.jpg,2.0,10.0,0.69,191414478935143569,猪扒,小吃,8.0,8.0,999.0,否,https://img.pospal.cn/productImages/0/default/food_200x200.png,2609232142564,,否,2026-09-23 21:43:05
4570711,泰岛蛋.泰国咖喱蛋包饭,广东省广州市广州软件学院食堂一楼,18922112778,餐饮行业,"16:30-19:00, 10:30-13:00",否,https://img.pospal.cn/storeLogo/132675c9-2f81-4d29-9ede-96cd35939bd0.jpg,2.0,10.0,0.69,950262154573330811,海苔鸡扒,小吃,8.0,8.0,0.0,是,https://img.pospal.cn/productImages/0/default/food_200x200.png,2609232142328,,否,2026-09-23 21:42:50
4656681,肠粉粥店（二食堂店）,广东省广州市广软学院餐饮中心三楼,17520144290,餐饮行业,"16:00-19:30, 10:00-13:29",是,https://img.pospal.cn/storeLogo/4656681/e870ba118a5d42ee98343ca995584f32.jpg,2.0,10.0,0.69,823861063863966043,斋蒸米粉,蒸米粉,6.0,6.0,996.0,否,https://img.pospal.cn/productImages/0/default/food_200x200.png,2609092158545,,否,2026-09-09 21:59:28
4656681,肠粉粥店（二食堂店）,广东省广州市广软学院餐饮中心三楼,17520144290,餐饮行业,"16:00-19:30, 10:00-13:29",是,https://img.pospal.cn/storeLogo/4656681/e870ba118a5d42ee98343ca995584f32.jpg,2.0,10.0,0.69,137986232628576014,鸡蛋蒸米粉,蒸米粉,7.0,7.0,981.0,否,https://img.pospal.cn/productImages/0/default/food_200x200.png,2609092159313,,否,2026-09-09 21:59:53
4656681,肠粉粥店（二食堂店）,广东省广州市广软学院餐饮中心三楼,17520144290,餐饮行业,"16:00-19:30, 10:00-13:29",是,https://img.pospal.cn/storeLogo/4656681/e870ba118a5d42ee98343ca995584f32.jpg,2.0,10.0,0.69,976268383449554625,廋肉蒸米粉,蒸米粉,7.0,7.0,979.0,否,https://img.pospal.cn/productImages/0/default/food_200x200.png,2609092159566,,否,2026-09-09 22:00:11
4656681,肠粉粥店（二食堂店）,广东省广州市广软学院餐饮中心三楼,17520144290,餐饮行业,"16:00-19:30, 10:00-13:29",是,https://img.pospal.cn/storeLogo/4656681/e870ba118a5d42ee98343ca995584f32.jpg,2.0,10.0,0.69,1052513402942911600,鸡蛋廋肉蒸米粉,蒸米粉,8.0,8.0,971.0,否,https://img.pospal.cn/productImages/0/default/food_200x200.png,2609092200145,,否,2026-09-09 22:00:31
4656681,肠粉粥店（二食堂店）,广东省广州市广软学院餐饮中心三楼,17520144290,餐饮行业,"16:00-19:30, 10:00-13:29",是,https://img.pospal.cn/storeLogo/4656681/e870ba118a5d42ee98343ca995584f32.jpg,2.0,10.0,0.69,10198780456577691,双蛋蒸米粉,蒸米粉,10.0,10.0,998.0,否,https://img.pospal.cn/productImages/0/default/food_200x200.png,2609092200343,,否,2026-09-09 22:00:50
4656681,肠粉粥店（二食堂店）,广东省广州市广软学院餐饮中心三楼,17520144290,餐饮行业,"16:00-19:30, 10:00-13:29",是,https://img.pospal.cn/storeLogo/4656681/e870ba118a5d42ee98343ca995584f32.jpg,2.0,10.0,0.69,60609492683589682,牛肉鸡蛋蒸米粉,蒸米粉,11.0,11.0,991.0,否,https://img.pospal.cn/productImages/0/default/food_200x200.png,2609092200527,,否,2026-09-09 22:01:12
4656681,肠粉粥店（二食堂店）,广东省广州市广软学院餐饮中心三楼,17520144290,餐饮行业,"16:00-19:30, 10:00-13:29",是,https://img.pospal.cn/storeLogo/4656681/e870ba118a5d42ee98343ca995584f32.jpg,2.0,10.0,0.69,359796073215404882,斋肠粉,广式肠粉,4.0,4.0,981.0,否,https://img.pospal.cn/productImages/0/default/food_200x200.png,2609092153045,,否,2026-09-09 21:53:45
4656681,肠粉粥店（二食堂店）,广东省广州市广软学院餐饮中心三楼,17520144290,餐饮行业,"16:00-19:30, 10:00-13:29",是,https://img.pospal.cn/storeLogo/4656681/e870ba118a5d42ee98343ca995584f32.jpg,2.0,10.0,0.69,905786149395513485,火腿玉米,广式肠粉,6.0,6.0,978.0,否,https://img.pospal.cn/productImages/0/default/food_200x200.png,2609092153489,,否,2026-09-09 21:54:05
4656681,肠粉粥店（二食堂店）,广东省广州市广软学院餐饮中心三楼,17520144290,餐饮行业,"16:00-19:30, 10:00-13:29",是,https://img.pospal.cn/storeLogo/4656681/e870ba118a5d42ee98343ca995584f32.jpg,2.0,10.0,0.69,503990221621243867,鸡蛋肠粉,广式肠粉,6.0,6.0,915.0,否,https://img.pospal.cn/productImages/0/default/food_200x200.png,2609092154080,,否,2026-09-09 21:54:20
4656681,肠粉粥店（二食堂店）,广东省广州市广软学院餐饮中心三楼,17520144290,餐饮行业,"16:00-19:30, 10:00-13:29",是,https://img.pospal.cn/storeLogo/4656681/e870ba118a5d42ee98343ca995584f32.jpg,2.0,10.0,0.69,1076810997453236138,廋肉肠粉,广式肠粉,6.0,6.0,939.0,否,https://img.pospal.cn/productImages/0/default/food_200x200.png,2609092154240,,否,2026-09-09 21:54:48
4656681,肠粉粥店（二食堂店）,广东省广州市广软学院餐饮中心三楼,17520144290,餐饮行业,"16:00-19:30, 10:00-13:29",是,https://img.pospal.cn/storeLogo/4656681/e870ba118a5d42ee98343ca995584f32.jpg,2.0,10.0,0.69,663774624205969280,双蛋肠粉,广式肠粉,7.0,7.0,967.0,否,https://img.pospal.cn/productImages/0/default/food_200x200.png,2609092154516,,否,2026-09-09 21:55:09
4656681,肠粉粥店（二食堂店）,广东省广州市广软学院餐饮中心三楼,17520144290,餐饮行业,"16:00-19:30, 10:00-13:29",是,https://img.pospal.cn/storeLogo/4656681/e870ba118a5d42ee98343ca995584f32.jpg,2.0,10.0,0.69,264136154006138697,猪肝肠粉,广式肠粉,7.0,7.0,990.0,否,https://img.pospal.cn/productImages/0/default/food_200x200.png,2609092155254,,否,2026-09-09 21:55:46
4656681,肠粉粥店（二食堂店）,广东省广州市广软学院餐饮中心三楼,17520144290,餐饮行业,"16:00-19:30, 10:00-13:29",是,https://img.pospal.cn/storeLogo/4656681/e870ba118a5d42ee98343ca995584f32.jpg,2.0,10.0,0.69,954656946811707066,鸡蛋廋肉肠,广式肠粉,7.0,7.0,815.0,否,https://img.pospal.cn/productImages/0/default/food_200x200.png,2609092155490,,否,2026-09-09 21:56:16
4656681,肠粉粥店（二食堂店）,广东省广州市广软学院餐饮中心三楼,17520144290,餐饮行业,"16:00-19:30, 10:00-13:29",是,https://img.pospal.cn/storeLogo/4656681/e870ba118a5d42ee98343ca995584f32.jpg,2.0,10.0,0.69,99271538335814947,猪肝蛋肠,广式肠粉,8.0,8.0,986.0,否,https://img.pospal.cn/productImages/0/default/food_200x200.png,2609092156206,,否,2026-09-09 21:56:34
4656681,肠粉粥店（二食堂店）,广东省广州市广软学院餐饮中心三楼,17520144290,餐饮行业,"16:00-19:30, 10:00-13:29",是,https://img.pospal.cn/storeLogo/4656681/e870ba118a5d42ee98343ca995584f32.jpg,2.0,10.0,0.69,358562431728211649,鲜牛肉肠粉,广式肠粉,8.0,8.0,986.0,否,https://img.pospal.cn/productImages/0/default/food_200x200.png,2609092156374,,否,2026-09-09 21:56:56
4656681,肠粉粥店（二食堂店）,广东省广州市广软学院餐饮中心三楼,17520144290,餐饮行业,"16:00-19:30, 10:00-13:29",是,https://img.pospal.cn/storeLogo/4656681/e870ba118a5d42ee98343ca995584f32.jpg,2.0,10.0,0.69,318109241829525672,牛肉鸡蛋肠,广式肠粉,10.0,10.0,956.0,否,https://img.pospal.cn/productImages/0/default/food_200x200.png,2609092156596,,否,2026-09-09 21:57:17
4656681,肠粉粥店（二食堂店）,广东省广州市广软学院餐饮中心三楼,17520144290,餐饮行业,"16:00-19:30, 10:00-13:29",是,https://img.pospal.cn/storeLogo/4656681/e870ba118a5d42ee98343ca995584f32.jpg,2.0,10.0,0.69,780178508904133527,鸳鸯肉肠,广式肠粉,10.0,10.0,993.0,否,https://img.pospal.cn/productImages/0/default/food_200x200.png,2609092157203,,否,2026-09-09 21:57:48
4656681,肠粉粥店（二食堂店）,广东省广州市广软学院餐饮中心三楼,17520144290,餐饮行业,"16:00-19:30, 10:00-13:29",是,https://img.pospal.cn/storeLogo/4656681/e870ba118a5d42ee98343ca995584f32.jpg,2.0,10.0,0.69,921254987515249559,虾滑肠粉,广式肠粉,10.0,10.0,986.0,否,https://img.pospal.cn/productImages/0/default/food_200x200.png,2609092157517,,否,2026-09-09 21:58:07
4656681,肠粉粥店（二食堂店）,广东省广州市广软学院餐饮中心三楼,17520144290,餐饮行业,"16:00-19:30, 10:00-13:29",是,https://img.pospal.cn/storeLogo/4656681/e870ba118a5d42ee98343ca995584f32.jpg,2.0,10.0,0.69,1038535016495378262,虾滑加蛋,广式肠粉,12.0,12.0,989.0,否,https://img.pospal.cn/productImages/0/default/food_200x200.png,2609092158101,,否,2026-09-09 21:58:25
4656681,肠粉粥店（二食堂店）,广东省广州市广软学院餐饮中心三楼,17520144290,餐饮行业,"16:00-19:30, 10:00-13:29",是,https://img.pospal.cn/storeLogo/4656681/e870ba118a5d42ee98343ca995584f32.jpg,2.0,10.0,0.69,1114898799309111126,虾滑蛋肉,广式肠粉,13.0,13.0,988.0,否,https://img.pospal.cn/productImages/0/default/food_200x200.png,2609092158309,,否,2026-09-09 21:58:48
4656681,肠粉粥店（二食堂店）,广东省广州市广软学院餐饮中心三楼,17520144290,餐饮行业,"16:00-19:30, 10:00-13:29",是,https://img.pospal.cn/storeLogo/4656681/e870ba118a5d42ee98343ca995584f32.jpg,2.0,10.0,0.69,486167064624258656,皮蛋廋肉粥,生滚粥,5.0,5.0,852.0,否,https://img.pospal.cn/productImages/0/default/food_200x200.png,2609092201357,,否,2026-09-09 22:01:52
4656681,肠粉粥店（二食堂店）,广东省广州市广软学院餐饮中心三楼,17520144290,餐饮行业,"16:00-19:30, 10:00-13:29",是,https://img.pospal.cn/storeLogo/4656681/e870ba118a5d42ee98343ca995584f32.jpg,2.0,10.0,0.69,579884980617177269,青菜瘦肉粥,生滚粥,5.0,5.0,924.0,否,https://img.pospal.cn/productImages/0/default/food_200x200.png,2609092201555,,否,2026-09-09 22:02:12
4656681,肠粉粥店（二食堂店）,广东省广州市广软学院餐饮中心三楼,17520144290,餐饮行业,"16:00-19:30, 10:00-13:29",是,https://img.pospal.cn/storeLogo/4656681/e870ba118a5d42ee98343ca995584f32.jpg,2.0,10.0,0.69,516829128807200260,白粥,生滚粥,3.0,3.0,0.0,是,https://img.pospal.cn/productImages/0/default/food_200x200.png,2609092201173,,否,2026-09-09 22:01:32
4656681,肠粉粥店（二食堂店）,广东省广州市广软学院餐饮中心三楼,17520144290,餐饮行业,"16:00-19:30, 10:00-13:29",是,https://img.pospal.cn/storeLogo/4656681/e870ba118a5d42ee98343ca995584f32.jpg,2.0,10.0,0.69,612079403376028655,现磨豆浆,豆浆,2.0,2.0,-2.0,是,https://img.pospal.cn/productImages/0/default/food_200x200.png,2609092202187,,否,2026-09-09 22:02:38
4570705,古茗（二食堂）,广东省广州市广州软件学院二食堂,17687558928,餐饮行业,10:01-22:00,是,https://img.pospal.cn/storeLogo/dc7d9f9f-d2c0-4c84-8103-c0443ab1218d.jpg,2.0,10.0,0.69,713949697870033530,珍珠,分装小料,1.0,1.0,863.0,否,https://img.pospal.cn/productImages/4570705/4c34ed8b-b9f6-4a0f-8bbc-19bd4e819191_200x200.jpg,2504241442318,,否,2025-04-24 14:43:04
4570705,古茗（二食堂）,广东省广州市广州软件学院二食堂,17687558928,餐饮行业,10:01-22:00,是,https://img.pospal.cn/storeLogo/dc7d9f9f-d2c0-4c84-8103-c0443ab1218d.jpg,2.0,10.0,0.69,493787019830833427,椰果,分装小料,1.0,1.0,815.0,否,https://img.pospal.cn/productImages/4570705/65f294d6-1131-4d82-9111-b239d21f3dd3_200x200.jpg,2504241443292,,否,2025-04-24 14:43:45
4570705,古茗（二食堂）,广东省广州市广州软件学院二食堂,17687558928,餐饮行业,10:01-22:00,是,https://img.pospal.cn/storeLogo/dc7d9f9f-d2c0-4c84-8103-c0443ab1218d.jpg,2.0,10.0,0.69,1055518107922126171,布蕾,分装小料,6.0,6.0,96.0,否,https://img.pospal.cn/productImages/4570705/1281b651-37b3-4299-a326-4eb9becede93_200x200.jpg,2504241444305,,否,2025-04-24 14:44:37
4570705,古茗（二食堂）,广东省广州市广州软件学院二食堂,17687558928,餐饮行业,10:01-22:00,是,https://img.pospal.cn/storeLogo/dc7d9f9f-d2c0-4c84-8103-c0443ab1218d.jpg,2.0,10.0,0.69,521821317807174484,多肉,分装小料,2.0,2.0,939.0,否,https://img.pospal.cn/productImages/4570705/2a690cc1-f7be-463b-9915-7115f73d641a_200x200.jpg,2504241444527,,否,2025-04-24 14:45:00
4570705,古茗（二食堂）,广东省广州市广州软件学院二食堂,17687558928,餐饮行业,10:01-22:00,是,https://img.pospal.cn/storeLogo/dc7d9f9f-d2c0-4c84-8103-c0443ab1218d.jpg,2.0,10.0,0.69,565148159627792735,西米,分装小料,1.0,1.0,930.0,否,https://img.pospal.cn/productImages/4570705/7a099a79-febd-4cc6-8816-88f5fb247bd3_200x200.jpg,2504241445050,,否,2025-04-24 14:45:13
4570705,古茗（二食堂）,广东省广州市广州软件学院二食堂,17687558928,餐饮行业,10:01-22:00,是,https://img.pospal.cn/storeLogo/dc7d9f9f-d2c0-4c84-8103-c0443ab1218d.jpg,2.0,10.0,0.69,722478224713674488,布丁,分装小料,1.0,1.0,1871.0,否,https://img.pospal.cn/productImages/4570705/701ac490-7dde-4100-a499-b13311f73df8_200x200.jpg,2504241445258,,否,2025-04-24 14:45:33
4570705,古茗（二食堂）,广东省广州市广州软件学院二食堂,17687558928,餐饮行业,10:01-22:00,是,https://img.pospal.cn/storeLogo/dc7d9f9f-d2c0-4c84-8103-c0443ab1218d.jpg,2.0,10.0,0.69,348494612938090774,奶盖,分装小料,5.0,5.0,84.0,否,https://img.pospal.cn/productImages/4570705/153ab617-7dfd-4ff2-bdc6-3e3f466e46ad_200x200.jpg,2504241449010,,否,2025-04-24 14:49:09
4570705,古茗（二食堂）,广东省广州市广州软件学院二食堂,17687558928,餐饮行业,10:01-22:00,是,https://img.pospal.cn/storeLogo/dc7d9f9f-d2c0-4c84-8103-c0443ab1218d.jpg,2.0,10.0,0.69,393789571474472290,蜜豆,分装小料,1.0,1.0,998.0,否,https://img.pospal.cn/productImages/4570705/59a8dc24-4276-4f73-a270-48e8919a3ec4_200x200.jpg,2504241516132,,否,2025-04-24 15:16:25
4570705,古茗（二食堂）,广东省广州市广州软件学院二食堂,17687558928,餐饮行业,10:01-22:00,是,https://img.pospal.cn/storeLogo/dc7d9f9f-d2c0-4c84-8103-c0443ab1218d.jpg,2.0,10.0,0.69,1015015214021782617,西柚粒,分装小料,3.0,3.0,86.0,否,https://img.pospal.cn/productImages/4570705/e48bf870-ddf5-41d1-8d45-38ec5825c005_200x200.jpg,2511011822058,,是,2025-11-01 18:22:40
4570705,古茗（二食堂）,广东省广州市广州软件学院二食堂,17687558928,餐饮行业,10:01-22:00,是,https://img.pospal.cn/storeLogo/dc7d9f9f-d2c0-4c84-8103-c0443ab1218d.jpg,2.0,10.0,0.69,735413326919639343,抹茶奶盖,分装小料,5.0,5.0,-1.0,是,https://img.pospal.cn/productImages/4570705/c72105d0-8858-4740-b663-d76096e5a726_200x200.jpg,2504241448365,,否,2025-04-24 14:48:45
4570705,古茗（二食堂）,广东省广州市广州软件学院二食堂,17687558928,餐饮行业,10:01-22:00,是,https://img.pospal.cn/storeLogo/dc7d9f9f-d2c0-4c84-8103-c0443ab1218d.jpg,2.0,10.0,0.69,140026271070822829,奶麻薯,分装小料,3.0,3.0,0.0,是,https://img.pospal.cn/productImages/4570705/6df583ed-f71a-4ec9-b05d-3cc94317beb0_200x200.jpg,2504241448488,,否,2025-04-24 14:48:57
4570705,古茗（二食堂）,广东省广州市广州软件学院二食堂,17687558928,餐饮行业,10:01-22:00,是,https://img.pospal.cn/storeLogo/dc7d9f9f-d2c0-4c84-8103-c0443ab1218d.jpg,2.0,10.0,0.69,279036245705674586,黑糖珍珠,分装小料,2.0,2.0,0.0,是,https://img.pospal.cn/productImages/4570705/d9935717-ee9b-4b6e-ac3d-2aa2d0b1b063_200x200.jpg,2511011821105,,是,2025-11-01 18:21:34
4570705,古茗（二食堂）,广东省广州市广州软件学院二食堂,17687558928,餐饮行业,10:01-22:00,是,https://img.pospal.cn/storeLogo/dc7d9f9f-d2c0-4c84-8103-c0443ab1218d.jpg,2.0,10.0,0.69,1051013733105366119,小丸子,分装小料,2.0,2.0,0.0,是,https://img.pospal.cn/productImages/4570705/9bf3bad9-a98e-4ee9-83ae-4c06180ee703_200x200.jpg,2511011822553,,是,2025-11-01 18:23:10
4570705,古茗（二食堂）,广东省广州市广州软件学院二食堂,17687558928,餐饮行业,10:01-22:00,是,https://img.pospal.cn/storeLogo/dc7d9f9f-d2c0-4c84-8103-c0443ab1218d.jpg,2.0,10.0,0.69,179490812753762999,桃胶木薯炖奶,慢炖·好料,17.0,17.0,0.0,是,https://img.pospal.cn/productImages/4570705/f22ebc9f-a679-4968-9c52-dc3a8ac91c39_200x200.jpg,2511171254522,,是,2025-11-17 12:58:36
4570705,古茗（二食堂）,广东省广州市广州软件学院二食堂,17687558928,餐饮行业,10:01-22:00,是,https://img.pospal.cn/storeLogo/dc7d9f9f-d2c0-4c84-8103-c0443ab1218d.jpg,2.0,10.0,0.69,259166284658709791,芋泥麻薯炖奶,慢炖·好料,16.0,16.0,0.0,是,https://img.pospal.cn/productImages/4570705/9acc6ba2-a51b-4d43-8457-2e1026ab7d0e_200x200.jpg,2511171302117,,是,2025-11-17 13:02:13
4570705,古茗（二食堂）,广东省广州市广州软件学院二食堂,17687558928,餐饮行业,10:01-22:00,是,https://img.pospal.cn/storeLogo/dc7d9f9f-d2c0-4c84-8103-c0443ab1218d.jpg,2.0,10.0,0.69,461972277215024908,生椰抹茶麻薯,秋冬·限定,14.9,14.9,987.0,否,https://img.pospal.cn/productImages/4570705/4adda3d9-8763-4fe8-b6e9-2929f4c533b2_200x200.jpg,2504212325299,,否,2025-04-21 23:26:17
4570705,古茗（二食堂）,广东省广州市广州软件学院二食堂,17687558928,餐饮行业,10:01-22:00,是,https://img.pospal.cn/storeLogo/dc7d9f9f-d2c0-4c84-8103-c0443ab1218d.jpg,2.0,10.0,0.69,343639026446160401,生椰抹茶麻薯,秋冬·限定,17.0,17.0,984.0,否,https://img.pospal.cn/productImages/4570705/4adda3d9-8763-4fe8-b6e9-2929f4c533b2_200x200.jpg,2504212325299-2,,是,2025-10-09 15:24:16
4570705,古茗（二食堂）,广东省广州市广州软件学院二食堂,17687558928,餐饮行业,10:01-22:00,是,https://img.pospal.cn/storeLogo/dc7d9f9f-d2c0-4c84-8103-c0443ab1218d.jpg,2.0,10.0,0.69,1023749798374932005,云酪黑荞普洱,秋冬·限定,15.0,15.0,0.0,是,https://img.pospal.cn/productImages/4570705/700b8acc-1716-4a51-87d1-9708c2a34f66_200x200.jpg,2504212340322,,否,2025-04-21 23:40:49
4570705,古茗（二食堂）,广东省广州市广州软件学院二食堂,17687558928,餐饮行业,10:01-22:00,是,https://img.pospal.cn/storeLogo/dc7d9f9f-d2c0-4c84-8103-c0443ab1218d.jpg,2.0,10.0,0.69,1122688632233897905,黑糖珍珠牛乳,秋冬·限定,14.0,14.0,0.0,是,https://img.pospal.cn/productImages/4570705/0432722d-bb5c-4589-b4b5-52d91e9a78af_200x200.jpg,2504212341527,,否,2025-04-21 23:42:15
4570705,古茗（二食堂）,广东省广州市广州软件学院二食堂,17687558928,餐饮行业,10:01-22:00,是,https://img.pospal.cn/storeLogo/dc7d9f9f-d2c0-4c84-8103-c0443ab1218d.jpg,2.0,10.0,0.69,471584138313259199,桃气麻薯小丸子,秋冬·限定,14.9,14.9,0.0,是,https://img.pospal.cn/productImages/4570705/f4c4d3f5-86c5-4735-93b8-56d5575ed2c7_200x200.jpg,2504212343330,,否,2025-04-21 23:44:04
4570705,古茗（二食堂）,广东省广州市广州软件学院二食堂,17687558928,餐饮行业,10:01-22:00,是,https://img.pospal.cn/storeLogo/dc7d9f9f-d2c0-4c84-8103-c0443ab1218d.jpg,2.0,10.0,0.69,796218143572672677,双重芝士抹茶,秋冬·限定,15.8,15.8,-1.0,是,https://img.pospal.cn/productImages/4570705/2c32d866-27ce-4e54-93d4-6b6375e2027d_200x200.jpg,2504212344153,,否,2025-04-21 23:44:36
4570705,古茗（二食堂）,广东省广州市广州软件学院二食堂,17687558928,餐饮行业,10:01-22:00,是,https://img.pospal.cn/storeLogo/dc7d9f9f-d2c0-4c84-8103-c0443ab1218d.jpg,2.0,10.0,0.69,594638138092295799,抹茶四季春,秋冬·限定,14.9,14.9,-1.0,是,https://img.pospal.cn/productImages/4570705/714648d3-2b4a-42e1-96c2-0992dc3b12b7_200x200.jpg,2504212346515,,否,2025-04-21 23:47:47
4570705,古茗（二食堂）,广东省广州市广州软件学院二食堂,17687558928,餐饮行业,10:01-22:00,是,https://img.pospal.cn/storeLogo/dc7d9f9f-d2c0-4c84-8103-c0443ab1218d.jpg,2.0,10.0,0.69,1117943355714409248,生椰芋泥芒芒,秋冬·限定,16.0,16.0,0.0,是,https://img.pospal.cn/productImages/4570705/2c193a7c-f677-4441-b111-bfe06c71a2a0_200x200.jpg,2511101656075,,是,2025-11-10 16:57:38
4570705,古茗（二食堂）,广东省广州市广州软件学院二食堂,17687558928,餐饮行业,10:01-22:00,是,https://img.pospal.cn/storeLogo/dc7d9f9f-d2c0-4c84-8103-c0443ab1218d.jpg,2.0,10.0,0.69,976280972970712273,芋泥牛乳小丸子,秋冬·限定,15.0,15.0,0.0,是,https://img.pospal.cn/productImages/4570705/49e86f75-dfa2-46b0-98b1-f6e47d5846cf_200x200.jpg,2511101657591,,是,2025-11-10 16:59:36
4570705,古茗（二食堂）,广东省广州市广州软件学院二食堂,17687558928,餐饮行业,10:01-22:00,是,https://img.pospal.cn/storeLogo/dc7d9f9f-d2c0-4c84-8103-c0443ab1218d.jpg,2.0,10.0,0.69,415815485581850917,芋泥牛乳小丸子,秋冬·限定,17.0,17.0,0.0,是,https://img.pospal.cn/productImages/4570705/49e86f75-dfa2-46b0-98b1-f6e47d5846cf_200x200.jpg,2511101657591-2,,是,2025-11-10 16:59:37
4570705,古茗（二食堂）,广东省广州市广州软件学院二食堂,17687558928,餐饮行业,10:01-22:00,是,https://img.pospal.cn/storeLogo/dc7d9f9f-d2c0-4c84-8103-c0443ab1218d.jpg,2.0,10.0,0.69,295058277582167487,龙井香青团,秋冬·限定,13.0,13.0,0.0,是,https://img.pospal.cn/productImages/4570705/cc01837f-b5b7-449b-a879-0cae93649bb3_200x200.jpg,2603091325236,,是,2026-03-09 13:26:56
4570705,古茗（二食堂）,广东省广州市广州软件学院二食堂,17687558928,餐饮行业,10:01-22:00,是,https://img.pospal.cn/storeLogo/dc7d9f9f-d2c0-4c84-8103-c0443ab1218d.jpg,2.0,10.0,0.69,738684359719284811,龙井香青团,秋冬·限定,15.0,15.0,0.0,是,https://img.pospal.cn/productImages/4570705/cc01837f-b5b7-449b-a879-0cae93649bb3_200x200.jpg,2603091325236-2,,是,2026-03-09 13:26:56
4570705,古茗（二食堂）,广东省广州市广州软件学院二食堂,17687558928,餐饮行业,10:01-22:00,是,https://img.pospal.cn/storeLogo/dc7d9f9f-d2c0-4c84-8103-c0443ab1218d.jpg,2.0,10.0,0.69,98924195628127296,青橘柠檬水,果茶·真果肉,4.9,4.9,889.0,否,https://img.pospal.cn/productImages/4570705/e229c4cd-8044-4f8d-a45d-de5b04a0ca49_200x200.jpg,2504212337520,,否,2025-04-21 23:38:41
4570705,古茗（二食堂）,广东省广州市广州软件学院二食堂,17687558928,餐饮行业,10:01-22:00,是,https://img.pospal.cn/storeLogo/dc7d9f9f-d2c0-4c84-8103-c0443ab1218d.jpg,2.0,10.0,0.69,358942358867386938,青橘柠檬水,果茶·真果肉,5.9,5.9,883.0,否,https://img.pospal.cn/productImages/4570705/729102a6-eb82-4670-9368-a6eef2b61a80_200x200.jpg,2504212337520-1,,否,2025-04-21 23:38:41
4570705,古茗（二食堂）,广东省广州市广州软件学院二食堂,17687558928,餐饮行业,10:01-22:00,是,https://img.pospal.cn/storeLogo/dc7d9f9f-d2c0-4c84-8103-c0443ab1218d.jpg,2.0,10.0,0.69,1060237336343646687,百香双重奏,果茶·真果肉,11.0,11.0,919.0,否,https://img.pospal.cn/productImages/4570705/cc70dbf1-a3fc-4d76-af13-8dcfb4e2ea76_200x200.jpg,2504212345150,,否,2025-04-21 23:45:47
4570705,古茗（二食堂）,广东省广州市广州软件学院二食堂,17687558928,餐饮行业,10:01-22:00,是,https://img.pospal.cn/storeLogo/dc7d9f9f-d2c0-4c84-8103-c0443ab1218d.jpg,2.0,10.0,0.69,423817827701323366,百香双重奏,果茶·真果肉,13.0,13.0,886.0,否,https://img.pospal.cn/productImages/4570705/95bfbc6b-c92c-4a12-b99d-7eec5b78c2bd_200x200.jpg,2504212345150-1,,否,2025-04-21 23:45:47
4570705,古茗（二食堂）,广东省广州市广州软件学院二食堂,17687558928,餐饮行业,10:01-22:00,是,https://img.pospal.cn/storeLogo/dc7d9f9f-d2c0-4c84-8103-c0443ab1218d.jpg,2.0,10.0,0.69,762618844536626736,杨枝甘露轻盈版,果茶·真果肉,15.0,15.0,928.0,否,https://img.pospal.cn/productImages/4570705/13171035-913c-472f-bb55-bdc044a6ae72_200x200.jpg,2504212348168,,否,2025-04-21 23:48:47
4570705,古茗（二食堂）,广东省广州市广州软件学院二食堂,17687558928,餐饮行业,10:01-22:00,是,https://img.pospal.cn/storeLogo/dc7d9f9f-d2c0-4c84-8103-c0443ab1218d.jpg,2.0,10.0,0.69,403047359190158241,杨枝甘露轻盈版,果茶·真果肉,17.0,17.0,9916.0,否,https://img.pospal.cn/productImages/4570705/fbbcb5a8-4e70-48ae-9c1d-9a3c3f8151b2_200x200.jpg,2504212348168-1,,否,2025-04-21 23:48:47
4570705,古茗（二食堂）,广东省广州市广州软件学院二食堂,17687558928,餐饮行业,10:01-22:00,是,https://img.pospal.cn/storeLogo/dc7d9f9f-d2c0-4c84-8103-c0443ab1218d.jpg,2.0,10.0,0.69,793096953668140979,杨枝甘露椰奶版,果茶·真果肉,16.0,16.0,880.0,否,https://img.pospal.cn/productImages/4570705/a7ca6980-61d7-4480-8d45-edaa4d33b37f_200x200.jpg,2504212350062,,否,2025-04-21 23:50:25
4570705,古茗（二食堂）,广东省广州市广州软件学院二食堂,17687558928,餐饮行业,10:01-22:00,是,https://img.pospal.cn/storeLogo/dc7d9f9f-d2c0-4c84-8103-c0443ab1218d.jpg,2.0,10.0,0.69,491549036425678889,大柚冰奶,果茶·真果肉,14.9,14.9,9993.0,否,https://img.pospal.cn/productImages/4570705/5970c2fa-2ba6-4089-8b0e-da4f49a93846_200x200.jpg,2512241621367,,是,2025-12-24 16:23:35
4570705,古茗（二食堂）,广东省广州市广州软件学院二食堂,17687558928,餐饮行业,10:01-22:00,是,https://img.pospal.cn/storeLogo/dc7d9f9f-d2c0-4c84-8103-c0443ab1218d.jpg,2.0,10.0,0.69,690447724507873991,泰橘冰茶,果茶·真果肉,14.0,14.0,0.0,是,https://img.pospal.cn/productImages/4570705/6833f94e-6fc3-484f-8f4f-77f702f65cda_200x200.jpg,2504212349011,,否,2025-04-21 23:49:21
4570705,古茗（二食堂）,广东省广州市广州软件学院二食堂,17687558928,餐饮行业,10:01-22:00,是,https://img.pospal.cn/storeLogo/dc7d9f9f-d2c0-4c84-8103-c0443ab1218d.jpg,2.0,10.0,0.69,582251652817778663,大块鲜橙茶,果茶·真果肉,13.9,13.9,0.0,是,https://img.pospal.cn/productImages/4570705/cfb8ca9b-f8bd-4fcf-bdf0-f305333f5161_200x200.jpg,2504212349325,,否,2025-04-21 23:49:50
4570705,古茗（二食堂）,广东省广州市广州软件学院二食堂,17687558928,餐饮行业,10:01-22:00,是,https://img.pospal.cn/storeLogo/dc7d9f9f-d2c0-4c84-8103-c0443ab1218d.jpg,2.0,10.0,0.69,594481401118256300,莓莓麻薯,果茶·真果肉,16.0,16.0,0.0,是,https://img.pospal.cn/productImages/4570705/53873481-210e-4a51-ae4a-8847317b855e_200x200.jpg,2512241621213,,是,2025-12-24 16:21:23
4570705,古茗（二食堂）,广东省广州市广州软件学院二食堂,17687558928,餐饮行业,10:01-22:00,是,https://img.pospal.cn/storeLogo/dc7d9f9f-d2c0-4c84-8103-c0443ab1218d.jpg,2.0,10.0,0.69,79097915910358583,泰橘冰茶,果茶·真果肉,12.0,12.0,0.0,是,https://img.pospal.cn/productImages/4570705/6833f94e-6fc3-484f-8f4f-77f702f65cda_200x200.jpg,2504212349011-2,,是,2026-09-01 14:56:02
4570705,古茗（二食堂）,广东省广州市广州软件学院二食堂,17687558928,餐饮行业,10:01-22:00,是,https://img.pospal.cn/storeLogo/dc7d9f9f-d2c0-4c84-8103-c0443ab1218d.jpg,2.0,10.0,0.69,94222615730171801,云岭茉莉,原叶鲜奶茶,13.0,13.0,901.0,否,https://img.pospal.cn/productImages/4570705/86239eb3-4581-40e5-ad9b-3bd4c3960af7_200x200.jpg,2504212326357,,否,2025-04-21 23:27:35
4570705,古茗（二食堂）,广东省广州市广州软件学院二食堂,17687558928,餐饮行业,10:01-22:00,是,https://img.pospal.cn/storeLogo/dc7d9f9f-d2c0-4c84-8103-c0443ab1218d.jpg,2.0,10.0,0.69,654181097251489845,云岭茉莉,原叶鲜奶茶,15.0,15.0,675.0,否,https://img.pospal.cn/productImages/4570705/d40520ca-878b-4c9d-beb3-9805cb36a682_200x200.jpg,2504212326357-1,,否,2025-04-21 23:27:35
4570705,古茗（二食堂）,广东省广州市广州软件学院二食堂,17687558928,餐饮行业,10:01-22:00,是,https://img.pospal.cn/storeLogo/dc7d9f9f-d2c0-4c84-8103-c0443ab1218d.jpg,2.0,10.0,0.69,890966574245276548,十里江南桂,原叶鲜奶茶,14.0,14.0,9999.0,否,https://img.pospal.cn/productImages/4570705/0a25dd2d-b267-4881-a5cc-6b82cbeb2d2f_200x200.jpg,2504212331009,,否,2025-04-21 23:32:20
4570705,古茗（二食堂）,广东省广州市广州软件学院二食堂,17687558928,餐饮行业,10:01-22:00,是,https://img.pospal.cn/storeLogo/dc7d9f9f-d2c0-4c84-8103-c0443ab1218d.jpg,2.0,10.0,0.69,979112190019699901,十里江南桂,原叶鲜奶茶,16.0,16.0,9999.0,否,https://img.pospal.cn/productImages/4570705/227cde90-a8a9-4841-b5b2-a942505d1773_200x200.jpg,2504212331009-1,,否,2025-04-21 23:32:20
4570705,古茗（二食堂）,广东省广州市广州软件学院二食堂,17687558928,餐饮行业,10:01-22:00,是,https://img.pospal.cn/storeLogo/dc7d9f9f-d2c0-4c84-8103-c0443ab1218d.jpg,2.0,10.0,0.69,145486377106316393,云雾栀子,原叶鲜奶茶,14.0,14.0,9996.0,否,https://img.pospal.cn/productImages/4570705/5a6adfab-7aea-43b0-a3ca-0092dc0a0c63_200x200.jpg,2603091320095,,是,2026-03-09 13:23:03
4570705,古茗（二食堂）,广东省广州市广州软件学院二食堂,17687558928,餐饮行业,10:01-22:00,是,https://img.pospal.cn/storeLogo/dc7d9f9f-d2c0-4c84-8103-c0443ab1218d.jpg,2.0,10.0,0.69,1138717693056881136,云雾栀子,原叶鲜奶茶,16.0,16.0,9995.0,否,https://img.pospal.cn/productImages/4570705/5a6adfab-7aea-43b0-a3ca-0092dc0a0c63_200x200.jpg,2603091320095-2,,是,2026-03-09 13:23:03
4570705,古茗（二食堂）,广东省广州市广州软件学院二食堂,17687558928,餐饮行业,10:01-22:00,是,https://img.pospal.cn/storeLogo/dc7d9f9f-d2c0-4c84-8103-c0443ab1218d.jpg,2.0,10.0,0.69,1053161612932086389,四季青山,原叶鲜奶茶,14.0,14.0,0.0,是,https://img.pospal.cn/productImages/0/default/food_200x200.png,2504210942481,,否,2025-04-21 09:51:18
4570705,古茗（二食堂）,广东省广州市广州软件学院二食堂,17687558928,餐饮行业,10:01-22:00,是,https://img.pospal.cn/storeLogo/dc7d9f9f-d2c0-4c84-8103-c0443ab1218d.jpg,2.0,10.0,0.69,9403263759526730,四季青山,原叶鲜奶茶,16.0,16.0,0.0,是,https://img.pospal.cn/productImages/4570705/764b3639-8594-4b8e-8d46-004de9da384a_200x200.jpg,2504210942481-1,,否,2025-04-21 09:51:18
4570705,古茗（二食堂）,广东省广州市广州软件学院二食堂,17687558928,餐饮行业,10:01-22:00,是,https://img.pospal.cn/storeLogo/dc7d9f9f-d2c0-4c84-8103-c0443ab1218d.jpg,2.0,10.0,0.69,325273940786004854,古茗奶茶,奶茶·料多多,9.0,9.0,885.0,否,https://img.pospal.cn/productImages/4570705/33e1dad5-8562-4ef1-b023-82acc70d1cd0_200x200.jpg,2504212332327,,否,2025-04-21 23:33:25
4570705,古茗（二食堂）,广东省广州市广州软件学院二食堂,17687558928,餐饮行业,10:01-22:00,是,https://img.pospal.cn/storeLogo/dc7d9f9f-d2c0-4c84-8103-c0443ab1218d.jpg,2.0,10.0,0.69,113773696664417602,古茗奶茶,奶茶·料多多,10.0,10.0,8846.0,否,https://img.pospal.cn/productImages/4570705/68f20e25-6259-49b0-9147-9ff2311349cc_200x200.jpg,2504212332327-1,,否,2025-04-21 23:33:25
4570705,古茗（二食堂）,广东省广州市广州软件学院二食堂,17687558928,餐饮行业,10:01-22:00,是,https://img.pospal.cn/storeLogo/dc7d9f9f-d2c0-4c84-8103-c0443ab1218d.jpg,2.0,10.0,0.69,953316613582920402,茉莉奶绿,奶茶·料多多,10.0,10.0,962.0,否,https://img.pospal.cn/productImages/4570705/7f41d7ff-1eb5-4777-aa53-9853e1b87606_200x200.jpg,2504212333348,,否,2025-04-21 23:34:11
4570705,古茗（二食堂）,广东省广州市广州软件学院二食堂,17687558928,餐饮行业,10:01-22:00,是,https://img.pospal.cn/storeLogo/dc7d9f9f-d2c0-4c84-8103-c0443ab1218d.jpg,2.0,10.0,0.69,1018013170154435419,茉莉奶绿,奶茶·料多多,11.0,11.0,900.0,否,https://img.pospal.cn/productImages/4570705/77e3e4eb-68e7-4a24-85b0-94e488e96a1f_200x200.jpg,2504212333348-1,,否,2025-04-21 23:34:11
4570705,古茗（二食堂）,广东省广州市广州软件学院二食堂,17687558928,餐饮行业,10:01-22:00,是,https://img.pospal.cn/storeLogo/dc7d9f9f-d2c0-4c84-8103-c0443ab1218d.jpg,2.0,10.0,0.69,1107086207631869652,大叔奶茶,奶茶·料多多,11.0,11.0,8887.0,否,https://img.pospal.cn/productImages/4570705/e71ce7c8-a288-4e3e-ba49-10a758661e53_200x200.jpg,2504212334253,,否,2025-04-21 23:35:10
4570705,古茗（二食堂）,广东省广州市广州软件学院二食堂,17687558928,餐饮行业,10:01-22:00,是,https://img.pospal.cn/storeLogo/dc7d9f9f-d2c0-4c84-8103-c0443ab1218d.jpg,2.0,10.0,0.69,233914310340836156,大叔奶茶,奶茶·料多多,12.0,12.0,8878.0,否,https://img.pospal.cn/productImages/4570705/6d6fe49b-35d3-4464-9209-c83bf59b4bd2_200x200.jpg,2504212334253-1,,否,2025-04-21 23:35:10
4570705,古茗（二食堂）,广东省广州市广州软件学院二食堂,17687558928,餐饮行业,10:01-22:00,是,https://img.pospal.cn/storeLogo/dc7d9f9f-d2c0-4c84-8103-c0443ab1218d.jpg,2.0,10.0,0.69,862897222515371472,布蕾脆脆奶芙,奶茶·料多多,17.0,17.0,8881.0,否,https://img.pospal.cn/productImages/4570705/30b3916b-a227-4254-9cb7-2d04b32dbe08_200x200.jpg,2504212336189,,否,2025-04-21 23:36:41
4570705,古茗（二食堂）,广东省广州市广州软件学院二食堂,17687558928,餐饮行业,10:01-22:00,是,https://img.pospal.cn/storeLogo/dc7d9f9f-d2c0-4c84-8103-c0443ab1218d.jpg,2.0,10.0,0.69,614950026371069196,布丁西米露,奶茶·料多多,10.0,10.0,888.0,否,https://img.pospal.cn/productImages/4570705/fdbf9921-7fed-441a-8214-2c23d3bb8939_200x200.jpg,2504212337230,,否,2025-04-21 23:37:43
4570705,古茗（二食堂）,广东省广州市广州软件学院二食堂,17687558928,餐饮行业,10:01-22:00,是,https://img.pospal.cn/storeLogo/dc7d9f9f-d2c0-4c84-8103-c0443ab1218d.jpg,2.0,10.0,0.69,899280854792145008,曲香茉莉,解渴·超值,6.0,6.0,84.0,否,https://img.pospal.cn/productImages/4570705/4bca1bc6-7173-47cc-93be-a46f0b17bd56_200x200.jpg,2504212339487,,否,2025-04-21 23:40:24
4570705,古茗（二食堂）,广东省广州市广州软件学院二食堂,17687558928,餐饮行业,10:01-22:00,是,https://img.pospal.cn/storeLogo/dc7d9f9f-d2c0-4c84-8103-c0443ab1218d.jpg,2.0,10.0,0.69,411523398037172368,曲香茉莉,解渴·超值,7.0,7.0,986.0,否,https://img.pospal.cn/productImages/4570705/6550f994-b02b-46cd-92bf-359ddcd9ae9f_200x200.jpg,2504212339487-1,,否,2025-04-21 23:40:24
4570705,古茗（二食堂）,广东省广州市广州软件学院二食堂,17687558928,餐饮行业,10:01-22:00,是,https://img.pospal.cn/storeLogo/dc7d9f9f-d2c0-4c84-8103-c0443ab1218d.jpg,2.0,10.0,0.69,859587629863393477,直火乌龙,解渴·超值,7.0,7.0,1000.0,否,https://img.pospal.cn/productImages/4570705/6a05f7d8-3cf9-4129-a339-21b14f211265_200x200.jpg,2510231606035,,是,2025-10-23 16:06:59
4570705,古茗（二食堂）,广东省广州市广州软件学院二食堂,17687558928,餐饮行业,10:01-22:00,是,https://img.pospal.cn/storeLogo/dc7d9f9f-d2c0-4c84-8103-c0443ab1218d.jpg,2.0,10.0,0.69,172986441396061985,四季沁春,解渴·超值,8.0,8.0,0.0,是,https://img.pospal.cn/productImages/4570705/6a05f7d8-3cf9-4129-a339-21b14f211265_200x200.jpg,2510231606035-2,,是,2025-10-23 16:06:59
4569079,第9味大骨汤馄饨（二食堂）,广东省广州市从化区广从南路548号广州软件学院二食堂,15989108698,餐饮行业,08:00-21:00,是,https://img.pospal.cn/storeLogo/c855bd02-eba8-4579-aab2-fb9bdd9398b7.jpg,2.0,10.0,0.52,324268282816680490,葱油拌生菜,小菜蘸料,5.0,5.0,987.0,否,https://img.pospal.cn/productImages/0/default/food_200x200.png,2082523122795,,否,2025-03-29 21:51:17
4569079,第9味大骨汤馄饨（二食堂）,广东省广州市从化区广从南路548号广州软件学院二食堂,15989108698,餐饮行业,08:00-21:00,是,https://img.pospal.cn/storeLogo/c855bd02-eba8-4579-aab2-fb9bdd9398b7.jpg,2.0,10.0,0.52,277220605524550871,蒜香辣椒酱,小菜蘸料,0.5,0.5,0.0,是,https://img.pospal.cn/productImages/0/default/food_200x200.png,2393043512646,,否,2025-03-29 21:52:24
4569079,第9味大骨汤馄饨（二食堂）,广东省广州市从化区广从南路548号广州软件学院二食堂,15989108698,餐饮行业,08:00-21:00,是,https://img.pospal.cn/storeLogo/c855bd02-eba8-4579-aab2-fb9bdd9398b7.jpg,2.0,10.0,0.52,60433642263598240,黑米小麦粥,糖水饮料,6.0,6.0,0.0,是,https://img.pospal.cn/productImages/4569079/b1c89fb2-4648-4fb9-9202-6fe7e8124dd4_200x200.jpg,2165537906305,,否,2025-03-29 21:40:18
4569079,第9味大骨汤馄饨（二食堂）,广东省广州市从化区广从南路548号广州软件学院二食堂,15989108698,餐饮行业,08:00-21:00,是,https://img.pospal.cn/storeLogo/c855bd02-eba8-4579-aab2-fb9bdd9398b7.jpg,2.0,10.0,0.52,802066773668092628,银耳莲子羹,糖水饮料,6.0,6.0,-1.0,是,https://img.pospal.cn/productImages/4569079/fd07826b-84a2-4028-9e1d-063848169d2c_200x200.jpg,2306223297196,,否,2025-03-29 21:41:04
4569079,第9味大骨汤馄饨（二食堂）,广东省广州市从化区广从南路548号广州软件学院二食堂,15989108698,餐饮行业,08:00-21:00,是,https://img.pospal.cn/storeLogo/c855bd02-eba8-4579-aab2-fb9bdd9398b7.jpg,2.0,10.0,0.52,947676915176482027,酸梅汤,糖水饮料,4.5,4.5,-1.0,是,https://img.pospal.cn/productImages/0/default/food_200x200.png,0226687187241,,否,2025-03-29 21:42:06
4569079,第9味大骨汤馄饨（二食堂）,广东省广州市从化区广从南路548号广州软件学院二食堂,15989108698,餐饮行业,08:00-21:00,是,https://img.pospal.cn/storeLogo/c855bd02-eba8-4579-aab2-fb9bdd9398b7.jpg,2.0,10.0,0.52,1010155930233467452,虾仁玉米蒸饺,地方小吃,8.0,8.0,9986.0,否,https://img.pospal.cn/productImages/4569079/14ad77e7-017c-42f9-8dc9-15571b6f690b_200x200.jpg,2992706684944,,否,2025-03-29 21:35:15
4569079,第9味大骨汤馄饨（二食堂）,广东省广州市从化区广从南路548号广州软件学院二食堂,15989108698,餐饮行业,08:00-21:00,是,https://img.pospal.cn/storeLogo/c855bd02-eba8-4579-aab2-fb9bdd9398b7.jpg,2.0,10.0,0.52,589422484991841715,阿婆牛肉馅饼,地方小吃,6.0,6.0,999109.0,否,https://img.pospal.cn/productImages/4569079/b0f881d6-efa6-4089-b4ef-fe0fd1d3ef6a_200x200.jpg,2194808838335,,否,2025-03-29 21:38:53
4569079,第9味大骨汤馄饨（二食堂）,广东省广州市从化区广从南路548号广州软件学院二食堂,15989108698,餐饮行业,08:00-21:00,是,https://img.pospal.cn/storeLogo/c855bd02-eba8-4579-aab2-fb9bdd9398b7.jpg,2.0,10.0,0.52,117480724025986320,葱油饼,地方小吃,5.0,5.0,9988.0,否,https://img.pospal.cn/productImages/4569079/30f1bca8-0b9d-4cb8-8cd9-8518adf125b3_200x200.jpg,2504021110536,,否,2025-04-02 11:11:10
4569079,第9味大骨汤馄饨（二食堂）,广东省广州市从化区广从南路548号广州软件学院二食堂,15989108698,餐饮行业,08:00-21:00,是,https://img.pospal.cn/storeLogo/c855bd02-eba8-4579-aab2-fb9bdd9398b7.jpg,2.0,10.0,0.52,616577180025815130,玉米鲜肉蒸饺,地方小吃,6.0,6.0,9971.0,否,https://img.pospal.cn/productImages/4569079/bc37b27d-8dd0-4334-a8f4-6ed5b624399a_200x200.jpg,2854497004274,,否,2025-06-16 19:15:05
4569079,第9味大骨汤馄饨（二食堂）,广东省广州市从化区广从南路548号广州软件学院二食堂,15989108698,餐饮行业,08:00-21:00,是,https://img.pospal.cn/storeLogo/c855bd02-eba8-4579-aab2-fb9bdd9398b7.jpg,2.0,10.0,0.52,1071028635803784739,鲜肉小馄饨（10）+葱油拌面,超级套餐,16.0,16.0,9488.0,否,https://img.pospal.cn/productImages/4569079/1c8662cb-9c32-4af9-817e-8d11354c1ca4_200x200.jpg,0409518050963,,否,2025-03-28 11:37:02
4569079,第9味大骨汤馄饨（二食堂）,广东省广州市从化区广从南路548号广州软件学院二食堂,15989108698,餐饮行业,08:00-21:00,是,https://img.pospal.cn/storeLogo/c855bd02-eba8-4579-aab2-fb9bdd9398b7.jpg,2.0,10.0,0.52,63142328464641183,金牌虾皇小馄饨+阿婆牛肉饼,超级套餐,19.5,19.5,9985.0,否,https://img.pospal.cn/productImages/4569079/f92fae8c-2b62-4b19-8ee7-faa7531bb1be_200x200.jpg,2950532697019,,否,2025-03-28 11:38:35
4569079,第9味大骨汤馄饨（二食堂）,广东省广州市从化区广从南路548号广州软件学院二食堂,15989108698,餐饮行业,08:00-21:00,是,https://img.pospal.cn/storeLogo/c855bd02-eba8-4579-aab2-fb9bdd9398b7.jpg,2.0,10.0,0.52,801581739228000635,（双拼）鲜肉/荠菜小馄饨+葱油饼,超级套餐,14.0,14.0,9969.0,否,https://img.pospal.cn/productImages/4569079/5e911532-7368-48cc-b56c-aea3ac0bb7ed_200x200.jpg,2402104524778,,否,2025-03-28 11:41:22
4569079,第9味大骨汤馄饨（二食堂）,广东省广州市从化区广从南路548号广州软件学院二食堂,15989108698,餐饮行业,08:00-21:00,是,https://img.pospal.cn/storeLogo/c855bd02-eba8-4579-aab2-fb9bdd9398b7.jpg,2.0,10.0,0.52,1098076724266963219,荠菜小馄饨 + 玉米蒸饺,超级套餐,15.0,15.0,9986.0,否,https://img.pospal.cn/productImages/4569079/f203719c-9bbc-4ecb-8228-d9ae2d6a9950_200x200.jpg,2342152200241,,否,2026-06-02 17:41:26
4569079,第9味大骨汤馄饨（二食堂）,广东省广州市从化区广从南路548号广州软件学院二食堂,15989108698,餐饮行业,08:00-21:00,是,https://img.pospal.cn/storeLogo/c855bd02-eba8-4579-aab2-fb9bdd9398b7.jpg,2.0,10.0,0.52,1068414752521002310,上海葱油拌面 + 阿婆牛肉饼,超级套餐,14.5,14.5,9997.0,否,https://img.pospal.cn/productImages/4569079/f0ca1c2d-14d6-435c-b589-9cd1c6263ec3_200x200.jpg,2403301117862,,否,2026-06-02 17:49:00
4569079,第9味大骨汤馄饨（二食堂）,广东省广州市从化区广从南路548号广州软件学院二食堂,15989108698,餐饮行业,08:00-21:00,是,https://img.pospal.cn/storeLogo/c855bd02-eba8-4579-aab2-fb9bdd9398b7.jpg,2.0,10.0,0.52,148012375207133560,上海葱油拌面+莲藕炖排骨汤,超级套餐,18.0,18.0,0.0,是,https://img.pospal.cn/productImages/4569079/f027a053-22f1-4f1e-8611-98537125d100_200x200.jpg,2742890037329,,否,2025-03-28 11:42:47
4569079,第9味大骨汤馄饨（二食堂）,广东省广州市从化区广从南路548号广州软件学院二食堂,15989108698,餐饮行业,08:00-21:00,是,https://img.pospal.cn/storeLogo/c855bd02-eba8-4579-aab2-fb9bdd9398b7.jpg,2.0,10.0,0.52,91054991521529413,鲜肉小馄饨（小碗）,皮薄馄饨,10.0,10.0,5390.0,否,https://img.pospal.cn/productImages/4569079/ba278c3b-a2eb-45ba-885a-e093e2f3c545_200x200.jpg,2743390384326,,否,2025-03-24 06:37:48
4569079,第9味大骨汤馄饨（二食堂）,广东省广州市从化区广从南路548号广州软件学院二食堂,15989108698,餐饮行业,08:00-21:00,是,https://img.pospal.cn/storeLogo/c855bd02-eba8-4579-aab2-fb9bdd9398b7.jpg,2.0,10.0,0.52,697082440363705572,玉米鲜肉小馄饨（小碗）,皮薄馄饨,10.0,10.0,9691.0,否,https://img.pospal.cn/productImages/4569079/1162fae9-b520-488e-b701-425b8fa2f6f2_200x200.jpg,2179610648228,,否,2025-03-24 06:46:58
4569079,第9味大骨汤馄饨（二食堂）,广东省广州市从化区广从南路548号广州软件学院二食堂,15989108698,餐饮行业,08:00-21:00,是,https://img.pospal.cn/storeLogo/c855bd02-eba8-4579-aab2-fb9bdd9398b7.jpg,2.0,10.0,0.52,241159288412804438,香菇小馄饨（小碗）,皮薄馄饨,11.0,11.0,998943.0,否,https://img.pospal.cn/productImages/4569079/f7d476d3-d80f-4d94-9261-98fc8a73418e_200x200.jpg,2650017993994,,否,2025-03-24 11:49:08
4569079,第9味大骨汤馄饨（二食堂）,广东省广州市从化区广从南路548号广州软件学院二食堂,15989108698,餐饮行业,08:00-21:00,是,https://img.pospal.cn/storeLogo/c855bd02-eba8-4579-aab2-fb9bdd9398b7.jpg,2.0,10.0,0.52,889838727224033578,荠菜小馄饨（小碗）,皮薄馄饨,10.0,10.0,9946.0,否,https://img.pospal.cn/productImages/4569079/a398b153-7cad-46b5-b75c-357522f6396d_200x200.jpg,2882634029798,,否,2025-03-24 11:52:09
4569079,第9味大骨汤馄饨（二食堂）,广东省广州市从化区广从南路548号广州软件学院二食堂,15989108698,餐饮行业,08:00-21:00,是,https://img.pospal.cn/storeLogo/c855bd02-eba8-4579-aab2-fb9bdd9398b7.jpg,2.0,10.0,0.52,27287755895974595,金牌虾皇小馄饨（小碗）,皮薄馄饨,15.0,15.0,9915.0,否,https://img.pospal.cn/productImages/4569079/48e54b74-bba1-4c79-8d39-96747f159936_200x200.jpg,2294491944365,,否,2025-03-24 11:55:35
4569079,第9味大骨汤馄饨（二食堂）,广东省广州市从化区广从南路548号广州软件学院二食堂,15989108698,餐饮行业,08:00-21:00,是,https://img.pospal.cn/storeLogo/c855bd02-eba8-4579-aab2-fb9bdd9398b7.jpg,2.0,10.0,0.52,915685114115262348,三菌菇小馄饨（小碗）,皮薄馄饨,12.0,12.0,9982.0,否,https://img.pospal.cn/productImages/4569079/a7b629e2-6d1a-4897-95e3-6d7eed7371a0_200x200.jpg,2623222748475,,否,2025-03-24 12:10:10
4569079,第9味大骨汤馄饨（二食堂）,广东省广州市从化区广从南路548号广州软件学院二食堂,15989108698,餐饮行业,08:00-21:00,是,https://img.pospal.cn/storeLogo/c855bd02-eba8-4579-aab2-fb9bdd9398b7.jpg,2.0,10.0,0.52,264125278726497540,酸菜汤小馄饨（小碗）,皮薄馄饨,12.0,12.0,999102.0,否,https://img.pospal.cn/productImages/4569079/d8337609-94de-434c-86e4-b6ec2e1e88cc_200x200.jpg,2555761781593,,否,2025-03-24 12:13:52
4569079,第9味大骨汤馄饨（二食堂）,广东省广州市从化区广从南路548号广州软件学院二食堂,15989108698,餐饮行业,08:00-21:00,是,https://img.pospal.cn/storeLogo/c855bd02-eba8-4579-aab2-fb9bdd9398b7.jpg,2.0,10.0,0.52,387479549199968223,番茄汤小馄饨（小碗）,皮薄馄饨,13.0,13.0,9621.0,否,https://img.pospal.cn/productImages/4569079/26a08460-c4de-4987-a570-93a36bce87ba_200x200.jpg,2788702026990,,否,2025-03-24 12:20:07
4569079,第9味大骨汤馄饨（二食堂）,广东省广州市从化区广从南路548号广州软件学院二食堂,15989108698,餐饮行业,08:00-21:00,是,https://img.pospal.cn/storeLogo/c855bd02-eba8-4579-aab2-fb9bdd9398b7.jpg,2.0,10.0,0.52,277467436948075304,明星全家福小馄饨（小碗）,皮薄馄饨,15.0,15.0,9983.0,否,https://img.pospal.cn/productImages/4569079/c7807368-4788-4ebc-b423-ddd4ab977687_200x200.jpg,2731473606830,,否,2025-03-24 12:24:12
4569079,第9味大骨汤馄饨（二食堂）,广东省广州市从化区广从南路548号广州软件学院二食堂,15989108698,餐饮行业,08:00-21:00,是,https://img.pospal.cn/storeLogo/c855bd02-eba8-4579-aab2-fb9bdd9398b7.jpg,2.0,10.0,0.52,752247487077283266,干拌小馄饨（小碗）,皮薄馄饨,11.0,11.0,999185.0,否,https://img.pospal.cn/productImages/4569079/3340b68d-3fc4-4797-af97-7d6a4c9f8d8e_200x200.jpg,0246672298547,,否,2025-03-24 12:33:26
4569079,第9味大骨汤馄饨（二食堂）,广东省广州市从化区广从南路548号广州软件学院二食堂,15989108698,餐饮行业,08:00-21:00,是,https://img.pospal.cn/storeLogo/c855bd02-eba8-4579-aab2-fb9bdd9398b7.jpg,2.0,10.0,0.52,953307690314884534,酸辣拌小馄饨（小碗）,皮薄馄饨,13.0,13.0,999404.0,否,https://img.pospal.cn/productImages/4569079/4931e85e-62b2-4305-8ec4-efef55809f66_200x200.jpg,0228856099553,,否,2025-03-24 12:35:51
4569079,第9味大骨汤馄饨（二食堂）,广东省广州市从化区广从南路548号广州软件学院二食堂,15989108698,餐饮行业,08:00-21:00,是,https://img.pospal.cn/storeLogo/c855bd02-eba8-4579-aab2-fb9bdd9398b7.jpg,2.0,10.0,0.52,1008604325418900904,双拼（鲜肉+荠菜）小馄饨（小碗）,皮薄馄饨,10.0,10.0,9951.0,否,https://img.pospal.cn/productImages/4569079/0a898410-fe58-41af-a041-8eae1a12da4f_200x200.jpg,2919968064789,,否,2025-03-24 12:54:38
4569079,第9味大骨汤馄饨（二食堂）,广东省广州市从化区广从南路548号广州软件学院二食堂,15989108698,餐饮行业,08:00-21:00,是,https://img.pospal.cn/storeLogo/c855bd02-eba8-4579-aab2-fb9bdd9398b7.jpg,2.0,10.0,0.52,464651130954563086,香椿脆笋鲜肉小馄饨（小碗）,皮薄馄饨,12.0,12.0,9993.0,否,https://img.pospal.cn/productImages/0/default/food_200x200.png,2978699417479,,否,2025-03-29 21:44:58
4569079,第9味大骨汤馄饨（二食堂）,广东省广州市从化区广从南路548号广州软件学院二食堂,15989108698,餐饮行业,08:00-21:00,是,https://img.pospal.cn/storeLogo/c855bd02-eba8-4579-aab2-fb9bdd9398b7.jpg,2.0,10.0,0.52,628944454862969552,金牌虾皇小馄饨（大碗）,皮薄馄饨,20.0,20.0,9988.0,否,https://img.pospal.cn/productImages/4569079/9b340a45-9956-463a-bd22-3eed81cca736_200x200.jpg,2424043382110,,否,2025-04-21 18:31:09
4569079,第9味大骨汤馄饨（二食堂）,广东省广州市从化区广从南路548号广州软件学院二食堂,15989108698,餐饮行业,08:00-21:00,是,https://img.pospal.cn/storeLogo/c855bd02-eba8-4579-aab2-fb9bdd9398b7.jpg,2.0,10.0,0.52,601662978958887482,鲜肉小馄饨（大碗）,皮薄馄饨,15.0,15.0,8692.0,否,https://img.pospal.cn/productImages/4569079/4ef75a02-5a82-4309-af5b-f57a9add9848_200x200.jpg,2964917645625,,否,2025-04-21 18:32:39
4569079,第9味大骨汤馄饨（二食堂）,广东省广州市从化区广从南路548号广州软件学院二食堂,15989108698,餐饮行业,08:00-21:00,是,https://img.pospal.cn/storeLogo/c855bd02-eba8-4579-aab2-fb9bdd9398b7.jpg,2.0,10.0,0.52,209517826508560713,荠菜小馄饨（大碗）,皮薄馄饨,15.0,15.0,9985.0,否,https://img.pospal.cn/productImages/4569079/187b5dd3-bb1a-4d2c-914f-6a889ee9a71f_200x200.jpg,3005621148046,,否,2025-04-21 18:33:44
4569079,第9味大骨汤馄饨（二食堂）,广东省广州市从化区广从南路548号广州软件学院二食堂,15989108698,餐饮行业,08:00-21:00,是,https://img.pospal.cn/storeLogo/c855bd02-eba8-4579-aab2-fb9bdd9398b7.jpg,2.0,10.0,0.52,1102524749752430019,玉米鲜肉小馄饨（大碗）,皮薄馄饨,15.0,15.0,9948.0,否,https://img.pospal.cn/productImages/4569079/fe01ee81-9458-4500-9aca-c21cb3a7220c_200x200.jpg,0496287325675,,否,2025-04-21 18:34:40
4569079,第9味大骨汤馄饨（二食堂）,广东省广州市从化区广从南路548号广州软件学院二食堂,15989108698,餐饮行业,08:00-21:00,是,https://img.pospal.cn/storeLogo/c855bd02-eba8-4579-aab2-fb9bdd9398b7.jpg,2.0,10.0,0.52,981752669784080569,香菇小馄饨（大碗）,皮薄馄饨,16.0,16.0,9990.0,否,https://img.pospal.cn/productImages/4569079/2a448fff-3de2-44d3-9a3e-5bbb8147c151_200x200.jpg,2066837502504,,否,2025-04-21 18:35:32
4569079,第9味大骨汤馄饨（二食堂）,广东省广州市从化区广从南路548号广州软件学院二食堂,15989108698,餐饮行业,08:00-21:00,是,https://img.pospal.cn/storeLogo/c855bd02-eba8-4579-aab2-fb9bdd9398b7.jpg,2.0,10.0,0.52,863475694609648883,酸菜汤小馄饨（大碗）,皮薄馄饨,17.0,17.0,9991.0,否,https://img.pospal.cn/productImages/4569079/a4cf286c-aa5f-477e-b977-48ba4b2df4a6_200x200.jpg,2487435552652,,否,2025-04-21 18:36:29
4569079,第9味大骨汤馄饨（二食堂）,广东省广州市从化区广从南路548号广州软件学院二食堂,15989108698,餐饮行业,08:00-21:00,是,https://img.pospal.cn/storeLogo/c855bd02-eba8-4579-aab2-fb9bdd9398b7.jpg,2.0,10.0,0.52,227206659315845378,全家福小馄饨（大碗）,皮薄馄饨,20.0,20.0,9994.0,否,https://img.pospal.cn/productImages/4569079/00fb75da-b3d8-46bd-9633-da2fa26afe7d_200x200.jpg,2707940177400,,否,2025-04-21 18:37:29
4569079,第9味大骨汤馄饨（二食堂）,广东省广州市从化区广从南路548号广州软件学院二食堂,15989108698,餐饮行业,08:00-21:00,是,https://img.pospal.cn/storeLogo/c855bd02-eba8-4579-aab2-fb9bdd9398b7.jpg,2.0,10.0,0.52,607464091853498574,番茄汤小馄饨（大碗）,皮薄馄饨,18.0,18.0,9883.0,否,https://img.pospal.cn/productImages/4569079/23bff75e-9218-41d1-80e6-1ca9f12aa12b_200x200.jpg,2588552135749,,否,2025-04-21 18:39:17
4569079,第9味大骨汤馄饨（二食堂）,广东省广州市从化区广从南路548号广州软件学院二食堂,15989108698,餐饮行业,08:00-21:00,是,https://img.pospal.cn/storeLogo/c855bd02-eba8-4579-aab2-fb9bdd9398b7.jpg,2.0,10.0,0.52,989774353647717272,干拌小馄饨（大碗）,皮薄馄饨,16.0,16.0,717.0,否,https://img.pospal.cn/productImages/0/default/food_200x200.png,0499604645555,,否,2025-04-21 18:39:58
4569079,第9味大骨汤馄饨（二食堂）,广东省广州市从化区广从南路548号广州软件学院二食堂,15989108698,餐饮行业,08:00-21:00,是,https://img.pospal.cn/storeLogo/c855bd02-eba8-4579-aab2-fb9bdd9398b7.jpg,2.0,10.0,0.52,365865223643339214,酸辣拌小馄饨（大碗）,皮薄馄饨,18.0,18.0,760.0,否,https://img.pospal.cn/productImages/0/default/food_200x200.png,0230032338189,,否,2025-04-21 18:40:40
4569079,第9味大骨汤馄饨（二食堂）,广东省广州市从化区广从南路548号广州软件学院二食堂,15989108698,餐饮行业,08:00-21:00,是,https://img.pospal.cn/storeLogo/c855bd02-eba8-4579-aab2-fb9bdd9398b7.jpg,2.0,10.0,0.52,924521067694059209,三菌菇小馄饨（大碗）,皮薄馄饨,17.0,17.0,9993.0,否,https://img.pospal.cn/productImages/4569079/08504ec2-3f27-4b70-8074-ba8ecb22c489_200x200.jpg,0401988912673,,否,2025-04-21 18:44:02
4569079,第9味大骨汤馄饨（二食堂）,广东省广州市从化区广从南路548号广州软件学院二食堂,15989108698,餐饮行业,08:00-21:00,是,https://img.pospal.cn/storeLogo/c855bd02-eba8-4579-aab2-fb9bdd9398b7.jpg,2.0,10.0,0.52,978850579409005002,马蹄鲜肉小馄饨（小碗）,皮薄馄饨,12.0,12.0,995.0,否,https://img.pospal.cn/productImages/4569079/29b5abc7-1a93-4a55-9490-c0a16144227a_200x200.jpg,0495414829802,,否,2025-05-17 18:59:52
4569079,第9味大骨汤馄饨（二食堂）,广东省广州市从化区广从南路548号广州软件学院二食堂,15989108698,餐饮行业,08:00-21:00,是,https://img.pospal.cn/storeLogo/c855bd02-eba8-4579-aab2-fb9bdd9398b7.jpg,2.0,10.0,0.52,81710087413783316,马蹄鲜肉小馄饨（大碗）,皮薄馄饨,17.0,17.0,998.0,否,https://img.pospal.cn/productImages/4569079/c2b9eab9-8fce-4060-a3e6-1d7def101542_200x200.jpg,2745981242718,,否,2025-05-17 19:00:37
4569079,第9味大骨汤馄饨（二食堂）,广东省广州市从化区广从南路548号广州软件学院二食堂,15989108698,餐饮行业,08:00-21:00,是,https://img.pospal.cn/storeLogo/c855bd02-eba8-4579-aab2-fb9bdd9398b7.jpg,2.0,10.0,0.52,193916081758725154,蟹黄咸蛋黄小馄饨（小碗）,皮薄馄饨,16.0,16.0,9997.0,否,https://img.pospal.cn/productImages/4569079/af92881f-ab19-44f1-94c2-87470f1f36af_200x200.jpg,2380511518620,,否,2026-09-22 14:05:12
4569079,第9味大骨汤馄饨（二食堂）,广东省广州市从化区广从南路548号广州软件学院二食堂,15989108698,餐饮行业,08:00-21:00,是,https://img.pospal.cn/storeLogo/c855bd02-eba8-4579-aab2-fb9bdd9398b7.jpg,2.0,10.0,0.52,1025370518623554617,蟹黄咸蛋黄小馄饨（大碗）,皮薄馄饨,22.0,22.0,9996.0,否,https://img.pospal.cn/productImages/4569079/0cc5144b-a087-45d7-87e7-adaba853fb86_200x200.jpg,2221679436046,,否,2026-09-22 14:06:48
4569079,第9味大骨汤馄饨（二食堂）,广东省广州市从化区广从南路548号广州软件学院二食堂,15989108698,餐饮行业,08:00-21:00,是,https://img.pospal.cn/storeLogo/c855bd02-eba8-4579-aab2-fb9bdd9398b7.jpg,2.0,10.0,0.52,511960519205101404,龙虾小馄饨（麻辣）小碗,皮薄馄饨,16.0,16.0,0.0,是,https://img.pospal.cn/productImages/4569079/8cc157b3-04a2-40f8-82fb-fb24ad28a5a4_200x200.jpg,2897194663795,,否,2025-06-16 12:22:48
4569079,第9味大骨汤馄饨（二食堂）,广东省广州市从化区广从南路548号广州软件学院二食堂,15989108698,餐饮行业,08:00-21:00,是,https://img.pospal.cn/storeLogo/c855bd02-eba8-4579-aab2-fb9bdd9398b7.jpg,2.0,10.0,0.52,14189334435817784,干拌小龙虾馄饨（香麻辣）小碗,皮薄馄饨,18.0,18.0,0.0,是,https://img.pospal.cn/productImages/4569079/8a3b8beb-23ec-4205-a57b-fd4c8ac268d7_200x200.jpg,2437719699894,,否,2025-06-16 12:23:31
4569079,第9味大骨汤馄饨（二食堂）,广东省广州市从化区广从南路548号广州软件学院二食堂,15989108698,餐饮行业,08:00-21:00,是,https://img.pospal.cn/storeLogo/c855bd02-eba8-4579-aab2-fb9bdd9398b7.jpg,2.0,10.0,0.52,38396821277964227,三菌菇鲜肉水饺（小碗）,手工饺子,12.0,12.0,9978.0,否,https://img.pospal.cn/productImages/4569079/2cb74081-1d65-4ee7-bc68-10a91bc5f67f_200x200.jpg,2546462574829,,否,2025-03-29 21:25:09
4569079,第9味大骨汤馄饨（二食堂）,广东省广州市从化区广从南路548号广州软件学院二食堂,15989108698,餐饮行业,08:00-21:00,是,https://img.pospal.cn/storeLogo/c855bd02-eba8-4579-aab2-fb9bdd9398b7.jpg,2.0,10.0,0.52,1126533755501371017,松仁玉米鲜肉水饺（小碗）,手工饺子,12.0,12.0,9975.0,否,https://img.pospal.cn/productImages/4569079/ff14188d-b789-4470-aa86-2181c4b6f8bf_200x200.jpg,2427623089096,,否,2025-03-29 21:26:57
4569079,第9味大骨汤馄饨（二食堂）,广东省广州市从化区广从南路548号广州软件学院二食堂,15989108698,餐饮行业,08:00-21:00,是,https://img.pospal.cn/storeLogo/c855bd02-eba8-4579-aab2-fb9bdd9398b7.jpg,2.0,10.0,0.52,278504870615536456,壹号土猪肉西芹水饺（小碗）,手工饺子,12.0,12.0,9993.0,否,https://img.pospal.cn/productImages/4569079/12a19aa3-b8c5-450e-8ee5-2b1aeb58ea5c_200x200.jpg,2948741478901,,否,2025-03-29 21:29:09
4569079,第9味大骨汤馄饨（二食堂）,广东省广州市从化区广从南路548号广州软件学院二食堂,15989108698,餐饮行业,08:00-21:00,是,https://img.pospal.cn/storeLogo/c855bd02-eba8-4579-aab2-fb9bdd9398b7.jpg,2.0,10.0,0.52,777891595045824709,三菌菇鲜肉水饺（大碗）,手工饺子,16.0,16.0,9982.0,否,https://img.pospal.cn/productImages/4569079/789b026f-e06a-43a2-8ac4-3a13a7d2ac71_200x200.jpg,0415233902432,,否,2025-06-09 19:48:05
4569079,第9味大骨汤馄饨（二食堂）,广东省广州市从化区广从南路548号广州软件学院二食堂,15989108698,餐饮行业,08:00-21:00,是,https://img.pospal.cn/storeLogo/c855bd02-eba8-4579-aab2-fb9bdd9398b7.jpg,2.0,10.0,0.52,261994181211425720,松仁玉米鲜肉水饺（大碗）,手工饺子,16.0,16.0,9990.0,否,https://img.pospal.cn/productImages/4569079/f1cbf76d-2698-4172-90f0-cc96ece995c2_200x200.jpg,0496944683827,,否,2025-06-09 19:49:28
4569079,第9味大骨汤馄饨（二食堂）,广东省广州市从化区广从南路548号广州软件学院二食堂,15989108698,餐饮行业,08:00-21:00,是,https://img.pospal.cn/storeLogo/c855bd02-eba8-4579-aab2-fb9bdd9398b7.jpg,2.0,10.0,0.52,1076855114107777980,壹号土猪肉西芹水饺（大碗）,手工饺子,16.0,16.0,9996.0,否,https://img.pospal.cn/productImages/4569079/688f69f5-c838-4b7f-9e2b-c9f4b1e6ba5e_200x200.jpg,2377844208847,,否,2025-06-09 19:51:25
4569079,第9味大骨汤馄饨（二食堂）,广东省广州市从化区广从南路548号广州软件学院二食堂,15989108698,餐饮行业,08:00-21:00,是,https://img.pospal.cn/storeLogo/c855bd02-eba8-4579-aab2-fb9bdd9398b7.jpg,2.0,10.0,0.52,112394894649196936,韭菜鲜肉水饺（小碗）,手工饺子,12.0,12.0,9993.0,否,https://img.pospal.cn/productImages/4569079/39b99fdb-4f0a-4edb-8587-ecd2bbcd0c09_200x200.jpg,2136709190105,,否,2026-06-22 21:09:03
4569079,第9味大骨汤馄饨（二食堂）,广东省广州市从化区广从南路548号广州软件学院二食堂,15989108698,餐饮行业,08:00-21:00,是,https://img.pospal.cn/storeLogo/c855bd02-eba8-4579-aab2-fb9bdd9398b7.jpg,2.0,10.0,0.52,528142884658116048,韭菜鲜肉水饺（大碗）,手工饺子,16.0,16.0,9996.0,否,https://img.pospal.cn/productImages/4569079/2c5797ec-cb14-45ec-92db-48d0d7f8fbcf_200x200.jpg,2327480979229,,否,2026-06-22 21:10:22
4569079,第9味大骨汤馄饨（二食堂）,广东省广州市从化区广从南路548号广州软件学院二食堂,15989108698,餐饮行业,08:00-21:00,是,https://img.pospal.cn/storeLogo/c855bd02-eba8-4579-aab2-fb9bdd9398b7.jpg,2.0,10.0,0.52,573369180266645983,白菜鲜肉水饺（小碗）,手工饺子,12.0,12.0,0.0,是,https://img.pospal.cn/productImages/4569079/8191cd34-12c6-48ee-88b3-5dc3e476bf49_200x200.jpg,2294840979932,,否,2026-06-22 21:06:33
4569079,第9味大骨汤馄饨（二食堂）,广东省广州市从化区广从南路548号广州软件学院二食堂,15989108698,餐饮行业,08:00-21:00,是,https://img.pospal.cn/storeLogo/c855bd02-eba8-4579-aab2-fb9bdd9398b7.jpg,2.0,10.0,0.52,568438212961300918,白菜鲜肉水饺（大碗）,手工饺子,16.0,16.0,0.0,是,https://img.pospal.cn/productImages/4569079/b06132a9-f60c-4742-b466-d06891b1ff2f_200x200.jpg,2446073695916,,否,2026-06-22 21:07:47
4569079,第9味大骨汤馄饨（二食堂）,广东省广州市从化区广从南路548号广州软件学院二食堂,15989108698,餐饮行业,08:00-21:00,是,https://img.pospal.cn/storeLogo/c855bd02-eba8-4579-aab2-fb9bdd9398b7.jpg,2.0,10.0,0.52,303038764981339361,金牌虾皇大馄饨,手工大馄饨,18.0,18.0,9993.0,否,https://img.pospal.cn/productImages/4569079/c3046f02-884a-427d-a465-bbb2ff8eb4d1_200x200.jpg,0430666430031,,否,2025-04-21 18:26:05
4569079,第9味大骨汤馄饨（二食堂）,广东省广州市从化区广从南路548号广州软件学院二食堂,15989108698,餐饮行业,08:00-21:00,是,https://img.pospal.cn/storeLogo/c855bd02-eba8-4579-aab2-fb9bdd9398b7.jpg,2.0,10.0,0.52,37719156783387894,荠菜大馄饨,手工大馄饨,15.0,15.0,9995.0,否,https://img.pospal.cn/productImages/4569079/4b1f3fc6-3300-4868-ab78-f9dfa475e4b3_200x200.jpg,2291698617641,,否,2025-04-21 18:27:05
4569079,第9味大骨汤馄饨（二食堂）,广东省广州市从化区广从南路548号广州软件学院二食堂,15989108698,餐饮行业,08:00-21:00,是,https://img.pospal.cn/storeLogo/c855bd02-eba8-4579-aab2-fb9bdd9398b7.jpg,2.0,10.0,0.52,437832271601368109,三菌菇大馄饨,手工大馄饨,15.0,15.0,9988.0,否,https://img.pospal.cn/productImages/4569079/42fe71d7-b5ec-4632-8960-802e42b70f4f_200x200.jpg,2052353840251,,否,2025-04-21 18:28:16
4569079,第9味大骨汤馄饨（二食堂）,广东省广州市从化区广从南路548号广州软件学院二食堂,15989108698,餐饮行业,08:00-21:00,是,https://img.pospal.cn/storeLogo/c855bd02-eba8-4579-aab2-fb9bdd9398b7.jpg,2.0,10.0,0.52,694410897421800280,红油抄手,手工大馄饨,15.0,15.0,9979.0,否,https://img.pospal.cn/productImages/4569079/ac1387d5-98bb-49e3-a45c-2c0b739c01bd_200x200.jpg,2799015853852,,否,2026-05-01 18:05:28
4569079,第9味大骨汤馄饨（二食堂）,广东省广州市从化区广从南路548号广州软件学院二食堂,15989108698,餐饮行业,08:00-21:00,是,https://img.pospal.cn/storeLogo/c855bd02-eba8-4579-aab2-fb9bdd9398b7.jpg,2.0,10.0,0.52,429590077125179985,海带炖脊骨汤,地道靓汤,10.0,10.0,0.0,是,https://img.pospal.cn/productImages/4569079/a29f0a2f-8ca6-4b41-a382-b4aefca286c4_200x200.jpg,2000251850957,,否,2025-03-29 21:32:36
4569079,第9味大骨汤馄饨（二食堂）,广东省广州市从化区广从南路548号广州软件学院二食堂,15989108698,餐饮行业,08:00-21:00,是,https://img.pospal.cn/storeLogo/c855bd02-eba8-4579-aab2-fb9bdd9398b7.jpg,2.0,10.0,0.52,457709828522370262,莲藕炖排骨汤,地道靓汤,10.0,10.0,0.0,是,https://img.pospal.cn/productImages/4569079/f3892f11-e208-4199-b295-e2239ef34984_200x200.jpg,2931589861066,,否,2025-03-29 21:33:30
4569079,第9味大骨汤馄饨（二食堂）,广东省广州市从化区广从南路548号广州软件学院二食堂,15989108698,餐饮行业,08:00-21:00,是,https://img.pospal.cn/storeLogo/c855bd02-eba8-4579-aab2-fb9bdd9398b7.jpg,2.0,10.0,0.52,326467031218335673,虫草花炖乌鸡汤,地道靓汤,12.0,12.0,0.0,是,https://img.pospal.cn/productImages/4569079/f021b0d5-c5dd-4731-9689-713f4c5d6166_200x200.jpg,2492135703471,,否,2025-03-29 21:34:22
4569079,第9味大骨汤馄饨（二食堂）,广东省广州市从化区广从南路548号广州软件学院二食堂,15989108698,餐饮行业,08:00-21:00,是,https://img.pospal.cn/storeLogo/c855bd02-eba8-4579-aab2-fb9bdd9398b7.jpg,2.0,10.0,0.52,132851032276793848,上海葱油拌面,营养汤面,9.0,9.0,9977.0,否,https://img.pospal.cn/productImages/4569079/96334153-da97-4ed4-bc96-8ab494f69e9a_200x200.jpg,2763817847296,加面   加辣椒酱   加花生酱,否,2025-03-28 11:43:51
4569079,第9味大骨汤馄饨（二食堂）,广东省广州市从化区广从南路548号广州软件学院二食堂,15989108698,餐饮行业,08:00-21:00,是,https://img.pospal.cn/storeLogo/c855bd02-eba8-4579-aab2-fb9bdd9398b7.jpg,2.0,10.0,0.52,355919378227162980,酸辣拌菠菜面,营养汤面,11.0,11.0,9964.0,否,https://img.pospal.cn/productImages/4569079/ab55d6b7-aa18-465f-a76a-e084b171512a_200x200.jpg,2974349641270,,否,2025-03-28 11:44:36
4569079,第9味大骨汤馄饨（二食堂）,广东省广州市从化区广从南路548号广州软件学院二食堂,15989108698,餐饮行业,08:00-21:00,是,https://img.pospal.cn/storeLogo/c855bd02-eba8-4579-aab2-fb9bdd9398b7.jpg,2.0,10.0,0.52,568223448961843780,老北京炸酱面,营养汤面,12.0,12.0,9962.0,否,https://img.pospal.cn/productImages/4569079/cecb0e9d-e2c9-4aec-a66f-c941bf91f927_200x200.jpg,2434805454337,,否,2025-03-28 11:45:15
4569079,第9味大骨汤馄饨（二食堂）,广东省广州市从化区广从南路548号广州软件学院二食堂,15989108698,餐饮行业,08:00-21:00,是,https://img.pospal.cn/storeLogo/c855bd02-eba8-4579-aab2-fb9bdd9398b7.jpg,2.0,10.0,0.52,359457496098974878,意式番茄肉酱拌面,营养汤面,13.0,13.0,9980.0,否,https://img.pospal.cn/productImages/4569079/0fb3b9e8-c0a1-40ca-a50a-e9dbceb843d7_200x200.jpg,2275203668755,,否,2025-03-28 11:47:01
4569079,第9味大骨汤馄饨（二食堂）,广东省广州市从化区广从南路548号广州软件学院二食堂,15989108698,餐饮行业,08:00-21:00,是,https://img.pospal.cn/storeLogo/c855bd02-eba8-4579-aab2-fb9bdd9398b7.jpg,2.0,10.0,0.52,578475601552500739,酸辣炸酱豌豆拌菠菜面（细面）,营养汤面,15.0,15.0,9997.0,否,https://img.pospal.cn/productImages/0/default/food_200x200.png,2116276141779,,否,2025-03-28 11:48:32
4569079,第9味大骨汤馄饨（二食堂）,广东省广州市从化区广从南路548号广州软件学院二食堂,15989108698,餐饮行业,08:00-21:00,是,https://img.pospal.cn/storeLogo/c855bd02-eba8-4579-aab2-fb9bdd9398b7.jpg,2.0,10.0,0.52,522121882613558754,馄饨面,营养汤面,13.0,13.0,9940.0,否,https://img.pospal.cn/productImages/4569079/0f0b002b-01b6-4f36-9051-e606fe87c16e_200x200.jpg,2157326512309,,否,2025-03-28 11:49:53
4569079,第9味大骨汤馄饨（二食堂）,广东省广州市从化区广从南路548号广州软件学院二食堂,15989108698,餐饮行业,08:00-21:00,是,https://img.pospal.cn/storeLogo/c855bd02-eba8-4579-aab2-fb9bdd9398b7.jpg,2.0,10.0,0.52,358797793519096219,馄饨粉（江西米粉）,营养汤面,13.0,13.0,9927.0,否,https://img.pospal.cn/productImages/4569079/03aa6087-d2ef-4185-a923-93df7d14f1a0_200x200.jpg,2098372674583,,否,2025-03-28 11:50:39
4569079,第9味大骨汤馄饨（二食堂）,广东省广州市从化区广从南路548号广州软件学院二食堂,15989108698,餐饮行业,08:00-21:00,是,https://img.pospal.cn/storeLogo/c855bd02-eba8-4579-aab2-fb9bdd9398b7.jpg,2.0,10.0,0.52,978325072348311575,牛腩面,营养汤面,15.0,15.0,9981.0,否,https://img.pospal.cn/productImages/4569079/2a45428f-42e6-4011-99a8-f5567fd514d5_200x200.jpg,2918432394179,,否,2025-03-28 11:51:23
4569079,第9味大骨汤馄饨（二食堂）,广东省广州市从化区广从南路548号广州软件学院二食堂,15989108698,餐饮行业,08:00-21:00,是,https://img.pospal.cn/storeLogo/c855bd02-eba8-4579-aab2-fb9bdd9398b7.jpg,2.0,10.0,0.52,1006953121714965367,牛腩粉（江西米粉）,营养汤面,15.0,15.0,9967.0,否,https://img.pospal.cn/productImages/4569079/64c0b1e8-0038-422a-89e6-85afd2172da8_200x200.jpg,2798852301649,,否,2025-03-28 11:52:22
4569079,第9味大骨汤馄饨（二食堂）,广东省广州市从化区广从南路548号广州软件学院二食堂,15989108698,餐饮行业,08:00-21:00,是,https://img.pospal.cn/storeLogo/c855bd02-eba8-4579-aab2-fb9bdd9398b7.jpg,2.0,10.0,0.52,1068680492074805581,鱼旦面,营养汤面,10.0,10.0,9994.0,否,https://img.pospal.cn/productImages/0/default/food_200x200.png,2425881271246,,否,2025-03-29 21:57:46
4569079,第9味大骨汤馄饨（二食堂）,广东省广州市从化区广从南路548号广州软件学院二食堂,15989108698,餐饮行业,08:00-21:00,是,https://img.pospal.cn/storeLogo/c855bd02-eba8-4579-aab2-fb9bdd9398b7.jpg,2.0,10.0,0.52,123842782602135722,鱼旦粉（江西米粉）,营养汤面,10.0,10.0,9994.0,否,https://img.pospal.cn/productImages/0/default/food_200x200.png,2566688558236,,否,2025-03-29 21:58:37
4569079,第9味大骨汤馄饨（二食堂）,广东省广州市从化区广从南路548号广州软件学院二食堂,15989108698,餐饮行业,08:00-21:00,是,https://img.pospal.cn/storeLogo/c855bd02-eba8-4579-aab2-fb9bdd9398b7.jpg,2.0,10.0,0.52,320556625716219799,青菜面,营养汤面,10.0,10.0,9997.0,否,https://img.pospal.cn/productImages/0/default/food_200x200.png,2527326428199,,否,2025-03-29 21:59:39
4569079,第9味大骨汤馄饨（二食堂）,广东省广州市从化区广从南路548号广州软件学院二食堂,15989108698,餐饮行业,08:00-21:00,是,https://img.pospal.cn/storeLogo/c855bd02-eba8-4579-aab2-fb9bdd9398b7.jpg,2.0,10.0,0.52,798028177873175334,青菜粉（江西米粉）,营养汤面,10.0,10.0,9996.0,否,https://img.pospal.cn/productImages/0/default/food_200x200.png,2457828239873,,否,2025-03-29 22:00:15
4569079,第9味大骨汤馄饨（二食堂）,广东省广州市从化区广从南路548号广州软件学院二食堂,15989108698,餐饮行业,08:00-21:00,是,https://img.pospal.cn/storeLogo/c855bd02-eba8-4579-aab2-fb9bdd9398b7.jpg,2.0,10.0,0.52,407967538102315045,番茄肥牛面,营养汤面,18.0,18.0,9995.0,否,https://img.pospal.cn/productImages/4569079/ce8a8d78-ca50-4443-9cb0-58f85a5ad390_200x200.jpg,0298198887903,,否,2025-03-29 22:00:58
4569079,第9味大骨汤馄饨（二食堂）,广东省广州市从化区广从南路548号广州软件学院二食堂,15989108698,餐饮行业,08:00-21:00,是,https://img.pospal.cn/storeLogo/c855bd02-eba8-4579-aab2-fb9bdd9398b7.jpg,2.0,10.0,0.52,509868013380278320,番茄肥牛粉（江西米粉）,营养汤面,18.0,18.0,9992.0,否,https://img.pospal.cn/productImages/4569079/e1fa57de-87ff-418a-9861-00a551a81120_200x200.jpg,2358657029317,,否,2025-03-29 22:01:50
4569079,第9味大骨汤馄饨（二食堂）,广东省广州市从化区广从南路548号广州软件学院二食堂,15989108698,餐饮行业,08:00-21:00,是,https://img.pospal.cn/storeLogo/c855bd02-eba8-4579-aab2-fb9bdd9398b7.jpg,2.0,10.0,0.52,836343551721077092,鸡蛋面升级菠菜面,营养汤面,2.0,2.0,999.0,否,https://img.pospal.cn/productImages/0/default/food_200x200.png,2384459746534,,否,2025-03-29 22:11:37
4569079,第9味大骨汤馄饨（二食堂）,广东省广州市从化区广从南路548号广州软件学院二食堂,15989108698,餐饮行业,08:00-21:00,是,https://img.pospal.cn/storeLogo/c855bd02-eba8-4579-aab2-fb9bdd9398b7.jpg,2.0,10.0,0.52,690700322510416758,花生酱拌面,营养汤面,8.0,8.0,9995.0,否,https://img.pospal.cn/productImages/4569079/3923f0d4-e29c-4eae-9b5e-827d825598cc_200x200.jpg,2132990202817,,否,2025-12-18 11:25:35
4569079,第9味大骨汤馄饨（二食堂）,广东省广州市从化区广从南路548号广州软件学院二食堂,15989108698,餐饮行业,08:00-21:00,是,https://img.pospal.cn/storeLogo/c855bd02-eba8-4579-aab2-fb9bdd9398b7.jpg,2.0,10.0,0.52,1125745387517890273,花生酱拌米粉,营养汤面,8.0,8.0,998.0,否,https://img.pospal.cn/productImages/4569079/1bbf9359-5f1a-4b1e-818f-50f0fdcd1284_200x200.jpg,2793831601918,,否,2025-12-18 11:27:02
4569079,第9味大骨汤馄饨（二食堂）,广东省广州市从化区广从南路548号广州软件学院二食堂,15989108698,餐饮行业,08:00-21:00,是,https://img.pospal.cn/storeLogo/c855bd02-eba8-4579-aab2-fb9bdd9398b7.jpg,2.0,10.0,0.52,684019042116446646,和味猪手汤面,营养汤面,13.0,13.0,998.0,否,https://img.pospal.cn/productImages/4569079/3357201c-671d-4582-a7b9-6afb5ac366a6_200x200.jpg,2555766572585,,否,2025-12-18 17:54:57
4569079,第9味大骨汤馄饨（二食堂）,广东省广州市从化区广从南路548号广州软件学院二食堂,15989108698,餐饮行业,08:00-21:00,是,https://img.pospal.cn/storeLogo/c855bd02-eba8-4579-aab2-fb9bdd9398b7.jpg,2.0,10.0,0.52,557137375830892226,和味猪手汤米粉,营养汤面,13.0,13.0,9994.0,否,https://img.pospal.cn/productImages/4569079/277a1879-d003-4d3d-9372-38fb62bca66d_200x200.jpg,0247046478077,,否,2025-12-18 17:55:37
4569079,第9味大骨汤馄饨（二食堂）,广东省广州市从化区广从南路548号广州软件学院二食堂,15989108698,餐饮行业,08:00-21:00,是,https://img.pospal.cn/storeLogo/c855bd02-eba8-4579-aab2-fb9bdd9398b7.jpg,2.0,10.0,0.52,600969900457605257,牛肉丸汤面,营养汤面,12.0,12.0,9996.0,否,https://img.pospal.cn/productImages/4569079/25beea6d-0439-4c81-a61c-d1d7d5e97a84_200x200.jpg,0471072612390,,否,2025-12-27 20:05:48
4569079,第9味大骨汤馄饨（二食堂）,广东省广州市从化区广从南路548号广州软件学院二食堂,15989108698,餐饮行业,08:00-21:00,是,https://img.pospal.cn/storeLogo/c855bd02-eba8-4579-aab2-fb9bdd9398b7.jpg,2.0,10.0,0.52,797455100917714293,牛肉丸汤米粉,营养汤面,12.0,12.0,9982.0,否,https://img.pospal.cn/productImages/4569079/827d1d45-7f42-4b74-8bff-7127aac59e37_200x200.jpg,2561527336488,,否,2025-12-27 20:06:24
4569079,第9味大骨汤馄饨（二食堂）,广东省广州市从化区广从南路548号广州软件学院二食堂,15989108698,餐饮行业,08:00-21:00,是,https://img.pospal.cn/storeLogo/c855bd02-eba8-4579-aab2-fb9bdd9398b7.jpg,2.0,10.0,0.52,1082556528782652820,红烧肥牛粉（江西米粉）,营养汤面,20.0,20.0,0.0,是,https://img.pospal.cn/productImages/4569079/724d62ba-9119-45f2-8424-7e579e051eb4_200x200.jpg,2890584471932,,否,2025-03-29 22:05:44
4569079,第9味大骨汤馄饨（二食堂）,广东省广州市从化区广从南路548号广州软件学院二食堂,15989108698,餐饮行业,08:00-21:00,是,https://img.pospal.cn/storeLogo/c855bd02-eba8-4579-aab2-fb9bdd9398b7.jpg,2.0,10.0,0.52,865206391082309706,小龙虾拌面（麻辣）,营养汤面,16.0,16.0,0.0,是,https://img.pospal.cn/productImages/4569079/d652de2c-8a35-436b-8e93-fc6704a3b8d1_200x200.jpg,2938151186220,,否,2025-06-16 12:24:08
4569079,第9味大骨汤馄饨（二食堂）,广东省广州市从化区广从南路548号广州软件学院二食堂,15989108698,餐饮行业,08:00-21:00,是,https://img.pospal.cn/storeLogo/c855bd02-eba8-4579-aab2-fb9bdd9398b7.jpg,2.0,10.0,0.52,830502459353759451,红烧牛肠汤面,营养汤面,13.0,13.0,0.0,是,https://img.pospal.cn/productImages/4569079/24c2c4c1-4692-4abf-a25e-93de7c35c86c_200x200.jpg,2561936758918,,否,2025-12-18 11:24:42
4569079,第9味大骨汤馄饨（二食堂）,广东省广州市从化区广从南路548号广州软件学院二食堂,15989108698,餐饮行业,08:00-21:00,是,https://img.pospal.cn/storeLogo/c855bd02-eba8-4579-aab2-fb9bdd9398b7.jpg,2.0,10.0,0.52,925573686210976214,红烧牛肠汤米粉,营养汤面,13.0,13.0,0.0,是,https://img.pospal.cn/productImages/4569079/e4b9a8a0-7d15-4427-8115-6716575adc1b_200x200.jpg,2343388856455,,否,2025-12-18 11:26:18
4569079,第9味大骨汤馄饨（二食堂）,广东省广州市从化区广从南路548号广州软件学院二食堂,15989108698,餐饮行业,08:00-21:00,是,https://img.pospal.cn/storeLogo/c855bd02-eba8-4579-aab2-fb9bdd9398b7.jpg,2.0,10.0,0.52,1090151885587974500,吕田外婆大肉拌面,营养汤面,13.0,13.0,0.0,是,https://img.pospal.cn/productImages/4569079/687ed93b-5077-4ca5-a346-fa33c216cb1f_200x200.jpg,2597664463336,,否,2025-12-18 17:56:36
4569079,第9味大骨汤馄饨（二食堂）,广东省广州市从化区广从南路548号广州软件学院二食堂,15989108698,餐饮行业,08:00-21:00,是,https://img.pospal.cn/storeLogo/c855bd02-eba8-4579-aab2-fb9bdd9398b7.jpg,2.0,10.0,0.52,17906328612187799,吕田外婆大肉拌米粉,营养汤面,13.0,13.0,0.0,是,https://img.pospal.cn/productImages/4569079/d8027b2e-6c98-4ff0-a8f3-082507e0ba9a_200x200.jpg,0248021060577,,否,2025-12-18 17:57:21
4569079,第9味大骨汤馄饨（二食堂）,广东省广州市从化区广从南路548号广州软件学院二食堂,15989108698,餐饮行业,08:00-21:00,是,https://img.pospal.cn/storeLogo/c855bd02-eba8-4579-aab2-fb9bdd9398b7.jpg,2.0,10.0,0.52,837711703771649661,卤肉拌面,营养汤面,13.0,13.0,0.0,是,https://img.pospal.cn/productImages/4569079/3d4b650d-09f7-457c-b350-7754b66b4619_200x200.jpg,2815351921311,,否,2025-12-22 12:26:13
4569079,第9味大骨汤馄饨（二食堂）,广东省广州市从化区广从南路548号广州软件学院二食堂,15989108698,餐饮行业,08:00-21:00,是,https://img.pospal.cn/storeLogo/c855bd02-eba8-4579-aab2-fb9bdd9398b7.jpg,2.0,10.0,0.52,631204925826296593,卤肉拌米粉,营养汤面,13.0,13.0,0.0,是,https://img.pospal.cn/productImages/4569079/fd449aa2-25bc-48bc-b694-f6401897f658_200x200.jpg,2826018461798,,否,2025-12-22 12:27:11
4569079,第9味大骨汤馄饨（二食堂）,广东省广州市从化区广从南路548号广州软件学院二食堂,15989108698,餐饮行业,08:00-21:00,是,https://img.pospal.cn/storeLogo/c855bd02-eba8-4579-aab2-fb9bdd9398b7.jpg,2.0,10.0,0.52,236458582991152273,黑金排骨拌面,营养汤面,13.0,13.0,-1.0,是,https://img.pospal.cn/productImages/4569079/c845f315-c95d-4d08-b48e-600d8975df56_200x200.jpg,2990310889939,,否,2026-05-08 12:55:21
4569079,第9味大骨汤馄饨（二食堂）,广东省广州市从化区广从南路548号广州软件学院二食堂,15989108698,餐饮行业,08:00-21:00,是,https://img.pospal.cn/storeLogo/c855bd02-eba8-4579-aab2-fb9bdd9398b7.jpg,2.0,10.0,0.52,554510268237896373,黑金排骨拌米粉,营养汤面,13.0,13.0,0.0,是,https://img.pospal.cn/productImages/4569079/158cb111-5212-436a-9ea1-b0e12561a1a7_200x200.jpg,2601684574726,,否,2026-05-08 12:56:44
4598578,重庆小面.鸡公煲（二食堂）,广东省广州市从化区广从南路548号广州软件学院二食堂,19882017178,餐饮行业,10:00-20:29,是,https://img.pospal.cn/storeLogo/4598578/aabfc586f834429781e2505d543a5296.png,2.0,10.0,0.52,635229138034296814,金桔柠檬,饮品,1.0,1.0,993.0,否,https://img.pospal.cn/productImages/4598578/2bb1924a-b8ad-4599-8921-3c9a87205439_200x200.jpg,2602281143100,,否,2026-02-28 11:44:18
4598578,重庆小面.鸡公煲（二食堂）,广东省广州市从化区广从南路548号广州软件学院二食堂,19882017178,餐饮行业,10:00-20:29,是,https://img.pospal.cn/storeLogo/4598578/aabfc586f834429781e2505d543a5296.png,2.0,10.0,0.52,64189218393792347,香辣肉片煲+千张+豆芽+青菜+米饭,香辣肉片煲,13.0,13.0,-4.0,是,https://img.pospal.cn/productImages/4598578/1804530c-53c1-4e0f-a721-d2f9efd25384_200x200.png,2509131409228,,否,2025-09-13 14:11:34
4598578,重庆小面.鸡公煲（二食堂）,广东省广州市从化区广从南路548号广州软件学院二食堂,19882017178,餐饮行业,10:00-20:29,是,https://img.pospal.cn/storeLogo/4598578/aabfc586f834429781e2505d543a5296.png,2.0,10.0,0.52,316678284709472430,大勺肉酱酸辣粉,酸辣粉,13.0,13.0,981.0,否,https://img.pospal.cn/productImages/4598578/bdbd1ad7-c041-423c-af44-7252a17458b2_200x200.jpg,2504121808180,,否,2025-04-12 18:08:58
4598578,重庆小面.鸡公煲（二食堂）,广东省广州市从化区广从南路548号广州软件学院二食堂,19882017178,餐饮行业,10:00-20:29,是,https://img.pospal.cn/storeLogo/4598578/aabfc586f834429781e2505d543a5296.png,2.0,10.0,0.52,939809478575008504,老成都酸辣粉,酸辣粉,10.0,10.0,976.0,否,https://img.pospal.cn/productImages/4598578/c893b20c-4f73-48ba-bc18-6494f6d655be_200x200.jpg,2504121809088,,否,2025-04-12 18:09:42
4598578,重庆小面.鸡公煲（二食堂）,广东省广州市从化区广从南路548号广州软件学院二食堂,19882017178,餐饮行业,10:00-20:29,是,https://img.pospal.cn/storeLogo/4598578/aabfc586f834429781e2505d543a5296.png,2.0,10.0,0.52,410301355761948274,酸菜肥肠酸辣粉,酸辣粉,15.0,15.0,993.0,否,https://img.pospal.cn/productImages/4598578/1bd3bece-2b54-44e0-b2fd-50caa23804bd_200x200.jpg,2504121809453,,否,2025-04-12 18:10:25
4598578,重庆小面.鸡公煲（二食堂）,广东省广州市从化区广从南路548号广州软件学院二食堂,19882017178,餐饮行业,10:00-20:29,是,https://img.pospal.cn/storeLogo/4598578/aabfc586f834429781e2505d543a5296.png,2.0,10.0,0.52,411560540812026876,甜辣黑鸭煲+莲藕+金针菇+腐竹+米饭,甜辣黑鸭煲,15.0,15.0,969.0,否,https://img.pospal.cn/productImages/4598578/5110cd24-7826-4398-8710-889a7f6aad13_200x200.jpg,2509131411412,,否,2025-09-13 14:13:09
4598578,重庆小面.鸡公煲（二食堂）,广东省广州市从化区广从南路548号广州软件学院二食堂,19882017178,餐饮行业,10:00-20:29,是,https://img.pospal.cn/storeLogo/4598578/aabfc586f834429781e2505d543a5296.png,2.0,10.0,0.52,515421717871925878,豌豆杂酱面,招牌汤面,15.0,15.0,997.0,否,https://img.pospal.cn/productImages/4598578/a74ff5e3-627c-4086-932f-6aff2c7bfc4c_200x200.jpg,2504121752131,,否,2025-04-12 17:53:19
4598578,重庆小面.鸡公煲（二食堂）,广东省广州市从化区广从南路548号广州软件学院二食堂,19882017178,餐饮行业,10:00-20:29,是,https://img.pospal.cn/storeLogo/4598578/aabfc586f834429781e2505d543a5296.png,2.0,10.0,0.52,1069438405230402170,原汤红烧牛肉面,招牌汤面,15.0,15.0,54.0,否,https://img.pospal.cn/productImages/4598578/22c2bfdc-2f55-4008-b7f0-b6ebb2f01e68_200x200.jpg,2504121754289,,否,2025-04-12 17:55:09
4598578,重庆小面.鸡公煲（二食堂）,广东省广州市从化区广从南路548号广州软件学院二食堂,19882017178,餐饮行业,10:00-20:29,是,https://img.pospal.cn/storeLogo/4598578/aabfc586f834429781e2505d543a5296.png,2.0,10.0,0.52,853961780308864499,红烧肥肠面,招牌汤面,15.0,15.0,86.0,否,https://img.pospal.cn/productImages/4598578/5f785e13-7d35-49cb-82e0-e7138412445a_200x200.jpg,2504121755132,,否,2025-04-12 17:55:49
4598578,重庆小面.鸡公煲（二食堂）,广东省广州市从化区广从南路548号广州软件学院二食堂,19882017178,餐饮行业,10:00-20:29,是,https://img.pospal.cn/storeLogo/4598578/aabfc586f834429781e2505d543a5296.png,2.0,10.0,0.52,192500017668655984,酸菜牛肉面,招牌汤面,16.0,16.0,83.0,否,https://img.pospal.cn/productImages/4598578/ddde2531-f56c-45ea-a3e4-128d5eef1046_200x200.jpg,2504121755521,,否,2025-04-12 17:56:42
4598578,重庆小面.鸡公煲（二食堂）,广东省广州市从化区广从南路548号广州软件学院二食堂,19882017178,餐饮行业,10:00-20:29,是,https://img.pospal.cn/storeLogo/4598578/aabfc586f834429781e2505d543a5296.png,2.0,10.0,0.52,367208383530445584,麻辣小面,招牌汤面,8.0,8.0,74.0,否,https://img.pospal.cn/productImages/4598578/3c4e90e2-06dd-49cc-81de-e0e217cd86d4_200x200.jpg,2504121756450,,否,2025-04-12 17:57:28
4598578,重庆小面.鸡公煲（二食堂）,广东省广州市从化区广从南路548号广州软件学院二食堂,19882017178,餐饮行业,10:00-20:29,是,https://img.pospal.cn/storeLogo/4598578/aabfc586f834429781e2505d543a5296.png,2.0,10.0,0.52,918670139630669658,酸菜肥肠面,招牌汤面,16.0,16.0,89.0,否,https://img.pospal.cn/productImages/4598578/bd66c2b4-259c-4875-82bf-77d8bef613cf_200x200.jpg,2504212208332,,否,2025-04-21 22:09:31
4598578,重庆小面.鸡公煲（二食堂）,广东省广州市从化区广从南路548号广州软件学院二食堂,19882017178,餐饮行业,10:00-20:29,是,https://img.pospal.cn/storeLogo/4598578/aabfc586f834429781e2505d543a5296.png,2.0,10.0,0.52,540625426500565863,番茄鸡蛋面,招牌汤面,12.0,12.0,0.0,是,https://img.pospal.cn/productImages/4598578/b8fe2964-a8d0-4933-a2b1-09ff7d94b4a8_200x200.jpg,2504121753220,,否,2025-04-12 17:54:25
4598578,重庆小面.鸡公煲（二食堂）,广东省广州市从化区广从南路548号广州软件学院二食堂,19882017178,餐饮行业,10:00-20:29,是,https://img.pospal.cn/storeLogo/4598578/aabfc586f834429781e2505d543a5296.png,2.0,10.0,0.52,613816738590035009,单人鸡公煲+米饭,招牌鸡公煲,13.0,13.0,284.0,否,https://img.pospal.cn/productImages/4598578/6a33699c-6594-4bff-91e7-b3b3f86f21c6_200x200.jpg,2509131413126,,否,2025-09-13 14:14:26
4598578,重庆小面.鸡公煲（二食堂）,广东省广州市从化区广从南路548号广州软件学院二食堂,19882017178,餐饮行业,10:00-20:29,是,https://img.pospal.cn/storeLogo/4598578/aabfc586f834429781e2505d543a5296.png,2.0,10.0,0.52,465405793599830570,单人鸡公煲+蟹排+米饭,招牌鸡公煲,14.8,14.8,718.0,否,https://img.pospal.cn/productImages/4598578/164d293a-fb7e-4376-b619-2fcde53bc6b7_200x200.jpg,2509131414291,,否,2025-09-13 14:15:11
4598578,重庆小面.鸡公煲（二食堂）,广东省广州市从化区广从南路548号广州软件学院二食堂,19882017178,餐饮行业,10:00-20:29,是,https://img.pospal.cn/storeLogo/4598578/aabfc586f834429781e2505d543a5296.png,2.0,10.0,0.52,483002797793338542,单人鸡公煲+蟹排+腐竹+米饭,招牌鸡公煲,16.0,16.0,878.0,否,https://img.pospal.cn/productImages/4598578/4d89a619-678c-46e9-a3c4-1425862aab16_200x200.jpg,2509131415144,,否,2025-09-13 14:15:52
4598578,重庆小面.鸡公煲（二食堂）,广东省广州市从化区广从南路548号广州软件学院二食堂,19882017178,餐饮行业,10:00-20:29,是,https://img.pospal.cn/storeLogo/4598578/aabfc586f834429781e2505d543a5296.png,2.0,10.0,0.52,478019351807290111,香菜,葱花香菜,0.1,0.1,99618.0,否,https://img.pospal.cn/productImages/4598578/c47b5277-6392-4e17-8778-778d2cce01aa_200x200.jpg,2603061000187,,否,2026-03-06 10:00:58
4598578,重庆小面.鸡公煲（二食堂）,广东省广州市从化区广从南路548号广州软件学院二食堂,19882017178,餐饮行业,10:00-20:29,是,https://img.pospal.cn/storeLogo/4598578/aabfc586f834429781e2505d543a5296.png,2.0,10.0,0.52,679053993358440458,葱花,葱花香菜,0.1,0.1,99703.0,否,https://img.pospal.cn/productImages/4598578/cc6bce72-46d5-44c3-809e-db044635964b_200x200.jpg,2603061001009,,否,2026-03-06 10:01:37
4598578,重庆小面.鸡公煲（二食堂）,广东省广州市从化区广从南路548号广州软件学院二食堂,19882017178,餐饮行业,10:00-20:29,是,https://img.pospal.cn/storeLogo/4598578/aabfc586f834429781e2505d543a5296.png,2.0,10.0,0.52,1096982577774310426,干拌豌豆杂酱面,特色干拌面,15.0,15.0,997.0,否,https://img.pospal.cn/productImages/4598578/49986fcf-93da-4bea-b5e4-dc7a65d2cb8e_200x200.jpg,2504121757341,,否,2025-04-12 17:58:30
4598578,重庆小面.鸡公煲（二食堂）,广东省广州市从化区广从南路548号广州软件学院二食堂,19882017178,餐饮行业,10:00-20:29,是,https://img.pospal.cn/storeLogo/4598578/aabfc586f834429781e2505d543a5296.png,2.0,10.0,0.52,654444464351609383,土豆泥拌面,特色干拌面,9.9,11.0,945.0,否,https://img.pospal.cn/productImages/4598578/798ed774-175e-49bf-a603-272d1ff8b313_200x200.jpg,2504121758423,,否,2025-04-12 17:59:29
4598578,重庆小面.鸡公煲（二食堂）,广东省广州市从化区广从南路548号广州软件学院二食堂,19882017178,餐饮行业,10:00-20:29,是,https://img.pospal.cn/storeLogo/4598578/aabfc586f834429781e2505d543a5296.png,2.0,10.0,0.52,1114066036223364810,土豆泥肉酱拌面,特色干拌面,13.0,13.0,959.0,否,https://img.pospal.cn/productImages/4598578/1eb8fc56-d3a7-4abe-b72e-821476989155_200x200.jpg,2504121759338,,否,2025-04-12 18:00:25
4598578,重庆小面.鸡公煲（二食堂）,广东省广州市从化区广从南路548号广州软件学院二食堂,19882017178,餐饮行业,10:00-20:29,是,https://img.pospal.cn/storeLogo/4598578/aabfc586f834429781e2505d543a5296.png,2.0,10.0,0.52,141840730315339299,辣子鸡拌面,特色干拌面,12.0,12.0,926.0,否,https://img.pospal.cn/productImages/4598578/396e00ad-9696-4867-a666-40ebe0dbd158_200x200.jpg,2504121800276,,否,2025-04-12 18:01:48
4598578,重庆小面.鸡公煲（二食堂）,广东省广州市从化区广从南路548号广州软件学院二食堂,19882017178,餐饮行业,10:00-20:29,是,https://img.pospal.cn/storeLogo/4598578/aabfc586f834429781e2505d543a5296.png,2.0,10.0,0.52,429651223500932409,杂酱拌面,特色干拌面,11.0,11.0,992.0,否,https://img.pospal.cn/productImages/4598578/fa5b76f5-99c6-4261-96a7-4b3cd8b59b16_200x200.jpg,2504121803406,,否,2025-04-12 18:04:18
4598578,重庆小面.鸡公煲（二食堂）,广东省广州市从化区广从南路548号广州软件学院二食堂,19882017178,餐饮行业,10:00-20:29,是,https://img.pospal.cn/storeLogo/4598578/aabfc586f834429781e2505d543a5296.png,2.0,10.0,0.52,10488285027218778,干馏麻辣小面,特色干拌面,8.0,8.0,622.0,否,https://img.pospal.cn/productImages/4598578/24d3cb06-91c9-46da-9de8-a356e80cb432_200x200.jpg,2504121804212,,否,2025-04-12 18:05:15
4598578,重庆小面.鸡公煲（二食堂）,广东省广州市从化区广从南路548号广州软件学院二食堂,19882017178,餐饮行业,10:00-20:29,是,https://img.pospal.cn/storeLogo/4598578/aabfc586f834429781e2505d543a5296.png,2.0,10.0,0.52,1012642562674502276,宜宾荤燃面,特色干拌面,11.0,11.0,0.0,是,https://img.pospal.cn/productImages/4598578/a61dbc8a-5116-4e40-815e-9032f5556216_200x200.jpg,2504121801525,,否,2025-04-12 18:02:40
4598578,重庆小面.鸡公煲（二食堂）,广东省广州市从化区广从南路548号广州软件学院二食堂,19882017178,餐饮行业,10:00-20:29,是,https://img.pospal.cn/storeLogo/4598578/aabfc586f834429781e2505d543a5296.png,2.0,10.0,0.52,994425317045266594,单人酥肉煲+米饭,小酥肉煲,13.0,13.0,429.0,否,https://img.pospal.cn/productImages/4598578/0d4b67f5-0afc-43d9-b8b8-a023c7955e60_200x200.jpg,2509131415557,,否,2025-09-13 14:17:12
4598578,重庆小面.鸡公煲（二食堂）,广东省广州市从化区广从南路548号广州软件学院二食堂,19882017178,餐饮行业,10:00-20:29,是,https://img.pospal.cn/storeLogo/4598578/aabfc586f834429781e2505d543a5296.png,2.0,10.0,0.52,245778864347906777,单人酥肉煲+蟹排+米饭,小酥肉煲,14.8,14.8,882.0,否,https://img.pospal.cn/productImages/4598578/891e6377-2d7f-4127-8cc6-dc9b9de242eb_200x200.jpg,2509131417155,,否,2025-09-13 14:17:57
4598578,重庆小面.鸡公煲（二食堂）,广东省广州市从化区广从南路548号广州软件学院二食堂,19882017178,餐饮行业,10:00-20:29,是,https://img.pospal.cn/storeLogo/4598578/aabfc586f834429781e2505d543a5296.png,2.0,10.0,0.52,663546266266248017,单人酥肉煲+蟹排+腐竹+米饭,小酥肉煲,16.0,16.0,952.0,否,https://img.pospal.cn/productImages/4598578/b3b32e4a-1320-4612-a131-84a73739794d_200x200.jpg,2509131418008,,否,2025-09-13 14:18:38
4598578,重庆小面.鸡公煲（二食堂）,广东省广州市从化区广从南路548号广州软件学院二食堂,19882017178,餐饮行业,10:00-20:29,是,https://img.pospal.cn/storeLogo/4598578/aabfc586f834429781e2505d543a5296.png,2.0,10.0,0.52,585105180597397548,肉沫茄子煲,肉沫茄子煲,11.0,11.0,933.0,否,https://img.pospal.cn/productImages/4598578/d4613f9f-92fc-4430-a8b0-fea98f04663e_200x200.jpg,2609022116201,,否,2026-09-02 21:19:53
4598578,重庆小面.鸡公煲（二食堂）,广东省广州市从化区广从南路548号广州软件学院二食堂,19882017178,餐饮行业,10:00-20:29,是,https://img.pospal.cn/storeLogo/4598578/aabfc586f834429781e2505d543a5296.png,2.0,10.0,0.52,654444464351609383,土豆泥拌面,促销,9.9,11.0,945.0,否,https://img.pospal.cn/productImages/4598578/798ed774-175e-49bf-a603-272d1ff8b313_200x200.jpg,2504121758423,,否,2025-04-12 17:59:29
4579705,潮粤味猪杂粉（啡比一楼）,广东省广州市从化区太平镇广从南路548号内（菲比幸福）,13048077417,餐饮行业,09:50-21:29,是,https://img.pospal.cn/storeLogo/e045f4e6-ce9d-44f1-b29f-48bc0f903889.png,2.0,10.0,0.69,531907918229206362,猪杂汤饭,汤饭系列,12.88,12.88,9916.0,否,https://img.pospal.cn/productImages/4579705/62fa803b-8c35-41cd-869a-5d384a2d40af_200x200.jpg,2494753555777,,否,2023-05-02 10:38:00
4579705,潮粤味猪杂粉（啡比一楼）,广东省广州市从化区太平镇广从南路548号内（菲比幸福）,13048077417,餐饮行业,09:50-21:29,是,https://img.pospal.cn/storeLogo/e045f4e6-ce9d-44f1-b29f-48bc0f903889.png,2.0,10.0,0.69,431596675293703826,猪肉丸汤饭,汤饭系列,13.8,13.8,885.0,否,https://img.pospal.cn/productImages/4579705/23ffa7f7-ae1a-4ce6-9390-94ccc40d6fec_200x200.jpg,2106210912312,,否,2023-05-03 18:14:14
4579705,潮粤味猪杂粉（啡比一楼）,广东省广州市从化区太平镇广从南路548号内（菲比幸福）,13048077417,餐饮行业,09:50-21:29,是,https://img.pospal.cn/storeLogo/e045f4e6-ce9d-44f1-b29f-48bc0f903889.png,2.0,10.0,0.69,940541223828943819,墨鱼丸肉卷汤饭,汤饭系列,12.88,12.88,883.0,否,https://img.pospal.cn/productImages/4579705/d31efbb8-e3fe-4f19-bcd9-90e2757fe666_200x200.jpg,2253001455432,,否,2023-05-03 18:18:47
4579705,潮粤味猪杂粉（啡比一楼）,广东省广州市从化区太平镇广从南路548号内（菲比幸福）,13048077417,餐饮行业,09:50-21:29,是,https://img.pospal.cn/storeLogo/e045f4e6-ce9d-44f1-b29f-48bc0f903889.png,2.0,10.0,0.69,73534035219761380,牛筋丸汤饭,汤饭系列,12.8,12.8,9985.0,否,https://img.pospal.cn/productImages/4579705/d06973fe-fcdd-41e6-9ef4-bc22e785c3d8_200x200.jpg,2589191858556,,否,2023-05-03 18:24:03
4579705,潮粤味猪杂粉（啡比一楼）,广东省广州市从化区太平镇广从南路548号内（菲比幸福）,13048077417,餐饮行业,09:50-21:29,是,https://img.pospal.cn/storeLogo/e045f4e6-ce9d-44f1-b29f-48bc0f903889.png,2.0,10.0,0.69,815231782673981677,瘦肉汤饭,汤饭系列,13.8,13.8,9971.0,否,https://img.pospal.cn/productImages/4579705/f5599cdd-e47a-4f79-99bb-dc2f8997ecdb_200x200.jpg,2484832412145,,否,2023-05-03 18:25:44
4579705,潮粤味猪杂粉（啡比一楼）,广东省广州市从化区太平镇广从南路548号内（菲比幸福）,13048077417,餐饮行业,09:50-21:29,是,https://img.pospal.cn/storeLogo/e045f4e6-ce9d-44f1-b29f-48bc0f903889.png,2.0,10.0,0.69,534104040660394395,鱼蛋汤饭,汤饭系列,11.8,11.8,886.0,否,https://img.pospal.cn/productImages/4579705/ffccc965-911d-485a-b821-6eba408d0d65_200x200.jpg,2013022559270,,否,2023-05-03 18:26:59
4579705,潮粤味猪杂粉（啡比一楼）,广东省广州市从化区太平镇广从南路548号内（菲比幸福）,13048077417,餐饮行业,09:50-21:29,是,https://img.pospal.cn/storeLogo/e045f4e6-ce9d-44f1-b29f-48bc0f903889.png,2.0,10.0,0.69,433548430105213450,肉卷粉,9.9元特惠餐,9.9,9.9,923.0,否,https://img.pospal.cn/productImages/4579705/f848b644-281c-4cab-ba1a-99ad78a01c40_200x200.jpg,2210272310433,,否,2022-10-27 23:11:10
4579705,潮粤味猪杂粉（啡比一楼）,广东省广州市从化区太平镇广从南路548号内（菲比幸福）,13048077417,餐饮行业,09:50-21:29,是,https://img.pospal.cn/storeLogo/e045f4e6-ce9d-44f1-b29f-48bc0f903889.png,2.0,10.0,0.69,629142150589039312,鱼蛋粉,9.9元特惠餐,9.9,9.9,8688.0,否,https://img.pospal.cn/productImages/4579705/eeab41cc-3f56-4b5f-950a-8c16a9559067_200x200.jpg,2308251920145,,否,2023-08-25 19:20:56
4579705,潮粤味猪杂粉（啡比一楼）,广东省广州市从化区太平镇广从南路548号内（菲比幸福）,13048077417,餐饮行业,09:50-21:29,是,https://img.pospal.cn/storeLogo/e045f4e6-ce9d-44f1-b29f-48bc0f903889.png,2.0,10.0,0.69,848153250165245194,咖喱鱼蛋（12只）,9.9元特惠餐,8.0,8.0,0.0,是,https://img.pospal.cn/productImages/0/default/food_200x200.png,2511121104075,,否,2025-11-12 11:04:16
4579705,潮粤味猪杂粉（啡比一楼）,广东省广州市从化区太平镇广从南路548号内（菲比幸福）,13048077417,餐饮行业,09:50-21:29,是,https://img.pospal.cn/storeLogo/e045f4e6-ce9d-44f1-b29f-48bc0f903889.png,2.0,10.0,0.69,814588155771184563,10个豆腐+萝卜,9.9元特惠餐,8.0,8.0,0.0,是,https://img.pospal.cn/productImages/0/default/food_200x200.png,2511121104440,,否,2025-11-12 11:04:46
4579705,潮粤味猪杂粉（啡比一楼）,广东省广州市从化区太平镇广从南路548号内（菲比幸福）,13048077417,餐饮行业,09:50-21:29,是,https://img.pospal.cn/storeLogo/e045f4e6-ce9d-44f1-b29f-48bc0f903889.png,2.0,10.0,0.69,1115749470050846156,牛筋丸6个+萝卜,9.9元特惠餐,10.0,10.0,0.0,是,https://img.pospal.cn/productImages/0/default/food_200x200.png,2511121105218,,否,2025-11-12 11:05:22
4579705,潮粤味猪杂粉（啡比一楼）,广东省广州市从化区太平镇广从南路548号内（菲比幸福）,13048077417,餐饮行业,09:50-21:29,是,https://img.pospal.cn/storeLogo/e045f4e6-ce9d-44f1-b29f-48bc0f903889.png,2.0,10.0,0.69,694989685310209628,猪肉丸3粒,加料,5.0,5.0,881.0,否,https://img.pospal.cn/productImages/4579705/be919064-ebf5-4b44-b92e-a78fdf0df352_200x200.jpg,2210101151015,,否,2022-10-10 11:51:27
4579705,潮粤味猪杂粉（啡比一楼）,广东省广州市从化区太平镇广从南路548号内（菲比幸福）,13048077417,餐饮行业,09:50-21:29,是,https://img.pospal.cn/storeLogo/e045f4e6-ce9d-44f1-b29f-48bc0f903889.png,2.0,10.0,0.69,939779917354673512,鱼丸3粒,加料,5.0,5.0,944.0,否,https://img.pospal.cn/productImages/4579705/cff045bf-de43-453b-84ca-20f16d33a92d_200x200.jpg,2494140032867,,否,2022-11-03 11:00:34
4579705,潮粤味猪杂粉（啡比一楼）,广东省广州市从化区太平镇广从南路548号内（菲比幸福）,13048077417,餐饮行业,09:50-21:29,是,https://img.pospal.cn/storeLogo/e045f4e6-ce9d-44f1-b29f-48bc0f903889.png,2.0,10.0,0.69,143123801825904486,牛筋丸3个,加料,5.0,5.0,8884.0,否,https://img.pospal.cn/productImages/4579705/569fcf76-ddb3-4ca7-b183-00737cddd3ed_200x200.jpg,2211181505552,,否,2022-11-18 15:06:16
4579705,潮粤味猪杂粉（啡比一楼）,广东省广州市从化区太平镇广从南路548号内（菲比幸福）,13048077417,餐饮行业,09:50-21:29,是,https://img.pospal.cn/storeLogo/e045f4e6-ce9d-44f1-b29f-48bc0f903889.png,2.0,10.0,0.69,941716871862094703,加1份饭,加料,2.0,2.0,99998.0,否,https://img.pospal.cn/productImages/4579705/b0366bdf-c67b-47e5-9819-cf451ddbffc8_200x200.jpg,2562852829485,,否,2023-05-03 17:29:46
4579705,潮粤味猪杂粉（啡比一楼）,广东省广州市从化区太平镇广从南路548号内（菲比幸福）,13048077417,餐饮行业,09:50-21:29,是,https://img.pospal.cn/storeLogo/e045f4e6-ce9d-44f1-b29f-48bc0f903889.png,2.0,10.0,0.69,991618123369561731,加1碗粉,加料,2.0,2.0,9940.0,否,https://img.pospal.cn/productImages/4579705/a4754ba4-e866-470c-b155-cbbaf24a71b3_200x200.jpg,2716275615020,,否,2023-04-03 16:02:59
4579705,潮粤味猪杂粉（啡比一楼）,广东省广州市从化区太平镇广从南路548号内（菲比幸福）,13048077417,餐饮行业,09:50-21:29,是,https://img.pospal.cn/storeLogo/e045f4e6-ce9d-44f1-b29f-48bc0f903889.png,2.0,10.0,0.69,139572279276851981,鱼蛋4个,加料,1.5,1.5,8859.0,否,https://img.pospal.cn/productImages/4579705/c7c02724-7385-4a93-8b3e-d0a9ef98a69d_200x200.jpg,2308251819012,,否,2023-08-25 18:20:49
4579705,潮粤味猪杂粉（啡比一楼）,广东省广州市从化区太平镇广从南路548号内（菲比幸福）,13048077417,餐饮行业,09:50-21:29,是,https://img.pospal.cn/storeLogo/e045f4e6-ce9d-44f1-b29f-48bc0f903889.png,2.0,10.0,0.69,1150584953591182851,鱼腐4粒,加料,5.0,5.0,0.0,是,https://img.pospal.cn/productImages/4579705/e419724d-90e3-4b1f-9c85-97f305cc25fe_200x200.jpg,2210101152500,,否,2022-10-10 11:52:51
4579705,潮粤味猪杂粉（啡比一楼）,广东省广州市从化区太平镇广从南路548号内（菲比幸福）,13048077417,餐饮行业,09:50-21:29,是,https://img.pospal.cn/storeLogo/e045f4e6-ce9d-44f1-b29f-48bc0f903889.png,2.0,10.0,0.69,340575388805225218,周二特价墨鱼丸汤粉,每天一款特价,10.8,10.8,0.0,是,https://img.pospal.cn/productImages/4579705/1e656c0c-25d1-495d-aa0a-df1af63e4c68_200x200.jpg,2210251116025,,否,2022-10-25 11:16:20
4579705,潮粤味猪杂粉（啡比一楼）,广东省广州市从化区太平镇广从南路548号内（菲比幸福）,13048077417,餐饮行业,09:50-21:29,是,https://img.pospal.cn/storeLogo/e045f4e6-ce9d-44f1-b29f-48bc0f903889.png,2.0,10.0,0.69,846018483706689585,特价猪杂粉,每天一款特价,11.8,11.8,0.0,是,https://img.pospal.cn/productImages/4579705/4f0d9114-734f-459f-97db-a0ca7e3403b1_200x200.jpg,2210251117107,,否,2022-10-25 11:17:14
4579705,潮粤味猪杂粉（啡比一楼）,广东省广州市从化区太平镇广从南路548号内（菲比幸福）,13048077417,餐饮行业,09:50-21:29,是,https://img.pospal.cn/storeLogo/e045f4e6-ce9d-44f1-b29f-48bc0f903889.png,2.0,10.0,0.69,725724315167394921,特价牛筋丸汤粉,每天一款特价,11.8,11.8,0.0,是,https://img.pospal.cn/productImages/4579705/ea342a2a-588a-487a-82de-c53d34c0b85e_200x200.jpg,2409061434560,,否,2024-09-06 14:34:57
4579705,潮粤味猪杂粉（啡比一楼）,广东省广州市从化区太平镇广从南路548号内（菲比幸福）,13048077417,餐饮行业,09:50-21:29,是,https://img.pospal.cn/storeLogo/e045f4e6-ce9d-44f1-b29f-48bc0f903889.png,2.0,10.0,0.69,556723869804858736,周四特价猪肉丸汤饭,每天一款特价,10.8,10.8,0.0,是,https://img.pospal.cn/productImages/4579705/4c0482a8-cd89-41c8-8fc6-2e73c7c79d95_200x200.jpg,2409061436038,,否,2024-09-06 14:36:03
4579705,潮粤味猪杂粉（啡比一楼）,广东省广州市从化区太平镇广从南路548号内（菲比幸福）,13048077417,餐饮行业,09:50-21:29,是,https://img.pospal.cn/storeLogo/e045f4e6-ce9d-44f1-b29f-48bc0f903889.png,2.0,10.0,0.69,1129845766294602717,特价杂肉丸汤粉,每天一款特价,9.9,9.9,0.0,是,https://img.pospal.cn/productImages/4579705/186a0037-7d8a-4356-a183-23c9c51e2fdc_200x200.jpg,2409061500043,,否,2024-09-06 15:00:35
4579705,潮粤味猪杂粉（啡比一楼）,广东省广州市从化区太平镇广从南路548号内（菲比幸福）,13048077417,餐饮行业,09:50-21:29,是,https://img.pospal.cn/storeLogo/e045f4e6-ce9d-44f1-b29f-48bc0f903889.png,2.0,10.0,0.69,205104189066444123,周六特价鱼蛋汤饭,每天一款特价,10.8,10.8,0.0,是,https://img.pospal.cn/productImages/4579705/3d9a09f8-ce94-47a1-88c3-64dcd58798c8_200x200.jpg,2409141023479,,否,2024-09-14 10:24:06
4579705,潮粤味猪杂粉（啡比一楼）,广东省广州市从化区太平镇广从南路548号内（菲比幸福）,13048077417,餐饮行业,09:50-21:29,是,https://img.pospal.cn/storeLogo/e045f4e6-ce9d-44f1-b29f-48bc0f903889.png,2.0,10.0,0.69,253811136870568650,周日特价猪肉丸粉,每天一款特价,10.8,10.8,0.0,是,https://img.pospal.cn/productImages/4579705/9fff11ef-db0f-4d9a-b114-bdccefa4a1f0_200x200.jpg,2409151009579,,否,2024-09-15 10:10:21
4579705,潮粤味猪杂粉（啡比一楼）,广东省广州市从化区太平镇广从南路548号内（菲比幸福）,13048077417,餐饮行业,09:50-21:29,是,https://img.pospal.cn/storeLogo/e045f4e6-ce9d-44f1-b29f-48bc0f903889.png,2.0,10.0,0.69,312966679865989530,墨鱼丸拼猪杂,双拼粉,15.8,15.8,8879.0,否,https://img.pospal.cn/productImages/4579705/38346e15-c6d3-44d9-ab92-c2048733db48_200x200.jpg,2210201444352,,否,2022-10-20 14:44:53
4579705,潮粤味猪杂粉（啡比一楼）,广东省广州市从化区太平镇广从南路548号内（菲比幸福）,13048077417,餐饮行业,09:50-21:29,是,https://img.pospal.cn/storeLogo/e045f4e6-ce9d-44f1-b29f-48bc0f903889.png,2.0,10.0,0.69,955816815862323833,鱼蛋拼猪杂,双拼粉,15.8,15.8,55551.0,否,https://img.pospal.cn/productImages/4579705/c3f8f390-7d68-4b9e-83d4-e9f7a3a6a379_200x200.jpg,2308251911211,,否,2023-08-25 19:12:40
4579705,潮粤味猪杂粉（啡比一楼）,广东省广州市从化区太平镇广从南路548号内（菲比幸福）,13048077417,餐饮行业,09:50-21:29,是,https://img.pospal.cn/storeLogo/e045f4e6-ce9d-44f1-b29f-48bc0f903889.png,2.0,10.0,0.69,1044738857162064762,猪肉丸拼猪杂,双拼粉,15.8,15.8,8878.0,否,https://img.pospal.cn/productImages/4579705/a51beae9-aa70-4e84-ae10-0c614d9ecba5_200x200.jpg,2308251913093,,否,2023-08-25 19:14:15
4579705,潮粤味猪杂粉（啡比一楼）,广东省广州市从化区太平镇广从南路548号内（菲比幸福）,13048077417,餐饮行业,09:50-21:29,是,https://img.pospal.cn/storeLogo/e045f4e6-ce9d-44f1-b29f-48bc0f903889.png,2.0,10.0,0.69,900848701716477829,牛筋丸拼猪杂,双拼粉,15.8,15.8,8868.0,否,https://img.pospal.cn/productImages/4579705/09ee0fa3-f727-4058-8658-3f6289a7a529_200x200.jpg,2308251914229,,否,2023-08-25 19:16:37
4579705,潮粤味猪杂粉（啡比一楼）,广东省广州市从化区太平镇广从南路548号内（菲比幸福）,13048077417,餐饮行业,09:50-21:29,是,https://img.pospal.cn/storeLogo/e045f4e6-ce9d-44f1-b29f-48bc0f903889.png,2.0,10.0,0.69,1099436938408175537,猪杂粉,招牌粉,9.9,12.8,99411.0,否,https://img.pospal.cn/productImages/4579705/a45882eb-5f67-41de-bcf4-d3ba2c7e7c79_200x200.jpg,2210101137439,,否,2022-10-10 11:38:00
4579705,潮粤味猪杂粉（啡比一楼）,广东省广州市从化区太平镇广从南路548号内（菲比幸福）,13048077417,餐饮行业,09:50-21:29,是,https://img.pospal.cn/storeLogo/e045f4e6-ce9d-44f1-b29f-48bc0f903889.png,2.0,10.0,0.69,985698342363093768,墨鱼丸粉粉,招牌粉,12.8,12.8,9967.0,否,https://img.pospal.cn/productImages/4579705/d0737d7a-0dc2-428d-8450-390a42781b2c_200x200.jpg,2211162352496,,否,2022-11-16 23:53:08
4579705,潮粤味猪杂粉（啡比一楼）,广东省广州市从化区太平镇广从南路548号内（菲比幸福）,13048077417,餐饮行业,09:50-21:29,是,https://img.pospal.cn/storeLogo/e045f4e6-ce9d-44f1-b29f-48bc0f903889.png,2.0,10.0,0.69,411861053994017297,瘦肉粉,招牌粉,13.8,13.8,9925.0,否,https://img.pospal.cn/productImages/4579705/f760d12f-270c-46e2-a97f-654d81c010e0_200x200.jpg,2210101129311,,否,2022-10-10 11:30:14
4579705,潮粤味猪杂粉（啡比一楼）,广东省广州市从化区太平镇广从南路548号内（菲比幸福）,13048077417,餐饮行业,09:50-21:29,是,https://img.pospal.cn/storeLogo/e045f4e6-ce9d-44f1-b29f-48bc0f903889.png,2.0,10.0,0.69,426742035444107495,杂锦丸粉,招牌粉,13.8,13.8,9975.0,否,https://img.pospal.cn/productImages/4579705/7449f6a1-c180-4607-8e35-bf7450036738_200x200.jpg,2210101132267,,否,2022-10-10 11:32:59
4579705,潮粤味猪杂粉（啡比一楼）,广东省广州市从化区太平镇广从南路548号内（菲比幸福）,13048077417,餐饮行业,09:50-21:29,是,https://img.pospal.cn/storeLogo/e045f4e6-ce9d-44f1-b29f-48bc0f903889.png,2.0,10.0,0.69,901790823718159446,牛筋丸粉,招牌粉,13.8,13.8,9933.0,否,https://img.pospal.cn/productImages/4579705/93a267d9-488f-4656-99d2-d755296bddb1_200x200.jpg,2302171547567,,否,2023-02-17 15:49:31
4579705,潮粤味猪杂粉（啡比一楼）,广东省广州市从化区太平镇广从南路548号内（菲比幸福）,13048077417,餐饮行业,09:50-21:29,是,https://img.pospal.cn/storeLogo/e045f4e6-ce9d-44f1-b29f-48bc0f903889.png,2.0,10.0,0.69,76679203840329475,猪肉丸粉,招牌粉,12.8,12.8,9976.0,否,https://img.pospal.cn/productImages/4579705/ba67076a-6abb-470f-bac0-170bb5580448_200x200.jpg,2211162353226,,否,2022-11-16 23:53:46
4579705,潮粤味猪杂粉（啡比一楼）,广东省广州市从化区太平镇广从南路548号内（菲比幸福）,13048077417,餐饮行业,09:50-21:29,是,https://img.pospal.cn/storeLogo/e045f4e6-ce9d-44f1-b29f-48bc0f903889.png,2.0,10.0,0.69,277316379646184729,瘦肉肉卷粉,招牌粉,13.8,13.8,9931.0,否,https://img.pospal.cn/productImages/4579705/c2b31b2f-050f-4bf2-a969-4a4ce9b3d66d_200x200.jpg,2604021621336,,否,2026-04-02 16:23:11
4579705,潮粤味猪杂粉（啡比一楼）,广东省广州市从化区太平镇广从南路548号内（菲比幸福）,13048077417,餐饮行业,09:50-21:29,是,https://img.pospal.cn/storeLogo/e045f4e6-ce9d-44f1-b29f-48bc0f903889.png,2.0,10.0,0.69,1099436938408175537,猪杂粉,促销,9.9,12.8,99411.0,否,https://img.pospal.cn/productImages/4579705/a45882eb-5f67-41de-bcf4-d3ba2c7e7c79_200x200.jpg,2210101137439,,否,2022-10-10 11:38:00
6042049,高汤菜类（食堂一楼）,广东省广州市从化区广从南路548号广州软件学院食堂一楼,13570707081,餐饮行业,"16:50-18:20, 10:30-12:19",否,https://img.pospal.cn/storeLogo/6042049/e16a68f77106462eba62174fbd2f18e4.jpg,2.0,10.0,0.52,608246234788252775,二肉二菜,高汤菜类,10.5,10.5,664.0,否,https://img.pospal.cn/productImages/6042049/245ad3b7-e4f1-44a6-a7d7-b82476f3e378_200x200.jpg,2604101226437,,否,2026-04-10 12:27:13
6042049,高汤菜类（食堂一楼）,广东省广州市从化区广从南路548号广州软件学院食堂一楼,13570707081,餐饮行业,"16:50-18:20, 10:30-12:19",否,https://img.pospal.cn/storeLogo/6042049/e16a68f77106462eba62174fbd2f18e4.jpg,2.0,10.0,0.52,904692216007295157,二肉三菜,高汤菜类,12.5,12.5,8868.0,否,https://img.pospal.cn/productImages/6042049/8bb59f26-1f4d-4835-baca-f81b3446a74f_200x200.png,2604101227168,,否,2026-04-10 12:27:50
6042049,高汤菜类（食堂一楼）,广东省广州市从化区广从南路548号广州软件学院食堂一楼,13570707081,餐饮行业,"16:50-18:20, 10:30-12:19",否,https://img.pospal.cn/storeLogo/6042049/e16a68f77106462eba62174fbd2f18e4.jpg,2.0,10.0,0.52,294427306473331436,瘦肉拉肠,拉肠,5.5,5.5,798.0,否,https://img.pospal.cn/productImages/6042049/f69113af-1fa9-48d0-a1b2-7d5d965c338b_200x200.jpg,2604101146087,,否,2026-04-10 11:46:42
6042049,高汤菜类（食堂一楼）,广东省广州市从化区广从南路548号广州软件学院食堂一楼,13570707081,餐饮行业,"16:50-18:20, 10:30-12:19",否,https://img.pospal.cn/storeLogo/6042049/e16a68f77106462eba62174fbd2f18e4.jpg,2.0,10.0,0.52,269611706531231084,鸡蛋拉肠,拉肠,5.5,5.5,706.0,否,https://img.pospal.cn/productImages/6042049/e425df7f-f18c-476d-b951-25c8aef8d717_200x200.jpg,2604101146469,,否,2026-04-10 11:47:07
6042049,高汤菜类（食堂一楼）,广东省广州市从化区广从南路548号广州软件学院食堂一楼,13570707081,餐饮行业,"16:50-18:20, 10:30-12:19",否,https://img.pospal.cn/storeLogo/6042049/e16a68f77106462eba62174fbd2f18e4.jpg,2.0,10.0,0.52,1040081606095203346,鲜虾拉肠,拉肠,8.0,8.0,981.0,否,https://img.pospal.cn/productImages/6042049/8a0120bb-92ec-498b-8f64-111d235fbfed_200x200.jpg,2604101147107,,否,2026-04-10 11:47:34
6042049,高汤菜类（食堂一楼）,广东省广州市从化区广从南路548号广州软件学院食堂一楼,13570707081,餐饮行业,"16:50-18:20, 10:30-12:19",否,https://img.pospal.cn/storeLogo/6042049/e16a68f77106462eba62174fbd2f18e4.jpg,2.0,10.0,0.52,481820464842806992,牛肉鸡蛋拉肠,拉肠,12.0,12.0,988.0,否,https://img.pospal.cn/productImages/6042049/9d65a402-63cf-4f69-af2c-300b662dbb63_200x200.jpg,2604101148012,,否,2026-04-10 11:48:25
6042049,高汤菜类（食堂一楼）,广东省广州市从化区广从南路548号广州软件学院食堂一楼,13570707081,餐饮行业,"16:50-18:20, 10:30-12:19",否,https://img.pospal.cn/storeLogo/6042049/e16a68f77106462eba62174fbd2f18e4.jpg,2.0,10.0,0.52,678956530941332819,叉烧拉肠,拉肠,8.0,8.0,0.0,是,https://img.pospal.cn/productImages/6042049/234eb1ad-d497-4f14-baa9-8c7937514dc7_200x200.jpg,2604101147374,,否,2026-04-10 11:47:58
6042049,高汤菜类（食堂一楼）,广东省广州市从化区广从南路548号广州软件学院食堂一楼,13570707081,餐饮行业,"16:50-18:20, 10:30-12:19",否,https://img.pospal.cn/storeLogo/6042049/e16a68f77106462eba62174fbd2f18e4.jpg,2.0,10.0,0.52,82008113468007624,煎蛋,炒粉面,2.0,2.0,999.0,否,https://img.pospal.cn/productImages/6042049/9820362e-deb8-4af4-bf13-99f3611dc369_200x200.jpg,2604151911437,,否,2026-04-15 19:12:11
6042049,高汤菜类（食堂一楼）,广东省广州市从化区广从南路548号广州软件学院食堂一楼,13570707081,餐饮行业,"16:50-18:20, 10:30-12:19",否,https://img.pospal.cn/storeLogo/6042049/e16a68f77106462eba62174fbd2f18e4.jpg,2.0,10.0,0.52,247841880713732412,三丝炒面,炒粉面,5.0,5.0,999.0,否,https://img.pospal.cn/productImages/6042049/c1a6f2ff-9db2-4691-b38c-416522ceb262_200x200.jpg,2604151909212,,否,2026-04-15 19:09:47
6042049,高汤菜类（食堂一楼）,广东省广州市从化区广从南路548号广州软件学院食堂一楼,13570707081,餐饮行业,"16:50-18:20, 10:30-12:19",否,https://img.pospal.cn/storeLogo/6042049/e16a68f77106462eba62174fbd2f18e4.jpg,2.0,10.0,0.52,139249339187792583,三丝炒米粉,炒粉面,5.0,5.0,999.0,否,https://img.pospal.cn/productImages/6042049/6e72ffb7-a401-468e-8eac-8decd11da5b6_200x200.jpg,2604151910157,,否,2026-04-15 19:10:56
6042049,高汤菜类（食堂一楼）,广东省广州市从化区广从南路548号广州软件学院食堂一楼,13570707081,餐饮行业,"16:50-18:20, 10:30-12:19",否,https://img.pospal.cn/storeLogo/6042049/e16a68f77106462eba62174fbd2f18e4.jpg,2.0,10.0,0.52,593334038777723185,煎鸡扒,炒粉面,5.0,5.0,0.0,是,https://img.pospal.cn/productImages/6042049/55594d82-b112-4938-80a3-721657eb2c04_200x200.jpg,2604151912144,,否,2026-04-15 19:13:28
6042049,高汤菜类（食堂一楼）,广东省广州市从化区广从南路548号广州软件学院食堂一楼,13570707081,餐饮行业,"16:50-18:20, 10:30-12:19",否,https://img.pospal.cn/storeLogo/6042049/e16a68f77106462eba62174fbd2f18e4.jpg,2.0,10.0,0.52,591729692711098354,鸡蛋炒河粉,炒粉面,5.0,5.0,0.0,是,https://img.pospal.cn/productImages/6042049/6ae75dce-7d2e-4509-8afb-d19bf89b5dd3_200x200.jpg,2604151909496,,否,2026-04-15 19:10:10
6042049,高汤菜类（食堂一楼）,广东省广州市从化区广从南路548号广州软件学院食堂一楼,13570707081,餐饮行业,"16:50-18:20, 10:30-12:19",否,https://img.pospal.cn/storeLogo/6042049/e16a68f77106462eba62174fbd2f18e4.jpg,2.0,10.0,0.52,772804679418682049,鸡蛋三丝炒意粉,炒粉面,6.0,6.0,0.0,是,https://img.pospal.cn/productImages/6042049/fb2eef2b-1662-447e-913f-fd4b530b91e9_200x200.jpg,2604151911130,,否,2026-04-15 19:11:30
6042049,高汤菜类（食堂一楼）,广东省广州市从化区广从南路548号广州软件学院食堂一楼,13570707081,餐饮行业,"16:50-18:20, 10:30-12:19",否,https://img.pospal.cn/storeLogo/6042049/e16a68f77106462eba62174fbd2f18e4.jpg,2.0,10.0,0.52,860251801288957701,火腿粒鸡蛋炒饭,炒粉面,6.0,6.0,0.0,是,https://img.pospal.cn/productImages/6042049/bd891dba-9a88-4619-9add-9e3fe5f139c8_200x200.jpg,2604151908482,,否,2026-04-15 19:09:17
4542459,广式仟味卤水/啫啫鸡拌饭店(啡比店),广东省广州市从化区太平镇广从南路548号内（菲比幸福111档）,15914415149,餐饮行业,00:00-23:39,是,https://img.pospal.cn/storeLogo/4542459/5029f1582fa0413d8efc0e4798fd78ad.png,2.0,10.0,0.69,702113203178149181,欢迎预订，10点30分开始配送,打包/炸鸡小吃,0.01,0.01,99.0,否,https://img.pospal.cn/productImages/0/default/food_200x200.png,2604270159154,,否,2026-04-27 02:00:05
4542459,广式仟味卤水/啫啫鸡拌饭店(啡比店),广东省广州市从化区太平镇广从南路548号内（菲比幸福111档）,15914415149,餐饮行业,00:00-23:39,是,https://img.pospal.cn/storeLogo/4542459/5029f1582fa0413d8efc0e4798fd78ad.png,2.0,10.0,0.69,62495480400163508,打包盒,打包/炸鸡小吃,1.0,1.0,0.0,否,https://img.pospal.cn/productImages/4542459/eccbc579-9d4e-4966-930a-5be1198dcd15_200x200.png,PACKAGEFEE1,,否,2024-09-20 13:54:21
4542459,广式仟味卤水/啫啫鸡拌饭店(啡比店),广东省广州市从化区太平镇广从南路548号内（菲比幸福111档）,15914415149,餐饮行业,00:00-23:39,是,https://img.pospal.cn/storeLogo/4542459/5029f1582fa0413d8efc0e4798fd78ad.png,2.0,10.0,0.69,673470999503956151,小吃韩式炸鸡（4块）,打包/炸鸡小吃,9.9,9.9,93.0,否,https://img.pospal.cn/productImages/4542459/b5a6ea42-0660-4806-92f4-4fabe43978f4_200x200.jpg,2604270149575,炸鸡小吃，不含饭,否,2026-04-27 01:50:44
4542459,广式仟味卤水/啫啫鸡拌饭店(啡比店),广东省广州市从化区太平镇广从南路548号内（菲比幸福111档）,15914415149,餐饮行业,00:00-23:39,是,https://img.pospal.cn/storeLogo/4542459/5029f1582fa0413d8efc0e4798fd78ad.png,2.0,10.0,0.69,587410652962418245,甘梅地瓜条（小吃）,打包/炸鸡小吃,6.0,6.0,81.0,否,https://img.pospal.cn/productImages/4542459/fb5cbcc9-0eb5-47a8-acc7-c010f84d20ae_200x200.jpeg,2604270151172,小吃单卖，不含饭,否,2026-04-27 01:51:57
4542459,广式仟味卤水/啫啫鸡拌饭店(啡比店),广东省广州市从化区太平镇广从南路548号内（菲比幸福111档）,15914415149,餐饮行业,00:00-23:39,是,https://img.pospal.cn/storeLogo/4542459/5029f1582fa0413d8efc0e4798fd78ad.png,2.0,10.0,0.69,802862739193898367,香辣劲脆鸡排（小吃）,打包/炸鸡小吃,5.0,5.0,33.0,否,https://img.pospal.cn/productImages/4542459/8e2880ba-e036-4734-9fc9-07e347373f6b_200x200.png,2604270153596,小吃单卖，不含饭,否,2026-04-27 01:57:01
4542459,广式仟味卤水/啫啫鸡拌饭店(啡比店),广东省广州市从化区太平镇广从南路548号内（菲比幸福111档）,15914415149,餐饮行业,00:00-23:39,是,https://img.pospal.cn/storeLogo/4542459/5029f1582fa0413d8efc0e4798fd78ad.png,2.0,10.0,0.69,589889640369380358,酱香肉片+1素,啫啫肉片拌饭,9.5,10.8,85.0,否,https://img.pospal.cn/productImages/4542459/0955bc66-c4bd-4487-b7c3-5c1f1ceae497_200x200.png,2605130141500,,否,2026-05-13 01:43:17
4542459,广式仟味卤水/啫啫鸡拌饭店(啡比店),广东省广州市从化区太平镇广从南路548号内（菲比幸福111档）,15914415149,餐饮行业,00:00-23:39,是,https://img.pospal.cn/storeLogo/4542459/5029f1582fa0413d8efc0e4798fd78ad.png,2.0,10.0,0.69,316033507477431670,香辣肉片+1素,啫啫肉片拌饭,9.5,10.8,90.0,否,https://img.pospal.cn/productImages/4542459/c29f5e67-ef38-40e9-99b4-b38ecd173be8_200x200.png,2605130143375,,否,2026-05-13 01:44:05
4542459,广式仟味卤水/啫啫鸡拌饭店(啡比店),广东省广州市从化区太平镇广从南路548号内（菲比幸福111档）,15914415149,餐饮行业,00:00-23:39,是,https://img.pospal.cn/storeLogo/4542459/5029f1582fa0413d8efc0e4798fd78ad.png,2.0,10.0,0.69,781236542201549212,酱香肉片+任选2素,啫啫肉片拌饭,11.26,12.8,85.0,否,https://img.pospal.cn/productImages/4542459/1fe7c2be-b5d4-4720-844f-45c46e24c785_200x200.png,2402221722590,,否,2024-02-22 17:23:38
4542459,广式仟味卤水/啫啫鸡拌饭店(啡比店),广东省广州市从化区太平镇广从南路548号内（菲比幸福111档）,15914415149,餐饮行业,00:00-23:39,是,https://img.pospal.cn/storeLogo/4542459/5029f1582fa0413d8efc0e4798fd78ad.png,2.0,10.0,0.69,324866198220900523,香辣肉片+任选2素,啫啫肉片拌饭,11.26,12.8,95.0,否,https://img.pospal.cn/productImages/4542459/930d8580-a811-4eee-89b8-4ef9d2a949f3_200x200.png,2403171640040,,否,2024-03-17 16:40:20
4542459,广式仟味卤水/啫啫鸡拌饭店(啡比店),广东省广州市从化区太平镇广从南路548号内（菲比幸福111档）,15914415149,餐饮行业,00:00-23:39,是,https://img.pospal.cn/storeLogo/4542459/5029f1582fa0413d8efc0e4798fd78ad.png,2.0,10.0,0.69,279963946927288278,酱香叉烧片+1素,啫啫叉烧拌饭,10.38,11.8,95.0,否,https://img.pospal.cn/productImages/4542459/179a2628-988b-4246-b142-4083bcea697e_200x200.jpg,2605130144433,,否,2026-05-13 01:45:13
4542459,广式仟味卤水/啫啫鸡拌饭店(啡比店),广东省广州市从化区太平镇广从南路548号内（菲比幸福111档）,15914415149,餐饮行业,00:00-23:39,是,https://img.pospal.cn/storeLogo/4542459/5029f1582fa0413d8efc0e4798fd78ad.png,2.0,10.0,0.69,1003299506850934333,香辣叉烧片+1素,啫啫叉烧拌饭,10.38,11.8,99.0,否,https://img.pospal.cn/productImages/4542459/e8968ecc-fac1-483d-ab2f-bf5227c4cb46_200x200.jpg,2605130145256,,否,2026-05-13 01:46:05
4542459,广式仟味卤水/啫啫鸡拌饭店(啡比店),广东省广州市从化区太平镇广从南路548号内（菲比幸福111档）,15914415149,餐饮行业,00:00-23:39,是,https://img.pospal.cn/storeLogo/4542459/5029f1582fa0413d8efc0e4798fd78ad.png,2.0,10.0,0.69,413177294338547200,酱香叉烧片+任选2素,啫啫叉烧拌饭,12.14,13.8,85.0,否,https://img.pospal.cn/productImages/4542459/2ec6a22f-a889-4426-878d-16df29f6f3ba_200x200.jpg,2410201700209,,否,2024-10-20 17:00:36
4542459,广式仟味卤水/啫啫鸡拌饭店(啡比店),广东省广州市从化区太平镇广从南路548号内（菲比幸福111档）,15914415149,餐饮行业,00:00-23:39,是,https://img.pospal.cn/storeLogo/4542459/5029f1582fa0413d8efc0e4798fd78ad.png,2.0,10.0,0.69,226759642907245966,香辣叉烧片+任选2素,啫啫叉烧拌饭,12.14,13.8,97.0,否,https://img.pospal.cn/productImages/4542459/90d1c834-020a-4928-8f45-36bc4d768a6d_200x200.jpg,2410201701176,,否,2024-10-20 17:01:32
4542459,广式仟味卤水/啫啫鸡拌饭店(啡比店),广东省广州市从化区太平镇广从南路548号内（菲比幸福111档）,15914415149,餐饮行业,00:00-23:39,是,https://img.pospal.cn/storeLogo/4542459/5029f1582fa0413d8efc0e4798fd78ad.png,2.0,10.0,0.69,858652072814744344,沙姜啫啫鸡+1素,啫啫鸡拌饭,10.38,11.8,99.0,否,https://img.pospal.cn/productImages/4542459/893ab110-d2b0-4ea1-ba3c-80a97cd7f4d0_200x200.png,2605130132171,,否,2026-05-13 01:36:10
4542459,广式仟味卤水/啫啫鸡拌饭店(啡比店),广东省广州市从化区太平镇广从南路548号内（菲比幸福111档）,15914415149,餐饮行业,00:00-23:39,是,https://img.pospal.cn/storeLogo/4542459/5029f1582fa0413d8efc0e4798fd78ad.png,2.0,10.0,0.69,712959517510206321,香辣鸡煲+1素,啫啫鸡拌饭,10.38,11.8,98.0,否,https://img.pospal.cn/productImages/4542459/f5d75683-1c8d-43f0-8ec6-5956f5b8025f_200x200.png,2605130140442,,否,2026-05-13 01:41:15
4542459,广式仟味卤水/啫啫鸡拌饭店(啡比店),广东省广州市从化区太平镇广从南路548号内（菲比幸福111档）,15914415149,餐饮行业,00:00-23:39,是,https://img.pospal.cn/storeLogo/4542459/5029f1582fa0413d8efc0e4798fd78ad.png,2.0,10.0,0.69,749174054300407949,沙姜啫啫鸡+任选2素,啫啫鸡拌饭,12.14,13.8,98.0,否,https://img.pospal.cn/productImages/4542459/ee1c927e-a302-4074-be93-76ea90195fff_200x200.png,2402221722187,,否,2024-02-22 17:22:35
4542459,广式仟味卤水/啫啫鸡拌饭店(啡比店),广东省广州市从化区太平镇广从南路548号内（菲比幸福111档）,15914415149,餐饮行业,00:00-23:39,是,https://img.pospal.cn/storeLogo/4542459/5029f1582fa0413d8efc0e4798fd78ad.png,2.0,10.0,0.69,484374872979466685,香辣鸡煲+任选2素,啫啫鸡拌饭,12.14,13.8,99.0,否,https://img.pospal.cn/productImages/4542459/62377c4d-fa4a-4766-b926-8070832ad18c_200x200.png,2402221720275,,否,2024-02-22 17:20:39
4542459,广式仟味卤水/啫啫鸡拌饭店(啡比店),广东省广州市从化区太平镇广从南路548号内（菲比幸福111档）,15914415149,餐饮行业,00:00-23:39,是,https://img.pospal.cn/storeLogo/4542459/5029f1582fa0413d8efc0e4798fd78ad.png,2.0,10.0,0.69,1015151230041811398,咸鱼茄子+2素,堂食点餐专用，勿点,11.8,11.8,90.0,否,https://img.pospal.cn/productImages/0/default/food_200x200.png,2503162327353,,否,2025-03-16 23:27:48
4542459,广式仟味卤水/啫啫鸡拌饭店(啡比店),广东省广州市从化区太平镇广从南路548号内（菲比幸福111档）,15914415149,餐饮行业,00:00-23:39,是,https://img.pospal.cn/storeLogo/4542459/5029f1582fa0413d8efc0e4798fd78ad.png,2.0,10.0,0.69,606859109181611019,蜜汁黑椒扒+2素,堂食点餐专用，勿点,11.8,11.8,919.0,否,https://img.pospal.cn/productImages/0/default/food_200x200.png,2503162328121,,否,2025-03-16 23:28:24
4542459,广式仟味卤水/啫啫鸡拌饭店(啡比店),广东省广州市从化区太平镇广从南路548号内（菲比幸福111档）,15914415149,餐饮行业,00:00-23:39,是,https://img.pospal.cn/storeLogo/4542459/5029f1582fa0413d8efc0e4798fd78ad.png,2.0,10.0,0.69,285749416175851121,锅包肉+2素,堂食点餐专用，勿点,12.8,12.8,99.0,否,https://img.pospal.cn/productImages/0/default/food_200x200.png,2503162328381,,否,2025-03-16 23:28:51
4542459,广式仟味卤水/啫啫鸡拌饭店(啡比店),广东省广州市从化区太平镇广从南路548号内（菲比幸福111档）,15914415149,餐饮行业,00:00-23:39,是,https://img.pospal.cn/storeLogo/4542459/5029f1582fa0413d8efc0e4798fd78ad.png,2.0,10.0,0.69,386878489029823553,沙姜啫啫鸡+2素,堂食点餐专用，勿点,13.8,13.8,99.0,否,https://img.pospal.cn/productImages/0/default/food_200x200.png,2505060208529,,否,2025-05-06 02:08:53
4542459,广式仟味卤水/啫啫鸡拌饭店(啡比店),广东省广州市从化区太平镇广从南路548号内（菲比幸福111档）,15914415149,餐饮行业,00:00-23:39,是,https://img.pospal.cn/storeLogo/4542459/5029f1582fa0413d8efc0e4798fd78ad.png,2.0,10.0,0.69,414572176052854537,酱香肉片+2素,堂食点餐专用，勿点,12.8,12.8,89.0,否,https://img.pospal.cn/productImages/0/default/food_200x200.png,2503162329159,,否,2025-03-16 23:29:26
4542459,广式仟味卤水/啫啫鸡拌饭店(啡比店),广东省广州市从化区太平镇广从南路548号内（菲比幸福111档）,15914415149,餐饮行业,00:00-23:39,是,https://img.pospal.cn/storeLogo/4542459/5029f1582fa0413d8efc0e4798fd78ad.png,2.0,10.0,0.69,923833229629725679,香辣肉片+2素,堂食点餐专用，勿点,12.8,12.8,68.0,否,https://img.pospal.cn/productImages/0/default/food_200x200.png,2503162329555,,否,2025-03-16 23:30:05
4542459,广式仟味卤水/啫啫鸡拌饭店(啡比店),广东省广州市从化区太平镇广从南路548号内（菲比幸福111档）,15914415149,餐饮行业,00:00-23:39,是,https://img.pospal.cn/storeLogo/4542459/5029f1582fa0413d8efc0e4798fd78ad.png,2.0,10.0,0.69,1070756074869292227,虫草花蒸鸡+2素,堂食点餐专用，勿点,12.8,12.8,99.0,否,https://img.pospal.cn/productImages/0/default/food_200x200.png,2503162330131,,否,2025-03-16 23:30:25
4542459,广式仟味卤水/啫啫鸡拌饭店(啡比店),广东省广州市从化区太平镇广从南路548号内（菲比幸福111档）,15914415149,餐饮行业,00:00-23:39,是,https://img.pospal.cn/storeLogo/4542459/5029f1582fa0413d8efc0e4798fd78ad.png,2.0,10.0,0.69,621272306667892716,韩式炸鸡+2素,堂食点餐专用，勿点,13.8,13.8,99.0,否,https://img.pospal.cn/productImages/0/default/food_200x200.png,2503162332128,,否,2025-03-16 23:32:22
4542459,广式仟味卤水/啫啫鸡拌饭店(啡比店),广东省广州市从化区太平镇广从南路548号内（菲比幸福111档）,15914415149,餐饮行业,00:00-23:39,是,https://img.pospal.cn/storeLogo/4542459/5029f1582fa0413d8efc0e4798fd78ad.png,2.0,10.0,0.69,671628323200229118,酱香叉烧片+2素,堂食点餐专用，勿点,13.8,13.8,99.0,否,https://img.pospal.cn/productImages/0/default/food_200x200.png,2503162330391,,否,2025-03-16 23:30:51
4542459,广式仟味卤水/啫啫鸡拌饭店(啡比店),广东省广州市从化区太平镇广从南路548号内（菲比幸福111档）,15914415149,餐饮行业,00:00-23:39,是,https://img.pospal.cn/storeLogo/4542459/5029f1582fa0413d8efc0e4798fd78ad.png,2.0,10.0,0.69,656772360528491650,香辣叉烧片+2素,堂食点餐专用，勿点,13.8,13.8,127.0,否,https://img.pospal.cn/productImages/0/default/food_200x200.png,2503162331022,,否,2025-03-16 23:31:17
4542459,广式仟味卤水/啫啫鸡拌饭店(啡比店),广东省广州市从化区太平镇广从南路548号内（菲比幸福111档）,15914415149,餐饮行业,00:00-23:39,是,https://img.pospal.cn/storeLogo/4542459/5029f1582fa0413d8efc0e4798fd78ad.png,2.0,10.0,0.69,209983113461312820,沙姜啫啫鸡+2素,堂食点餐专用，勿点,13.8,13.8,99.0,否,https://img.pospal.cn/productImages/0/default/food_200x200.png,2503162332418,,否,2025-03-16 23:32:50
4542459,广式仟味卤水/啫啫鸡拌饭店(啡比店),广东省广州市从化区太平镇广从南路548号内（菲比幸福111档）,15914415149,餐饮行业,00:00-23:39,是,https://img.pospal.cn/storeLogo/4542459/5029f1582fa0413d8efc0e4798fd78ad.png,2.0,10.0,0.69,496136350014038266,香辣鸡煲+2素,堂食点餐专用，勿点,13.8,13.8,99.0,否,https://img.pospal.cn/productImages/0/default/food_200x200.png,2503162333002,,否,2025-03-16 23:33:08
4542459,广式仟味卤水/啫啫鸡拌饭店(啡比店),广东省广州市从化区太平镇广从南路548号内（菲比幸福111档）,15914415149,餐饮行业,00:00-23:39,是,https://img.pospal.cn/storeLogo/4542459/5029f1582fa0413d8efc0e4798fd78ad.png,2.0,10.0,0.69,1004881995796477409,卤水鸡腿+2素,堂食点餐专用，勿点,11.8,11.8,99.0,否,https://img.pospal.cn/productImages/0/default/food_200x200.png,2503162333361,,否,2025-03-16 23:33:45
4542459,广式仟味卤水/啫啫鸡拌饭店(啡比店),广东省广州市从化区太平镇广从南路548号内（菲比幸福111档）,15914415149,餐饮行业,00:00-23:39,是,https://img.pospal.cn/storeLogo/4542459/5029f1582fa0413d8efc0e4798fd78ad.png,2.0,10.0,0.69,1126971514370954616,咖喱香辣鸡排+2素,堂食点餐专用，勿点,13.8,13.8,66.0,否,https://img.pospal.cn/productImages/0/default/food_200x200.png,2503162333583,,否,2025-03-16 23:34:08
4542459,广式仟味卤水/啫啫鸡拌饭店(啡比店),广东省广州市从化区太平镇广从南路548号内（菲比幸福111档）,15914415149,餐饮行业,00:00-23:39,是,https://img.pospal.cn/storeLogo/4542459/5029f1582fa0413d8efc0e4798fd78ad.png,2.0,10.0,0.69,905321072560795990,花生焖猪手+2素,堂食点餐专用，勿点,14.8,14.8,99.0,否,https://img.pospal.cn/productImages/4542459/1043a55b-2f4c-476b-8479-2b8013a5c6ba_200x200.jpg,2503162335235,,否,2025-03-16 23:35:24
4542459,广式仟味卤水/啫啫鸡拌饭店(啡比店),广东省广州市从化区太平镇广从南路548号内（菲比幸福111档）,15914415149,餐饮行业,00:00-23:39,是,https://img.pospal.cn/storeLogo/4542459/5029f1582fa0413d8efc0e4798fd78ad.png,2.0,10.0,0.69,72479330754453565,青椒炒烧鸭+2素,堂食点餐专用，勿点,12.8,12.8,99.0,否,https://img.pospal.cn/productImages/0/default/food_200x200.png,2506030118466,,否,2025-06-03 01:18:54
4542459,广式仟味卤水/啫啫鸡拌饭店(啡比店),广东省广州市从化区太平镇广从南路548号内（菲比幸福111档）,15914415149,餐饮行业,00:00-23:39,是,https://img.pospal.cn/storeLogo/4542459/5029f1582fa0413d8efc0e4798fd78ad.png,2.0,10.0,0.69,733101773280173732,咖喱蜜汁黑椒扒+2素,堂食点餐专用，勿点,12.8,12.8,77.0,否,https://img.pospal.cn/productImages/0/default/food_200x200.png,2506060238318,,否,2025-06-06 02:38:38
4542459,广式仟味卤水/啫啫鸡拌饭店(啡比店),广东省广州市从化区太平镇广从南路548号内（菲比幸福111档）,15914415149,餐饮行业,00:00-23:39,是,https://img.pospal.cn/storeLogo/4542459/5029f1582fa0413d8efc0e4798fd78ad.png,2.0,10.0,0.69,467921338322363082,咖喱香煎鸡+2素,堂食点餐专用，勿点,13.8,13.8,87.0,否,https://img.pospal.cn/productImages/0/default/food_200x200.png,2511100838045,,否,2025-11-10 08:38:10
4542459,广式仟味卤水/啫啫鸡拌饭店(啡比店),广东省广州市从化区太平镇广从南路548号内（菲比幸福111档）,15914415149,餐饮行业,00:00-23:39,是,https://img.pospal.cn/storeLogo/4542459/5029f1582fa0413d8efc0e4798fd78ad.png,2.0,10.0,0.69,708320314641464354,咖喱蜜汁黑椒扒+1素,泰式咖喱拌饭,9.5,10.8,84.0,否,https://img.pospal.cn/productImages/4542459/3e6c8443-7a91-49a4-b663-56a1d41c00ab_200x200.png,2511100022208,,否,2025-11-10 00:22:54
4542459,广式仟味卤水/啫啫鸡拌饭店(啡比店),广东省广州市从化区太平镇广从南路548号内（菲比幸福111档）,15914415149,餐饮行业,00:00-23:39,是,https://img.pospal.cn/storeLogo/4542459/5029f1582fa0413d8efc0e4798fd78ad.png,2.0,10.0,0.69,37729013476623423,咖喱劲脆鸡排+1素,泰式咖喱拌饭,9.5,10.8,37.0,否,https://img.pospal.cn/productImages/4542459/a2dbf460-79d0-40ba-8bec-84e89e5b8f99_200x200.png,2605130225057,,否,2026-05-13 02:25:20
4542459,广式仟味卤水/啫啫鸡拌饭店(啡比店),广东省广州市从化区太平镇广从南路548号内（菲比幸福111档）,15914415149,餐饮行业,00:00-23:39,是,https://img.pospal.cn/storeLogo/4542459/5029f1582fa0413d8efc0e4798fd78ad.png,2.0,10.0,0.69,109051906377721548,咖喱香煎鸡+1素,泰式咖喱拌饭,10.38,11.8,91.0,否,https://img.pospal.cn/productImages/4542459/269f09ea-54ca-4cab-b827-727136390887_200x200.png,2605130224234,,否,2026-05-13 02:24:40
4542459,广式仟味卤水/啫啫鸡拌饭店(啡比店),广东省广州市从化区太平镇广从南路548号内（菲比幸福111档）,15914415149,餐饮行业,00:00-23:39,是,https://img.pospal.cn/storeLogo/4542459/5029f1582fa0413d8efc0e4798fd78ad.png,2.0,10.0,0.69,509092071274534065,咖喱韩式炸鸡+1素,泰式咖喱拌饭,10.38,11.8,91.0,否,https://img.pospal.cn/productImages/4542459/36402596-b720-4e29-a9b3-5c3f6a1dc7fc_200x200.png,2511100027357,,否,2025-11-10 00:28:00
4542459,广式仟味卤水/啫啫鸡拌饭店(啡比店),广东省广州市从化区太平镇广从南路548号内（菲比幸福111档）,15914415149,餐饮行业,00:00-23:39,是,https://img.pospal.cn/storeLogo/4542459/5029f1582fa0413d8efc0e4798fd78ad.png,2.0,10.0,0.69,190230372097549089,咖喱蜜汁黑椒扒+任选2素,泰式咖喱拌饭,11.26,12.8,59.0,否,https://img.pospal.cn/productImages/4542459/6ebccb70-4621-48af-b824-1327229a6fe1_200x200.png,2411140159363,,否,2024-11-14 02:00:16
4542459,广式仟味卤水/啫啫鸡拌饭店(啡比店),广东省广州市从化区太平镇广从南路548号内（菲比幸福111档）,15914415149,餐饮行业,00:00-23:39,是,https://img.pospal.cn/storeLogo/4542459/5029f1582fa0413d8efc0e4798fd78ad.png,2.0,10.0,0.69,542780121948094815,咖喱劲脆鸡排+任选2素,泰式咖喱拌饭,11.26,12.8,67.0,否,https://img.pospal.cn/productImages/4542459/5af334ee-375c-415d-8425-459c8d1b1737_200x200.png,2506220156254,,否,2025-06-22 01:57:07
4542459,广式仟味卤水/啫啫鸡拌饭店(啡比店),广东省广州市从化区太平镇广从南路548号内（菲比幸福111档）,15914415149,餐饮行业,00:00-23:39,是,https://img.pospal.cn/storeLogo/4542459/5029f1582fa0413d8efc0e4798fd78ad.png,2.0,10.0,0.69,1136326518391938395,咖喱香煎鸡+任选2素,泰式咖喱拌饭,12.14,13.8,98.0,否,https://img.pospal.cn/productImages/4542459/feb52c07-e7f3-48a4-ab74-97e1deb9f517_200x200.png,2503162335334,,否,2025-03-16 23:35:41
4542459,广式仟味卤水/啫啫鸡拌饭店(啡比店),广东省广州市从化区太平镇广从南路548号内（菲比幸福111档）,15914415149,餐饮行业,00:00-23:39,是,https://img.pospal.cn/storeLogo/4542459/5029f1582fa0413d8efc0e4798fd78ad.png,2.0,10.0,0.69,795644984232592277,咖喱韩式炸鸡+任选2素,泰式咖喱拌饭,12.14,13.8,97.0,否,https://img.pospal.cn/productImages/4542459/f465b1a0-f4e6-49f9-b9f1-3042f5b29888_200x200.png,2511100023052,,否,2025-11-10 00:23:34
4542459,广式仟味卤水/啫啫鸡拌饭店(啡比店),广东省广州市从化区太平镇广从南路548号内（菲比幸福111档）,15914415149,餐饮行业,00:00-23:39,是,https://img.pospal.cn/storeLogo/4542459/5029f1582fa0413d8efc0e4798fd78ad.png,2.0,10.0,0.69,138159734661029679,咸鱼茄子+1素,特色拌饭,8.62,9.8,99.0,否,https://img.pospal.cn/productImages/4542459/2eec5554-487b-4f6f-9fb3-d9ccf30da929_200x200.png,2605130201266,,否,2026-05-13 02:01:58
4542459,广式仟味卤水/啫啫鸡拌饭店(啡比店),广东省广州市从化区太平镇广从南路548号内（菲比幸福111档）,15914415149,餐饮行业,00:00-23:39,是,https://img.pospal.cn/storeLogo/4542459/5029f1582fa0413d8efc0e4798fd78ad.png,2.0,10.0,0.69,408399821590386645,咸鱼茄子+任选2素,特色拌饭,10.38,11.8,99.0,否,https://img.pospal.cn/productImages/4542459/c80e6808-658c-49e4-8a55-e1821f3d4bd4_200x200.png,2403181053311,,否,2024-03-18 10:54:20
4542459,广式仟味卤水/啫啫鸡拌饭店(啡比店),广东省广州市从化区太平镇广从南路548号内（菲比幸福111档）,15914415149,餐饮行业,00:00-23:39,是,https://img.pospal.cn/storeLogo/4542459/5029f1582fa0413d8efc0e4798fd78ad.png,2.0,10.0,0.69,865806379391237869,香菇马蹄肉滑+1素,特色拌饭,9.5,10.8,97.0,否,https://img.pospal.cn/productImages/4542459/7471a4c9-5057-423d-812b-32695e1975b7_200x200.jpg,2605130153381,,否,2026-05-13 01:54:41
4542459,广式仟味卤水/啫啫鸡拌饭店(啡比店),广东省广州市从化区太平镇广从南路548号内（菲比幸福111档）,15914415149,餐饮行业,00:00-23:39,是,https://img.pospal.cn/storeLogo/4542459/5029f1582fa0413d8efc0e4798fd78ad.png,2.0,10.0,0.69,1038566867245837356,香菇马蹄肉滑+任选2素,特色拌饭,11.26,12.8,97.0,否,https://img.pospal.cn/productImages/4542459/edc90475-4202-4744-bf71-f73792e98231_200x200.jpg,2509080143174,,否,2025-09-08 01:43:45
4542459,广式仟味卤水/啫啫鸡拌饭店(啡比店),广东省广州市从化区太平镇广从南路548号内（菲比幸福111档）,15914415149,餐饮行业,00:00-23:39,是,https://img.pospal.cn/storeLogo/4542459/5029f1582fa0413d8efc0e4798fd78ad.png,2.0,10.0,0.69,816078535447325193,青椒炒酸梅鸭+1素,特色拌饭,9.5,10.8,91.0,否,https://img.pospal.cn/productImages/4542459/39640cf3-003b-47d3-bddb-9d63e3e3b3be_200x200.png,2512161054559,,否,2025-12-16 10:56:15
4542459,广式仟味卤水/啫啫鸡拌饭店(啡比店),广东省广州市从化区太平镇广从南路548号内（菲比幸福111档）,15914415149,餐饮行业,00:00-23:39,是,https://img.pospal.cn/storeLogo/4542459/5029f1582fa0413d8efc0e4798fd78ad.png,2.0,10.0,0.69,592375806265367412,青椒炒酸梅鸭+任选2素,特色拌饭,11.26,12.8,92.0,否,https://img.pospal.cn/productImages/4542459/5fc5af92-72cf-4e98-9916-71f504d8106f_200x200.png,2509080145192,,否,2025-09-08 01:45:43
4542459,广式仟味卤水/啫啫鸡拌饭店(啡比店),广东省广州市从化区太平镇广从南路548号内（菲比幸福111档）,15914415149,餐饮行业,00:00-23:39,是,https://img.pospal.cn/storeLogo/4542459/5029f1582fa0413d8efc0e4798fd78ad.png,2.0,10.0,0.69,298077488959169043,锅包肉+1素,特色拌饭,9.5,10.8,92.0,否,https://img.pospal.cn/productImages/4542459/45454d8e-c863-4e30-975b-d99be5a016aa_200x200.png,2605130159550,,否,2026-05-13 02:00:22
4542459,广式仟味卤水/啫啫鸡拌饭店(啡比店),广东省广州市从化区太平镇广从南路548号内（菲比幸福111档）,15914415149,餐饮行业,00:00-23:39,是,https://img.pospal.cn/storeLogo/4542459/5029f1582fa0413d8efc0e4798fd78ad.png,2.0,10.0,0.69,886086431472751129,锅包肉+任选2素,特色拌饭,11.26,12.8,86.0,否,https://img.pospal.cn/productImages/4542459/15160d69-697d-4685-bf30-b4086f2d4dfe_200x200.png,2411040302449,,否,2024-11-04 03:03:52
4542459,广式仟味卤水/啫啫鸡拌饭店(啡比店),广东省广州市从化区太平镇广从南路548号内（菲比幸福111档）,15914415149,餐饮行业,00:00-23:39,是,https://img.pospal.cn/storeLogo/4542459/5029f1582fa0413d8efc0e4798fd78ad.png,2.0,10.0,0.69,564725065964725721,韩式炸鸡+1素,特色拌饭,10.38,11.8,41.0,否,https://img.pospal.cn/productImages/4542459/9533517d-f47a-499d-bb3d-ea0dc11adbb5_200x200.jpg,2605130159017,,否,2026-05-13 01:59:17
4542459,广式仟味卤水/啫啫鸡拌饭店(啡比店),广东省广州市从化区太平镇广从南路548号内（菲比幸福111档）,15914415149,餐饮行业,00:00-23:39,是,https://img.pospal.cn/storeLogo/4542459/5029f1582fa0413d8efc0e4798fd78ad.png,2.0,10.0,0.69,88821381290946236,韩式炸鸡+任选2素,特色拌饭,12.14,13.8,59.0,否,https://img.pospal.cn/productImages/4542459/6e1e1c16-5166-4ab1-a014-d51cd5fbdbaa_200x200.jpg,2411040305266,,否,2024-11-04 03:06:04
4542459,广式仟味卤水/啫啫鸡拌饭店(啡比店),广东省广州市从化区太平镇广从南路548号内（菲比幸福111档）,15914415149,餐饮行业,00:00-23:39,是,https://img.pospal.cn/storeLogo/4542459/5029f1582fa0413d8efc0e4798fd78ad.png,2.0,10.0,0.69,752100098333650662,虫草花蒸鸡+1素,特色拌饭,9.5,10.8,0.0,是,https://img.pospal.cn/productImages/4542459/523ea9d2-9c42-43f9-8867-6d88920c2784_200x200.png,2411140157130,,否,2024-11-14 01:58:35
4542459,广式仟味卤水/啫啫鸡拌饭店(啡比店),广东省广州市从化区太平镇广从南路548号内（菲比幸福111档）,15914415149,餐饮行业,00:00-23:39,是,https://img.pospal.cn/storeLogo/4542459/5029f1582fa0413d8efc0e4798fd78ad.png,2.0,10.0,0.69,731556152850173818,虫草花蒸鸡+任选2素,特色拌饭,11.26,12.8,0.0,是,https://img.pospal.cn/productImages/4542459/d53043c2-0c4f-420f-984b-204723d83d17_200x200.png,2402221722019,,否,2024-02-22 17:22:15
4542459,广式仟味卤水/啫啫鸡拌饭店(啡比店),广东省广州市从化区太平镇广从南路548号内（菲比幸福111档）,15914415149,餐饮行业,00:00-23:39,是,https://img.pospal.cn/storeLogo/4542459/5029f1582fa0413d8efc0e4798fd78ad.png,2.0,10.0,0.69,965745191433449659,花生焖猪手+1素,特色拌饭,11.26,12.8,0.0,是,https://img.pospal.cn/productImages/4542459/d863b1fc-2427-42e4-9e4e-b2acda8c9a38_200x200.png,2605211118544,,否,2026-05-21 11:19:55
4542459,广式仟味卤水/啫啫鸡拌饭店(啡比店),广东省广州市从化区太平镇广从南路548号内（菲比幸福111档）,15914415149,餐饮行业,00:00-23:39,是,https://img.pospal.cn/storeLogo/4542459/5029f1582fa0413d8efc0e4798fd78ad.png,2.0,10.0,0.69,71920521874666524,花生焖猪手+任选2素,特色拌饭,13.02,14.8,0.0,是,https://img.pospal.cn/productImages/4542459/eadcb771-a607-4b45-b318-f0c454ea2b81_200x200.png,2411140158496,,否,2024-11-14 01:59:23
4542459,广式仟味卤水/啫啫鸡拌饭店(啡比店),广东省广州市从化区太平镇广从南路548号内（菲比幸福111档）,15914415149,餐饮行业,00:00-23:39,是,https://img.pospal.cn/storeLogo/4542459/5029f1582fa0413d8efc0e4798fd78ad.png,2.0,10.0,0.69,58587879974089180,蜜汁黑椒扒+1素,鸡扒拌饭,9.8,9.8,93.0,否,https://img.pospal.cn/productImages/4542459/9112484b-77f8-4196-885e-4bc08374ac07_200x200.jpg,2605130148219,,否,2026-05-13 01:48:52
4542459,广式仟味卤水/啫啫鸡拌饭店(啡比店),广东省广州市从化区太平镇广从南路548号内（菲比幸福111档）,15914415149,餐饮行业,00:00-23:39,是,https://img.pospal.cn/storeLogo/4542459/5029f1582fa0413d8efc0e4798fd78ad.png,2.0,10.0,0.69,425261266294149455,蜜汁黑椒扒+任选2素,鸡扒拌饭,11.8,11.8,66.0,否,https://img.pospal.cn/productImages/4542459/da0d16b8-0909-48a7-b8c5-96d814686517_200x200.jpg,2411040306188,,否,2024-11-04 03:07:01
4542459,广式仟味卤水/啫啫鸡拌饭店(啡比店),广东省广州市从化区太平镇广从南路548号内（菲比幸福111档）,15914415149,餐饮行业,00:00-23:39,是,https://img.pospal.cn/storeLogo/4542459/5029f1582fa0413d8efc0e4798fd78ad.png,2.0,10.0,0.69,261568841159933197,香辣劲脆鸡排+1素,鸡扒拌饭,9.8,9.8,244.0,否,https://img.pospal.cn/productImages/4542459/04d112b9-ccb4-4107-9ca8-50a175dd3c75_200x200.jpg,2605130147083,,否,2026-05-13 01:47:46
4542459,广式仟味卤水/啫啫鸡拌饭店(啡比店),广东省广州市从化区太平镇广从南路548号内（菲比幸福111档）,15914415149,餐饮行业,00:00-23:39,是,https://img.pospal.cn/storeLogo/4542459/5029f1582fa0413d8efc0e4798fd78ad.png,2.0,10.0,0.69,86651614326378993,香辣劲脆鸡排+任选2素,鸡扒拌饭,11.8,11.8,797.0,否,https://img.pospal.cn/productImages/4542459/c03b1da0-7493-44a2-b695-3c8d15b45990_200x200.jpg,2511100034553,,否,2025-11-10 00:35:27
4542459,广式仟味卤水/啫啫鸡拌饭店(啡比店),广东省广州市从化区太平镇广从南路548号内（菲比幸福111档）,15914415149,餐饮行业,00:00-23:39,是,https://img.pospal.cn/storeLogo/4542459/5029f1582fa0413d8efc0e4798fd78ad.png,2.0,10.0,0.69,964494710511113539,卤水鸡腿+1素,广式仟味卤水,8.62,9.8,54.0,否,https://img.pospal.cn/productImages/4542459/b8aacdb5-10d2-4c23-845d-fb95a913ab37_200x200.jpg,2605130210138,,否,2026-05-13 02:10:24
4542459,广式仟味卤水/啫啫鸡拌饭店(啡比店),广东省广州市从化区太平镇广从南路548号内（菲比幸福111档）,15914415149,餐饮行业,00:00-23:39,是,https://img.pospal.cn/storeLogo/4542459/5029f1582fa0413d8efc0e4798fd78ad.png,2.0,10.0,0.69,784081136109993603,卤水潮州肉卷+1素,广式仟味卤水,8.62,9.8,84.0,否,https://img.pospal.cn/productImages/4542459/3e321d2f-d1c9-4b6e-9876-96c6211006a1_200x200.jpg,2605130211210,,否,2026-05-13 02:12:19
4542459,广式仟味卤水/啫啫鸡拌饭店(啡比店),广东省广州市从化区太平镇广从南路548号内（菲比幸福111档）,15914415149,餐饮行业,00:00-23:39,是,https://img.pospal.cn/storeLogo/4542459/5029f1582fa0413d8efc0e4798fd78ad.png,2.0,10.0,0.69,352741876829381942,秘制卤肉+1素,广式仟味卤水,9.5,10.8,72.0,否,https://img.pospal.cn/productImages/4542459/c4216325-8f0d-40fd-90a1-eedb70381eab_200x200.jpg,2605130213399,,否,2026-05-13 02:13:51
4542459,广式仟味卤水/啫啫鸡拌饭店(啡比店),广东省广州市从化区太平镇广从南路548号内（菲比幸福111档）,15914415149,餐饮行业,00:00-23:39,是,https://img.pospal.cn/storeLogo/4542459/5029f1582fa0413d8efc0e4798fd78ad.png,2.0,10.0,0.69,496708282051593428,卤水鸡腿+任选2素,广式仟味卤水,10.38,11.8,55.0,否,https://img.pospal.cn/productImages/4542459/196f08ea-f52f-4656-bf9b-5331ec0e2e48_200x200.jpg,2605130210381,,否,2026-05-13 02:11:07
4542459,广式仟味卤水/啫啫鸡拌饭店(啡比店),广东省广州市从化区太平镇广从南路548号内（菲比幸福111档）,15914415149,餐饮行业,00:00-23:39,是,https://img.pospal.cn/storeLogo/4542459/5029f1582fa0413d8efc0e4798fd78ad.png,2.0,10.0,0.69,708844203317304224,卤水潮州肉卷+任选2素,广式仟味卤水,10.38,11.8,87.0,否,https://img.pospal.cn/productImages/4542459/800c1513-d8aa-4dc3-8f90-342997c1f5e9_200x200.jpg,2605130212354,,否,2026-05-13 02:13:00
4542459,广式仟味卤水/啫啫鸡拌饭店(啡比店),广东省广州市从化区太平镇广从南路548号内（菲比幸福111档）,15914415149,餐饮行业,00:00-23:39,是,https://img.pospal.cn/storeLogo/4542459/5029f1582fa0413d8efc0e4798fd78ad.png,2.0,10.0,0.69,606368795120237021,秘制卤肉+任选2素,广式仟味卤水,11.26,12.8,70.0,否,https://img.pospal.cn/productImages/4542459/cd2037ce-41b4-4edc-8c1a-559717bb4070_200x200.jpg,2605130214112,,否,2026-05-13 02:14:26
4542459,广式仟味卤水/啫啫鸡拌饭店(啡比店),广东省广州市从化区太平镇广从南路548号内（菲比幸福111档）,15914415149,餐饮行业,00:00-23:39,是,https://img.pospal.cn/storeLogo/4542459/5029f1582fa0413d8efc0e4798fd78ad.png,2.0,10.0,0.69,592449702679902163,卤水鸭全腿+1素,广式仟味卤水,9.5,10.8,0.0,是,https://img.pospal.cn/productImages/4542459/8bce3bb8-7c61-446f-91e0-de39f64615f1_200x200.png,2411120228089,,否,2024-11-12 02:29:07
4542459,广式仟味卤水/啫啫鸡拌饭店(啡比店),广东省广州市从化区太平镇广从南路548号内（菲比幸福111档）,15914415149,餐饮行业,00:00-23:39,是,https://img.pospal.cn/storeLogo/4542459/5029f1582fa0413d8efc0e4798fd78ad.png,2.0,10.0,0.69,186650875611723766,卤水鸭全腿+任选2素,广式仟味卤水,11.26,12.8,0.0,是,https://img.pospal.cn/productImages/4542459/70959546-89a3-4d30-8e9e-666a9ee9e1eb_200x200.png,2402221728547,,否,2024-02-22 17:29:14
4542459,广式仟味卤水/啫啫鸡拌饭店(啡比店),广东省广州市从化区太平镇广从南路548号内（菲比幸福111档）,15914415149,餐饮行业,00:00-23:39,是,https://img.pospal.cn/storeLogo/4542459/5029f1582fa0413d8efc0e4798fd78ad.png,2.0,10.0,0.69,138159734661029679,咸鱼茄子+1素,促销,8.62,9.8,99.0,否,https://img.pospal.cn/productImages/4542459/2eec5554-487b-4f6f-9fb3-d9ccf30da929_200x200.png,2605130201266,,否,2026-05-13 02:01:58
4542459,广式仟味卤水/啫啫鸡拌饭店(啡比店),广东省广州市从化区太平镇广从南路548号内（菲比幸福111档）,15914415149,餐饮行业,00:00-23:39,是,https://img.pospal.cn/storeLogo/4542459/5029f1582fa0413d8efc0e4798fd78ad.png,2.0,10.0,0.69,408399821590386645,咸鱼茄子+任选2素,促销,10.38,11.8,99.0,否,https://img.pospal.cn/productImages/4542459/c80e6808-658c-49e4-8a55-e1821f3d4bd4_200x200.png,2403181053311,,否,2024-03-18 10:54:20
4542459,广式仟味卤水/啫啫鸡拌饭店(啡比店),广东省广州市从化区太平镇广从南路548号内（菲比幸福111档）,15914415149,餐饮行业,00:00-23:39,是,https://img.pospal.cn/storeLogo/4542459/5029f1582fa0413d8efc0e4798fd78ad.png,2.0,10.0,0.69,865806379391237869,香菇马蹄肉滑+1素,促销,9.5,10.8,97.0,否,https://img.pospal.cn/productImages/4542459/7471a4c9-5057-423d-812b-32695e1975b7_200x200.jpg,2605130153381,,否,2026-05-13 01:54:41
4542459,广式仟味卤水/啫啫鸡拌饭店(啡比店),广东省广州市从化区太平镇广从南路548号内（菲比幸福111档）,15914415149,餐饮行业,00:00-23:39,是,https://img.pospal.cn/storeLogo/4542459/5029f1582fa0413d8efc0e4798fd78ad.png,2.0,10.0,0.69,1038566867245837356,香菇马蹄肉滑+任选2素,促销,11.26,12.8,97.0,否,https://img.pospal.cn/productImages/4542459/edc90475-4202-4744-bf71-f73792e98231_200x200.jpg,2509080143174,,否,2025-09-08 01:43:45
4542459,广式仟味卤水/啫啫鸡拌饭店(啡比店),广东省广州市从化区太平镇广从南路548号内（菲比幸福111档）,15914415149,餐饮行业,00:00-23:39,是,https://img.pospal.cn/storeLogo/4542459/5029f1582fa0413d8efc0e4798fd78ad.png,2.0,10.0,0.69,816078535447325193,青椒炒酸梅鸭+1素,促销,9.5,10.8,91.0,否,https://img.pospal.cn/productImages/4542459/39640cf3-003b-47d3-bddb-9d63e3e3b3be_200x200.png,2512161054559,,否,2025-12-16 10:56:15
4542459,广式仟味卤水/啫啫鸡拌饭店(啡比店),广东省广州市从化区太平镇广从南路548号内（菲比幸福111档）,15914415149,餐饮行业,00:00-23:39,是,https://img.pospal.cn/storeLogo/4542459/5029f1582fa0413d8efc0e4798fd78ad.png,2.0,10.0,0.69,592375806265367412,青椒炒酸梅鸭+任选2素,促销,11.26,12.8,92.0,否,https://img.pospal.cn/productImages/4542459/5fc5af92-72cf-4e98-9916-71f504d8106f_200x200.png,2509080145192,,否,2025-09-08 01:45:43
4542459,广式仟味卤水/啫啫鸡拌饭店(啡比店),广东省广州市从化区太平镇广从南路548号内（菲比幸福111档）,15914415149,餐饮行业,00:00-23:39,是,https://img.pospal.cn/storeLogo/4542459/5029f1582fa0413d8efc0e4798fd78ad.png,2.0,10.0,0.69,298077488959169043,锅包肉+1素,促销,9.5,10.8,92.0,否,https://img.pospal.cn/productImages/4542459/45454d8e-c863-4e30-975b-d99be5a016aa_200x200.png,2605130159550,,否,2026-05-13 02:00:22
4542459,广式仟味卤水/啫啫鸡拌饭店(啡比店),广东省广州市从化区太平镇广从南路548号内（菲比幸福111档）,15914415149,餐饮行业,00:00-23:39,是,https://img.pospal.cn/storeLogo/4542459/5029f1582fa0413d8efc0e4798fd78ad.png,2.0,10.0,0.69,886086431472751129,锅包肉+任选2素,促销,11.26,12.8,86.0,否,https://img.pospal.cn/productImages/4542459/15160d69-697d-4685-bf30-b4086f2d4dfe_200x200.png,2411040302449,,否,2024-11-04 03:03:52
4542459,广式仟味卤水/啫啫鸡拌饭店(啡比店),广东省广州市从化区太平镇广从南路548号内（菲比幸福111档）,15914415149,餐饮行业,00:00-23:39,是,https://img.pospal.cn/storeLogo/4542459/5029f1582fa0413d8efc0e4798fd78ad.png,2.0,10.0,0.69,564725065964725721,韩式炸鸡+1素,促销,10.38,11.8,41.0,否,https://img.pospal.cn/productImages/4542459/9533517d-f47a-499d-bb3d-ea0dc11adbb5_200x200.jpg,2605130159017,,否,2026-05-13 01:59:17
4542459,广式仟味卤水/啫啫鸡拌饭店(啡比店),广东省广州市从化区太平镇广从南路548号内（菲比幸福111档）,15914415149,餐饮行业,00:00-23:39,是,https://img.pospal.cn/storeLogo/4542459/5029f1582fa0413d8efc0e4798fd78ad.png,2.0,10.0,0.69,88821381290946236,韩式炸鸡+任选2素,促销,12.14,13.8,59.0,否,https://img.pospal.cn/productImages/4542459/6e1e1c16-5166-4ab1-a014-d51cd5fbdbaa_200x200.jpg,2411040305266,,否,2024-11-04 03:06:04
4542459,广式仟味卤水/啫啫鸡拌饭店(啡比店),广东省广州市从化区太平镇广从南路548号内（菲比幸福111档）,15914415149,餐饮行业,00:00-23:39,是,https://img.pospal.cn/storeLogo/4542459/5029f1582fa0413d8efc0e4798fd78ad.png,2.0,10.0,0.69,964494710511113539,卤水鸡腿+1素,促销,8.62,9.8,54.0,否,https://img.pospal.cn/productImages/4542459/b8aacdb5-10d2-4c23-845d-fb95a913ab37_200x200.jpg,2605130210138,,否,2026-05-13 02:10:24
4542459,广式仟味卤水/啫啫鸡拌饭店(啡比店),广东省广州市从化区太平镇广从南路548号内（菲比幸福111档）,15914415149,餐饮行业,00:00-23:39,是,https://img.pospal.cn/storeLogo/4542459/5029f1582fa0413d8efc0e4798fd78ad.png,2.0,10.0,0.69,784081136109993603,卤水潮州肉卷+1素,促销,8.62,9.8,84.0,否,https://img.pospal.cn/productImages/4542459/3e321d2f-d1c9-4b6e-9876-96c6211006a1_200x200.jpg,2605130211210,,否,2026-05-13 02:12:19
4542459,广式仟味卤水/啫啫鸡拌饭店(啡比店),广东省广州市从化区太平镇广从南路548号内（菲比幸福111档）,15914415149,餐饮行业,00:00-23:39,是,https://img.pospal.cn/storeLogo/4542459/5029f1582fa0413d8efc0e4798fd78ad.png,2.0,10.0,0.69,352741876829381942,秘制卤肉+1素,促销,9.5,10.8,72.0,否,https://img.pospal.cn/productImages/4542459/c4216325-8f0d-40fd-90a1-eedb70381eab_200x200.jpg,2605130213399,,否,2026-05-13 02:13:51
4542459,广式仟味卤水/啫啫鸡拌饭店(啡比店),广东省广州市从化区太平镇广从南路548号内（菲比幸福111档）,15914415149,餐饮行业,00:00-23:39,是,https://img.pospal.cn/storeLogo/4542459/5029f1582fa0413d8efc0e4798fd78ad.png,2.0,10.0,0.69,496708282051593428,卤水鸡腿+任选2素,促销,10.38,11.8,55.0,否,https://img.pospal.cn/productImages/4542459/196f08ea-f52f-4656-bf9b-5331ec0e2e48_200x200.jpg,2605130210381,,否,2026-05-13 02:11:07
4542459,广式仟味卤水/啫啫鸡拌饭店(啡比店),广东省广州市从化区太平镇广从南路548号内（菲比幸福111档）,15914415149,餐饮行业,00:00-23:39,是,https://img.pospal.cn/storeLogo/4542459/5029f1582fa0413d8efc0e4798fd78ad.png,2.0,10.0,0.69,708844203317304224,卤水潮州肉卷+任选2素,促销,10.38,11.8,87.0,否,https://img.pospal.cn/productImages/4542459/800c1513-d8aa-4dc3-8f90-342997c1f5e9_200x200.jpg,2605130212354,,否,2026-05-13 02:13:00
4542459,广式仟味卤水/啫啫鸡拌饭店(啡比店),广东省广州市从化区太平镇广从南路548号内（菲比幸福111档）,15914415149,餐饮行业,00:00-23:39,是,https://img.pospal.cn/storeLogo/4542459/5029f1582fa0413d8efc0e4798fd78ad.png,2.0,10.0,0.69,606368795120237021,秘制卤肉+任选2素,促销,11.26,12.8,70.0,否,https://img.pospal.cn/productImages/4542459/cd2037ce-41b4-4edc-8c1a-559717bb4070_200x200.jpg,2605130214112,,否,2026-05-13 02:14:26
4542459,广式仟味卤水/啫啫鸡拌饭店(啡比店),广东省广州市从化区太平镇广从南路548号内（菲比幸福111档）,15914415149,餐饮行业,00:00-23:39,是,https://img.pospal.cn/storeLogo/4542459/5029f1582fa0413d8efc0e4798fd78ad.png,2.0,10.0,0.69,708320314641464354,咖喱蜜汁黑椒扒+1素,促销,9.5,10.8,84.0,否,https://img.pospal.cn/productImages/4542459/3e6c8443-7a91-49a4-b663-56a1d41c00ab_200x200.png,2511100022208,,否,2025-11-10 00:22:54
4542459,广式仟味卤水/啫啫鸡拌饭店(啡比店),广东省广州市从化区太平镇广从南路548号内（菲比幸福111档）,15914415149,餐饮行业,00:00-23:39,是,https://img.pospal.cn/storeLogo/4542459/5029f1582fa0413d8efc0e4798fd78ad.png,2.0,10.0,0.69,37729013476623423,咖喱劲脆鸡排+1素,促销,9.5,10.8,37.0,否,https://img.pospal.cn/productImages/4542459/a2dbf460-79d0-40ba-8bec-84e89e5b8f99_200x200.png,2605130225057,,否,2026-05-13 02:25:20
4542459,广式仟味卤水/啫啫鸡拌饭店(啡比店),广东省广州市从化区太平镇广从南路548号内（菲比幸福111档）,15914415149,餐饮行业,00:00-23:39,是,https://img.pospal.cn/storeLogo/4542459/5029f1582fa0413d8efc0e4798fd78ad.png,2.0,10.0,0.69,109051906377721548,咖喱香煎鸡+1素,促销,10.38,11.8,91.0,否,https://img.pospal.cn/productImages/4542459/269f09ea-54ca-4cab-b827-727136390887_200x200.png,2605130224234,,否,2026-05-13 02:24:40
4542459,广式仟味卤水/啫啫鸡拌饭店(啡比店),广东省广州市从化区太平镇广从南路548号内（菲比幸福111档）,15914415149,餐饮行业,00:00-23:39,是,https://img.pospal.cn/storeLogo/4542459/5029f1582fa0413d8efc0e4798fd78ad.png,2.0,10.0,0.69,509092071274534065,咖喱韩式炸鸡+1素,促销,10.38,11.8,91.0,否,https://img.pospal.cn/productImages/4542459/36402596-b720-4e29-a9b3-5c3f6a1dc7fc_200x200.png,2511100027357,,否,2025-11-10 00:28:00
4542459,广式仟味卤水/啫啫鸡拌饭店(啡比店),广东省广州市从化区太平镇广从南路548号内（菲比幸福111档）,15914415149,餐饮行业,00:00-23:39,是,https://img.pospal.cn/storeLogo/4542459/5029f1582fa0413d8efc0e4798fd78ad.png,2.0,10.0,0.69,190230372097549089,咖喱蜜汁黑椒扒+任选2素,促销,11.26,12.8,59.0,否,https://img.pospal.cn/productImages/4542459/6ebccb70-4621-48af-b824-1327229a6fe1_200x200.png,2411140159363,,否,2024-11-14 02:00:16
4542459,广式仟味卤水/啫啫鸡拌饭店(啡比店),广东省广州市从化区太平镇广从南路548号内（菲比幸福111档）,15914415149,餐饮行业,00:00-23:39,是,https://img.pospal.cn/storeLogo/4542459/5029f1582fa0413d8efc0e4798fd78ad.png,2.0,10.0,0.69,542780121948094815,咖喱劲脆鸡排+任选2素,促销,11.26,12.8,67.0,否,https://img.pospal.cn/productImages/4542459/5af334ee-375c-415d-8425-459c8d1b1737_200x200.png,2506220156254,,否,2025-06-22 01:57:07
4542459,广式仟味卤水/啫啫鸡拌饭店(啡比店),广东省广州市从化区太平镇广从南路548号内（菲比幸福111档）,15914415149,餐饮行业,00:00-23:39,是,https://img.pospal.cn/storeLogo/4542459/5029f1582fa0413d8efc0e4798fd78ad.png,2.0,10.0,0.69,1136326518391938395,咖喱香煎鸡+任选2素,促销,12.14,13.8,98.0,否,https://img.pospal.cn/productImages/4542459/feb52c07-e7f3-48a4-ab74-97e1deb9f517_200x200.png,2503162335334,,否,2025-03-16 23:35:41
4542459,广式仟味卤水/啫啫鸡拌饭店(啡比店),广东省广州市从化区太平镇广从南路548号内（菲比幸福111档）,15914415149,餐饮行业,00:00-23:39,是,https://img.pospal.cn/storeLogo/4542459/5029f1582fa0413d8efc0e4798fd78ad.png,2.0,10.0,0.69,795644984232592277,咖喱韩式炸鸡+任选2素,促销,12.14,13.8,97.0,否,https://img.pospal.cn/productImages/4542459/f465b1a0-f4e6-49f9-b9f1-3042f5b29888_200x200.png,2511100023052,,否,2025-11-10 00:23:34
4542459,广式仟味卤水/啫啫鸡拌饭店(啡比店),广东省广州市从化区太平镇广从南路548号内（菲比幸福111档）,15914415149,餐饮行业,00:00-23:39,是,https://img.pospal.cn/storeLogo/4542459/5029f1582fa0413d8efc0e4798fd78ad.png,2.0,10.0,0.69,858652072814744344,沙姜啫啫鸡+1素,促销,10.38,11.8,99.0,否,https://img.pospal.cn/productImages/4542459/893ab110-d2b0-4ea1-ba3c-80a97cd7f4d0_200x200.png,2605130132171,,否,2026-05-13 01:36:10
4542459,广式仟味卤水/啫啫鸡拌饭店(啡比店),广东省广州市从化区太平镇广从南路548号内（菲比幸福111档）,15914415149,餐饮行业,00:00-23:39,是,https://img.pospal.cn/storeLogo/4542459/5029f1582fa0413d8efc0e4798fd78ad.png,2.0,10.0,0.69,712959517510206321,香辣鸡煲+1素,促销,10.38,11.8,98.0,否,https://img.pospal.cn/productImages/4542459/f5d75683-1c8d-43f0-8ec6-5956f5b8025f_200x200.png,2605130140442,,否,2026-05-13 01:41:15
4542459,广式仟味卤水/啫啫鸡拌饭店(啡比店),广东省广州市从化区太平镇广从南路548号内（菲比幸福111档）,15914415149,餐饮行业,00:00-23:39,是,https://img.pospal.cn/storeLogo/4542459/5029f1582fa0413d8efc0e4798fd78ad.png,2.0,10.0,0.69,749174054300407949,沙姜啫啫鸡+任选2素,促销,12.14,13.8,98.0,否,https://img.pospal.cn/productImages/4542459/ee1c927e-a302-4074-be93-76ea90195fff_200x200.png,2402221722187,,否,2024-02-22 17:22:35
4542459,广式仟味卤水/啫啫鸡拌饭店(啡比店),广东省广州市从化区太平镇广从南路548号内（菲比幸福111档）,15914415149,餐饮行业,00:00-23:39,是,https://img.pospal.cn/storeLogo/4542459/5029f1582fa0413d8efc0e4798fd78ad.png,2.0,10.0,0.69,484374872979466685,香辣鸡煲+任选2素,促销,12.14,13.8,99.0,否,https://img.pospal.cn/productImages/4542459/62377c4d-fa4a-4766-b926-8070832ad18c_200x200.png,2402221720275,,否,2024-02-22 17:20:39
4542459,广式仟味卤水/啫啫鸡拌饭店(啡比店),广东省广州市从化区太平镇广从南路548号内（菲比幸福111档）,15914415149,餐饮行业,00:00-23:39,是,https://img.pospal.cn/storeLogo/4542459/5029f1582fa0413d8efc0e4798fd78ad.png,2.0,10.0,0.69,589889640369380358,酱香肉片+1素,促销,9.5,10.8,85.0,否,https://img.pospal.cn/productImages/4542459/0955bc66-c4bd-4487-b7c3-5c1f1ceae497_200x200.png,2605130141500,,否,2026-05-13 01:43:17
4542459,广式仟味卤水/啫啫鸡拌饭店(啡比店),广东省广州市从化区太平镇广从南路548号内（菲比幸福111档）,15914415149,餐饮行业,00:00-23:39,是,https://img.pospal.cn/storeLogo/4542459/5029f1582fa0413d8efc0e4798fd78ad.png,2.0,10.0,0.69,316033507477431670,香辣肉片+1素,促销,9.5,10.8,90.0,否,https://img.pospal.cn/productImages/4542459/c29f5e67-ef38-40e9-99b4-b38ecd173be8_200x200.png,2605130143375,,否,2026-05-13 01:44:05
4542459,广式仟味卤水/啫啫鸡拌饭店(啡比店),广东省广州市从化区太平镇广从南路548号内（菲比幸福111档）,15914415149,餐饮行业,00:00-23:39,是,https://img.pospal.cn/storeLogo/4542459/5029f1582fa0413d8efc0e4798fd78ad.png,2.0,10.0,0.69,781236542201549212,酱香肉片+任选2素,促销,11.26,12.8,85.0,否,https://img.pospal.cn/productImages/4542459/1fe7c2be-b5d4-4720-844f-45c46e24c785_200x200.png,2402221722590,,否,2024-02-22 17:23:38
4542459,广式仟味卤水/啫啫鸡拌饭店(啡比店),广东省广州市从化区太平镇广从南路548号内（菲比幸福111档）,15914415149,餐饮行业,00:00-23:39,是,https://img.pospal.cn/storeLogo/4542459/5029f1582fa0413d8efc0e4798fd78ad.png,2.0,10.0,0.69,324866198220900523,香辣肉片+任选2素,促销,11.26,12.8,95.0,否,https://img.pospal.cn/productImages/4542459/930d8580-a811-4eee-89b8-4ef9d2a949f3_200x200.png,2403171640040,,否,2024-03-17 16:40:20
4542459,广式仟味卤水/啫啫鸡拌饭店(啡比店),广东省广州市从化区太平镇广从南路548号内（菲比幸福111档）,15914415149,餐饮行业,00:00-23:39,是,https://img.pospal.cn/storeLogo/4542459/5029f1582fa0413d8efc0e4798fd78ad.png,2.0,10.0,0.69,279963946927288278,酱香叉烧片+1素,促销,10.38,11.8,95.0,否,https://img.pospal.cn/productImages/4542459/179a2628-988b-4246-b142-4083bcea697e_200x200.jpg,2605130144433,,否,2026-05-13 01:45:13
4542459,广式仟味卤水/啫啫鸡拌饭店(啡比店),广东省广州市从化区太平镇广从南路548号内（菲比幸福111档）,15914415149,餐饮行业,00:00-23:39,是,https://img.pospal.cn/storeLogo/4542459/5029f1582fa0413d8efc0e4798fd78ad.png,2.0,10.0,0.69,1003299506850934333,香辣叉烧片+1素,促销,10.38,11.8,99.0,否,https://img.pospal.cn/productImages/4542459/e8968ecc-fac1-483d-ab2f-bf5227c4cb46_200x200.jpg,2605130145256,,否,2026-05-13 01:46:05
4542459,广式仟味卤水/啫啫鸡拌饭店(啡比店),广东省广州市从化区太平镇广从南路548号内（菲比幸福111档）,15914415149,餐饮行业,00:00-23:39,是,https://img.pospal.cn/storeLogo/4542459/5029f1582fa0413d8efc0e4798fd78ad.png,2.0,10.0,0.69,413177294338547200,酱香叉烧片+任选2素,促销,12.14,13.8,85.0,否,https://img.pospal.cn/productImages/4542459/2ec6a22f-a889-4426-878d-16df29f6f3ba_200x200.jpg,2410201700209,,否,2024-10-20 17:00:36
4542459,广式仟味卤水/啫啫鸡拌饭店(啡比店),广东省广州市从化区太平镇广从南路548号内（菲比幸福111档）,15914415149,餐饮行业,00:00-23:39,是,https://img.pospal.cn/storeLogo/4542459/5029f1582fa0413d8efc0e4798fd78ad.png,2.0,10.0,0.69,226759642907245966,香辣叉烧片+任选2素,促销,12.14,13.8,97.0,否,https://img.pospal.cn/productImages/4542459/90d1c834-020a-4928-8f45-36bc4d768a6d_200x200.jpg,2410201701176,,否,2024-10-20 17:01:32
4542459,广式仟味卤水/啫啫鸡拌饭店(啡比店),广东省广州市从化区太平镇广从南路548号内（菲比幸福111档）,15914415149,餐饮行业,00:00-23:39,是,https://img.pospal.cn/storeLogo/4542459/5029f1582fa0413d8efc0e4798fd78ad.png,2.0,10.0,0.69,752100098333650662,虫草花蒸鸡+1素,促销,9.5,10.8,0.0,是,https://img.pospal.cn/productImages/4542459/523ea9d2-9c42-43f9-8867-6d88920c2784_200x200.png,2411140157130,,否,2024-11-14 01:58:35
4542459,广式仟味卤水/啫啫鸡拌饭店(啡比店),广东省广州市从化区太平镇广从南路548号内（菲比幸福111档）,15914415149,餐饮行业,00:00-23:39,是,https://img.pospal.cn/storeLogo/4542459/5029f1582fa0413d8efc0e4798fd78ad.png,2.0,10.0,0.69,731556152850173818,虫草花蒸鸡+任选2素,促销,11.26,12.8,0.0,是,https://img.pospal.cn/productImages/4542459/d53043c2-0c4f-420f-984b-204723d83d17_200x200.png,2402221722019,,否,2024-02-22 17:22:15
4542459,广式仟味卤水/啫啫鸡拌饭店(啡比店),广东省广州市从化区太平镇广从南路548号内（菲比幸福111档）,15914415149,餐饮行业,00:00-23:39,是,https://img.pospal.cn/storeLogo/4542459/5029f1582fa0413d8efc0e4798fd78ad.png,2.0,10.0,0.69,965745191433449659,花生焖猪手+1素,促销,11.26,12.8,0.0,是,https://img.pospal.cn/productImages/4542459/d863b1fc-2427-42e4-9e4e-b2acda8c9a38_200x200.png,2605211118544,,否,2026-05-21 11:19:55
4542459,广式仟味卤水/啫啫鸡拌饭店(啡比店),广东省广州市从化区太平镇广从南路548号内（菲比幸福111档）,15914415149,餐饮行业,00:00-23:39,是,https://img.pospal.cn/storeLogo/4542459/5029f1582fa0413d8efc0e4798fd78ad.png,2.0,10.0,0.69,71920521874666524,花生焖猪手+任选2素,促销,13.02,14.8,0.0,是,https://img.pospal.cn/productImages/4542459/eadcb771-a607-4b45-b318-f0c454ea2b81_200x200.png,2411140158496,,否,2024-11-14 01:59:23
4542459,广式仟味卤水/啫啫鸡拌饭店(啡比店),广东省广州市从化区太平镇广从南路548号内（菲比幸福111档）,15914415149,餐饮行业,00:00-23:39,是,https://img.pospal.cn/storeLogo/4542459/5029f1582fa0413d8efc0e4798fd78ad.png,2.0,10.0,0.69,592449702679902163,卤水鸭全腿+1素,促销,9.5,10.8,0.0,是,https://img.pospal.cn/productImages/4542459/8bce3bb8-7c61-446f-91e0-de39f64615f1_200x200.png,2411120228089,,否,2024-11-12 02:29:07
4542459,广式仟味卤水/啫啫鸡拌饭店(啡比店),广东省广州市从化区太平镇广从南路548号内（菲比幸福111档）,15914415149,餐饮行业,00:00-23:39,是,https://img.pospal.cn/storeLogo/4542459/5029f1582fa0413d8efc0e4798fd78ad.png,2.0,10.0,0.69,186650875611723766,卤水鸭全腿+任选2素,促销,11.26,12.8,0.0,是,https://img.pospal.cn/productImages/4542459/70959546-89a3-4d30-8e9e-666a9ee9e1eb_200x200.png,2402221728547,,否,2024-02-22 17:29:14
4656680,旺签关东煮（二食堂）,广东省广州市广软二食堂,17772078140,餐饮行业,10:00-21:00,是,https://img.pospal.cn/storeLogo/c4e3d238-5001-4ce7-83a7-2a40897d243d.jpg,2.0,10.0,0.69,781667810330621168,蟹皇面,粉面类,4.0,4.0,438.0,否,https://img.pospal.cn/productImages/4656680/065b84a5-887d-4796-8488-3111024ac11d_200x200.jpg,2477258896798,,否,2025-04-14 20:12:07
4656680,旺签关东煮（二食堂）,广东省广州市广软二食堂,17772078140,餐饮行业,10:00-21:00,是,https://img.pospal.cn/storeLogo/c4e3d238-5001-4ce7-83a7-2a40897d243d.jpg,2.0,10.0,0.69,1036002765739563913,细粉丝,粉面类,3.0,3.0,893.0,否,https://img.pospal.cn/productImages/4656680/d167d06f-2bf6-4971-93df-fb19caa8a029_200x200.jpg,2318053770022,,否,2025-04-14 20:13:26
4656680,旺签关东煮（二食堂）,广东省广州市广软二食堂,17772078140,餐饮行业,10:00-21:00,是,https://img.pospal.cn/storeLogo/c4e3d238-5001-4ce7-83a7-2a40897d243d.jpg,2.0,10.0,0.69,83545886823252676,玉米面,粉面类,3.0,3.0,695.0,否,https://img.pospal.cn/productImages/4656680/10c53770-e993-4a80-aedd-32662ff4fbe1_200x200.jpg,2128768155102,,否,2025-04-14 20:14:37
4656680,旺签关东煮（二食堂）,广东省广州市广软二食堂,17772078140,餐饮行业,10:00-21:00,是,https://img.pospal.cn/storeLogo/c4e3d238-5001-4ce7-83a7-2a40897d243d.jpg,2.0,10.0,0.69,955973549761580093,鸡蛋面,粉面类,3.0,3.0,812.0,否,https://img.pospal.cn/productImages/4656680/c9bc4a79-4e6d-48fc-b174-e4940427a127_200x200.jpg,2040359309780,,否,2025-04-14 20:17:17
4656680,旺签关东煮（二食堂）,广东省广州市广软二食堂,17772078140,餐饮行业,10:00-21:00,是,https://img.pospal.cn/storeLogo/c4e3d238-5001-4ce7-83a7-2a40897d243d.jpg,2.0,10.0,0.69,676483155335216556,土豆粉,粉面类,3.0,3.0,499.0,否,https://img.pospal.cn/productImages/4656680/a3b22d74-a7e2-4a7e-8aa9-dd4b2d9b7097_200x200.jpg,2062183281650,,否,2025-04-14 20:20:19
4656680,旺签关东煮（二食堂）,广东省广州市广软二食堂,17772078140,餐饮行业,10:00-21:00,是,https://img.pospal.cn/storeLogo/c4e3d238-5001-4ce7-83a7-2a40897d243d.jpg,2.0,10.0,0.69,620435803933998350,乌冬面,粉面类,4.0,4.0,923.0,否,https://img.pospal.cn/productImages/4656680/b9d1b8d3-e80d-4251-bf24-acdb2639b72e_200x200.jpg,2846975213957,,否,2025-04-20 12:34:58
4656680,旺签关东煮（二食堂）,广东省广州市广软二食堂,17772078140,餐饮行业,10:00-21:00,是,https://img.pospal.cn/storeLogo/c4e3d238-5001-4ce7-83a7-2a40897d243d.jpg,2.0,10.0,0.69,848383202141295496,三鲜伊面,粉面类,3.0,3.0,786.0,否,https://img.pospal.cn/productImages/4656680/7acf761f-d2bd-483b-a782-9f156dbf3c75_200x200.jpg,2460545642635,,否,2025-04-21 19:14:25
4656680,旺签关东煮（二食堂）,广东省广州市广软二食堂,17772078140,餐饮行业,10:00-21:00,是,https://img.pospal.cn/storeLogo/c4e3d238-5001-4ce7-83a7-2a40897d243d.jpg,2.0,10.0,0.69,745510825467595933,车仔面,粉面类,4.0,4.0,948.0,否,https://img.pospal.cn/productImages/4656680/0a89b89b-6bc8-4bbd-a8ec-7fd503d77e11_200x200.jpg,2688446728337,,否,2025-05-21 10:34:06
4656680,旺签关东煮（二食堂）,广东省广州市广软二食堂,17772078140,餐饮行业,10:00-21:00,是,https://img.pospal.cn/storeLogo/c4e3d238-5001-4ce7-83a7-2a40897d243d.jpg,2.0,10.0,0.69,569082797501746995,河粉,粉面类,3.0,3.0,0.0,是,https://img.pospal.cn/productImages/4656680/a91702cf-50ec-4150-8854-b17e908dd307_200x200.jpg,2317585558009,,否,2025-04-14 20:12:39
4656680,旺签关东煮（二食堂）,广东省广州市广软二食堂,17772078140,餐饮行业,10:00-21:00,是,https://img.pospal.cn/storeLogo/c4e3d238-5001-4ce7-83a7-2a40897d243d.jpg,2.0,10.0,0.69,562381190129594969,蒜蓉,配料,0.1,0.1,991442.0,否,https://img.pospal.cn/productImages/4656680/48eb481a-b74e-4819-ac28-de26698d9e88_200x200.jpg,2090318196555,,否,2025-04-16 11:43:52
4656680,旺签关东煮（二食堂）,广东省广州市广软二食堂,17772078140,餐饮行业,10:00-21:00,是,https://img.pospal.cn/storeLogo/c4e3d238-5001-4ce7-83a7-2a40897d243d.jpg,2.0,10.0,0.69,365924283951500946,葱,配料,0.1,0.1,993489.0,否,https://img.pospal.cn/productImages/4656680/37c2fb8e-2f33-4920-ba5a-08d3613edb2b_200x200.jpg,2701665832811,,否,2025-04-16 11:46:07
4656680,旺签关东煮（二食堂）,广东省广州市广软二食堂,17772078140,餐饮行业,10:00-21:00,是,https://img.pospal.cn/storeLogo/c4e3d238-5001-4ce7-83a7-2a40897d243d.jpg,2.0,10.0,0.69,1103609554257988129,醋,配料,0.1,0.1,96744.0,否,https://img.pospal.cn/productImages/4656680/5fea6fee-7c94-448f-a382-6a61e9e0986e_200x200.jpg,2662680825847,,否,2025-04-16 11:47:48
4656680,旺签关东煮（二食堂）,广东省广州市广软二食堂,17772078140,餐饮行业,10:00-21:00,是,https://img.pospal.cn/storeLogo/c4e3d238-5001-4ce7-83a7-2a40897d243d.jpg,2.0,10.0,0.69,960799878189849450,海鲜酱,配料,0.1,0.1,93356.0,否,https://img.pospal.cn/productImages/4656680/739f8019-0c72-4ed0-91dd-12ffcfc8810c_200x200.jpg,2573707814785,,否,2025-04-16 11:49:31
4656680,旺签关东煮（二食堂）,广东省广州市广软二食堂,17772078140,餐饮行业,10:00-21:00,是,https://img.pospal.cn/storeLogo/c4e3d238-5001-4ce7-83a7-2a40897d243d.jpg,2.0,10.0,0.69,391069439739362881,微辣,配料,0.1,0.1,92946.0,否,https://img.pospal.cn/productImages/4656680/0e63fb66-246a-4736-9682-b9f504b3eeb3_200x200.jpg,0292621065562,,否,2025-04-17 17:47:42
4656680,旺签关东煮（二食堂）,广东省广州市广软二食堂,17772078140,餐饮行业,10:00-21:00,是,https://img.pospal.cn/storeLogo/c4e3d238-5001-4ce7-83a7-2a40897d243d.jpg,2.0,10.0,0.69,968452356861055668,中辣,配料,0.1,0.1,97430.0,否,https://img.pospal.cn/productImages/4656680/f668ae7d-6a12-4e08-9f55-fe8c9de7d08d_200x200.jpg,2673458428344,,否,2025-04-17 17:49:06
4656680,旺签关东煮（二食堂）,广东省广州市广软二食堂,17772078140,餐饮行业,10:00-21:00,是,https://img.pospal.cn/storeLogo/c4e3d238-5001-4ce7-83a7-2a40897d243d.jpg,2.0,10.0,0.69,257359165000107479,特辣,配料,0.1,0.1,999720.0,否,https://img.pospal.cn/productImages/4656680/7a070013-903f-4e6b-b1c9-b04cf70cfa4e_200x200.jpg,2673978510970,,否,2025-04-17 17:49:58
4656680,旺签关东煮（二食堂）,广东省广州市广软二食堂,17772078140,餐饮行业,10:00-21:00,是,https://img.pospal.cn/storeLogo/c4e3d238-5001-4ce7-83a7-2a40897d243d.jpg,2.0,10.0,0.69,393188213067106856,一丢丢辣,配料,0.1,0.1,88887265.0,否,https://img.pospal.cn/productImages/4656680/28db6cdb-1848-422e-a8c8-999c75b70b27_200x200.jpg,2654706159272,,否,2025-10-21 22:54:32
4656680,旺签关东煮（二食堂）,广东省广州市广软二食堂,17772078140,餐饮行业,10:00-21:00,是,https://img.pospal.cn/storeLogo/c4e3d238-5001-4ce7-83a7-2a40897d243d.jpg,2.0,10.0,0.69,7705630660041790,餐盒,打包盒必点（外卖和自提）,1.0,1.0,99979828.99,否,https://img.pospal.cn/productImages/4656680/8324cdc6-205c-4dd2-87d3-8fa55faf49d1_200x200.jpg,2960368071778,,否,2025-04-18 15:23:57
4656680,旺签关东煮（二食堂）,广东省广州市广软二食堂,17772078140,餐饮行业,10:00-21:00,是,https://img.pospal.cn/storeLogo/c4e3d238-5001-4ce7-83a7-2a40897d243d.jpg,2.0,10.0,0.69,364785523016520465,豆腐串,素菜类,2.0,2.0,911.0,否,https://img.pospal.cn/productImages/4656680/2ed7a22f-f9cd-4386-87ee-0a5e067c3f09_200x200.jpg,2283987122813,,否,2025-04-14 20:23:19
4656680,旺签关东煮（二食堂）,广东省广州市广软二食堂,17772078140,餐饮行业,10:00-21:00,是,https://img.pospal.cn/storeLogo/c4e3d238-5001-4ce7-83a7-2a40897d243d.jpg,2.0,10.0,0.69,5588478186499367,面筋,素菜类,2.0,2.0,909.0,否,https://img.pospal.cn/productImages/4656680/d3ff140e-fb48-41f2-9407-cfa8cd58f102_200x200.jpg,0444252203367,,否,2025-04-14 20:23:45
4656680,旺签关东煮（二食堂）,广东省广州市广软二食堂,17772078140,餐饮行业,10:00-21:00,是,https://img.pospal.cn/storeLogo/c4e3d238-5001-4ce7-83a7-2a40897d243d.jpg,2.0,10.0,0.69,724177678738377230,萝卜,素菜类,1.5,1.5,418.0,否,https://img.pospal.cn/productImages/4656680/abeacadb-d5b1-4c5e-92cb-51b378795c7e_200x200.jpg,2294547259085,,否,2025-04-14 20:24:15
4656680,旺签关东煮（二食堂）,广东省广州市广软二食堂,17772078140,餐饮行业,10:00-21:00,是,https://img.pospal.cn/storeLogo/c4e3d238-5001-4ce7-83a7-2a40897d243d.jpg,2.0,10.0,0.69,934031450973605910,豆芽,素菜类,1.5,1.5,750.0,否,https://img.pospal.cn/productImages/4656680/c0ad0a50-3a2e-4030-a72e-0594a735cf2d_200x200.jpg,0244881193431,,否,2025-04-14 20:24:50
4656680,旺签关东煮（二食堂）,广东省广州市广软二食堂,17772078140,餐饮行业,10:00-21:00,是,https://img.pospal.cn/storeLogo/c4e3d238-5001-4ce7-83a7-2a40897d243d.jpg,2.0,10.0,0.69,1143407827452663642,娃娃菜,素菜类,2.0,2.0,587.0,否,https://img.pospal.cn/productImages/4656680/0bccfae5-3eb0-4329-8a7d-661bbff863b2_200x200.jpg,2165244256465,,否,2025-04-14 20:25:25
4656680,旺签关东煮（二食堂）,广东省广州市广软二食堂,17772078140,餐饮行业,10:00-21:00,是,https://img.pospal.cn/storeLogo/c4e3d238-5001-4ce7-83a7-2a40897d243d.jpg,2.0,10.0,0.69,615811557137790427,金针菇,素菜类,2.0,2.0,9836.0,否,https://img.pospal.cn/productImages/4656680/aa78ed5e-be55-41e1-bd36-3d53f34c3ac4_200x200.jpg,2265575389822,,否,2025-04-14 20:25:58
4656680,旺签关东煮（二食堂）,广东省广州市广软二食堂,17772078140,餐饮行业,10:00-21:00,是,https://img.pospal.cn/storeLogo/c4e3d238-5001-4ce7-83a7-2a40897d243d.jpg,2.0,10.0,0.69,1046595689198448975,紫菜,素菜类,2.0,2.0,821.0,否,https://img.pospal.cn/productImages/4656680/fed59f4d-608d-4eeb-802b-a4612a2831b9_200x200.jpg,2571833229695,,否,2025-04-16 11:29:44
4656680,旺签关东煮（二食堂）,广东省广州市广软二食堂,17772078140,餐饮行业,10:00-21:00,是,https://img.pospal.cn/storeLogo/c4e3d238-5001-4ce7-83a7-2a40897d243d.jpg,2.0,10.0,0.69,181531574871648781,海带丝,素菜类,2.0,2.0,896.0,否,https://img.pospal.cn/productImages/4656680/5c99391c-2e93-4b28-b403-1b82dd2a3c88_200x200.jpg,0282213190246,,否,2025-04-16 11:30:22
4656680,旺签关东煮（二食堂）,广东省广州市广软二食堂,17772078140,餐饮行业,10:00-21:00,是,https://img.pospal.cn/storeLogo/c4e3d238-5001-4ce7-83a7-2a40897d243d.jpg,2.0,10.0,0.69,519695579741244816,响铃卷,素菜类,2.0,2.0,994.0,否,https://img.pospal.cn/productImages/4656680/f9ffe37f-f106-4923-98f8-3d0021158a73_200x200.jpg,2083676048703,,否,2025-04-16 11:32:48
4656680,旺签关东煮（二食堂）,广东省广州市广软二食堂,17772078140,餐饮行业,10:00-21:00,是,https://img.pospal.cn/storeLogo/c4e3d238-5001-4ce7-83a7-2a40897d243d.jpg,2.0,10.0,0.69,1151881676279222520,香菇,素菜类,2.0,2.0,999.0,否,https://img.pospal.cn/productImages/4656680/55b28269-b175-4da6-9558-b84c7c7503a9_200x200.jpg,0413979221893,,否,2025-04-16 11:33:25
4656680,旺签关东煮（二食堂）,广东省广州市广软二食堂,17772078140,餐饮行业,10:00-21:00,是,https://img.pospal.cn/storeLogo/c4e3d238-5001-4ce7-83a7-2a40897d243d.jpg,2.0,10.0,0.69,317753381744173837,空心菜,素菜类,1.5,1.5,988.0,否,https://img.pospal.cn/productImages/4656680/e46fa1b2-7ee4-4f3f-bf50-62751e1f6988_200x200.jpg,2507196274911,,否,2025-04-16 11:38:41
4656680,旺签关东煮（二食堂）,广东省广州市广软二食堂,17772078140,餐饮行业,10:00-21:00,是,https://img.pospal.cn/storeLogo/c4e3d238-5001-4ce7-83a7-2a40897d243d.jpg,2.0,10.0,0.69,793304692389559114,西洋菜,素菜类,2.0,2.0,999.0,否,https://img.pospal.cn/productImages/4656680/0b8df159-3635-452c-8119-53c4059695ba_200x200.jpg,2327428329550,,否,2025-04-16 11:39:03
4656680,旺签关东煮（二食堂）,广东省广州市广软二食堂,17772078140,餐饮行业,10:00-21:00,是,https://img.pospal.cn/storeLogo/c4e3d238-5001-4ce7-83a7-2a40897d243d.jpg,2.0,10.0,0.69,54564778547714748,生菜,素菜类,1.5,1.5,999.0,否,https://img.pospal.cn/productImages/4656680/84bd2b66-9f7c-4d1d-9aaa-247356af1d43_200x200.jpg,2788094167929,,否,2025-04-16 11:40:10
4656680,旺签关东煮（二食堂）,广东省广州市广软二食堂,17772078140,餐饮行业,10:00-21:00,是,https://img.pospal.cn/storeLogo/c4e3d238-5001-4ce7-83a7-2a40897d243d.jpg,2.0,10.0,0.69,2474937228758915,豆腐泡,素菜类,1.5,1.5,999.0,否,https://img.pospal.cn/productImages/4656680/9843b312-148c-4617-9439-1940de23e768_200x200.jpg,0482876512229,,否,2025-05-25 13:01:28
4656680,旺签关东煮（二食堂）,广东省广州市广软二食堂,17772078140,餐饮行业,10:00-21:00,是,https://img.pospal.cn/storeLogo/c4e3d238-5001-4ce7-83a7-2a40897d243d.jpg,2.0,10.0,0.69,703143682731642720,脆笋丝,素菜类,2.0,2.0,997.0,否,https://img.pospal.cn/productImages/4656680/879bd0f9-cb0b-437b-ad0b-7ccd18f306ea_200x200.jpg,2616295092989,,否,2025-10-11 13:30:35
4656680,旺签关东煮（二食堂）,广东省广州市广软二食堂,17772078140,餐饮行业,10:00-21:00,是,https://img.pospal.cn/storeLogo/c4e3d238-5001-4ce7-83a7-2a40897d243d.jpg,2.0,10.0,0.69,992629300065621530,超大魔芋结,素菜类,2.0,2.0,995.0,否,https://img.pospal.cn/productImages/4656680/ad65aea6-7029-42ad-bb43-cb98fa309cbe_200x200.jpg,2511338692716,,否,2025-11-02 23:58:54
4656680,旺签关东煮（二食堂）,广东省广州市广软二食堂,17772078140,餐饮行业,10:00-21:00,是,https://img.pospal.cn/storeLogo/c4e3d238-5001-4ce7-83a7-2a40897d243d.jpg,2.0,10.0,0.69,716376014519613157,清脆鞭炮笋,素菜类,2.0,2.0,999.0,否,https://img.pospal.cn/productImages/4656680/b4438c38-6386-460d-b823-cbaa431ffc89_200x200.jpg,2329363905608,,否,2026-09-01 16:41:07
4656680,旺签关东煮（二食堂）,广东省广州市广软二食堂,17772078140,餐饮行业,10:00-21:00,是,https://img.pospal.cn/storeLogo/c4e3d238-5001-4ce7-83a7-2a40897d243d.jpg,2.0,10.0,0.69,1113727982635232307,潮汕牛筋丸,丸子类,4.0,4.0,997.0,否,https://img.pospal.cn/productImages/4656680/2691370f-643b-46ea-bf8e-600e1512f771_200x200.jpg,2899330372936,,否,2025-04-14 19:42:28
4656680,旺签关东煮（二食堂）,广东省广州市广软二食堂,17772078140,餐饮行业,10:00-21:00,是,https://img.pospal.cn/storeLogo/c4e3d238-5001-4ce7-83a7-2a40897d243d.jpg,2.0,10.0,0.69,256948908635886101,墨鱼丸,丸子类,3.5,3.5,998.0,否,https://img.pospal.cn/productImages/4656680/49301622-b1fe-484c-8614-e594b41a769c_200x200.jpg,2520039449635,,否,2025-04-14 19:43:25
4656680,旺签关东煮（二食堂）,广东省广州市广软二食堂,17772078140,餐饮行业,10:00-21:00,是,https://img.pospal.cn/storeLogo/c4e3d238-5001-4ce7-83a7-2a40897d243d.jpg,2.0,10.0,0.69,151582253578638465,鱼蛋,丸子类,2.5,2.5,999.0,否,https://img.pospal.cn/productImages/4656680/4ea5902c-62fc-466c-b7c6-dd91ef81122b_200x200.jpg,2380570060474,,否,2025-04-14 19:44:18
4656680,旺签关东煮（二食堂）,广东省广州市广软二食堂,17772078140,餐饮行业,10:00-21:00,是,https://img.pospal.cn/storeLogo/c4e3d238-5001-4ce7-83a7-2a40897d243d.jpg,2.0,10.0,0.69,499313985476272137,蟹排,丸子类,2.0,2.0,974.0,否,https://img.pospal.cn/productImages/4656680/118a4235-add0-4a0c-b090-09d11956c056_200x200.jpg,2622966101089,,否,2025-04-14 19:48:18
4656680,旺签关东煮（二食堂）,广东省广州市广软二食堂,17772078140,餐饮行业,10:00-21:00,是,https://img.pospal.cn/storeLogo/c4e3d238-5001-4ce7-83a7-2a40897d243d.jpg,2.0,10.0,0.69,700665502216620058,鱼豆腐,丸子类,3.0,3.0,999.0,否,https://img.pospal.cn/productImages/4656680/94ee0d06-2357-43f6-b534-a817dcaddbbd_200x200.jpg,2073495130697,,否,2025-04-14 19:49:10
4656680,旺签关东煮（二食堂）,广东省广州市广软二食堂,17772078140,餐饮行业,10:00-21:00,是,https://img.pospal.cn/storeLogo/c4e3d238-5001-4ce7-83a7-2a40897d243d.jpg,2.0,10.0,0.69,553903414562293512,撒尿丸,丸子类,3.5,3.5,997.0,否,https://img.pospal.cn/productImages/4656680/fdfc5efe-c07f-4e53-ac76-fa86f4cf8f85_200x200.jpg,2353877317381,,否,2025-04-14 19:49:48
4656680,旺签关东煮（二食堂）,广东省广州市广软二食堂,17772078140,餐饮行业,10:00-21:00,是,https://img.pospal.cn/storeLogo/c4e3d238-5001-4ce7-83a7-2a40897d243d.jpg,2.0,10.0,0.69,599409741490127105,鱼籽包,丸子类,3.5,3.5,992.0,否,https://img.pospal.cn/productImages/4656680/ec684358-3725-4e38-84fa-3381b9b1c70e_200x200.jpg,0244205569102,,否,2025-04-14 19:50:22
4656680,旺签关东煮（二食堂）,广东省广州市广软二食堂,17772078140,餐饮行业,10:00-21:00,是,https://img.pospal.cn/storeLogo/c4e3d238-5001-4ce7-83a7-2a40897d243d.jpg,2.0,10.0,0.69,486749760459887234,鱼籽烧,丸子类,2.5,2.5,921.0,否,https://img.pospal.cn/productImages/4656680/f75b1561-e1a0-473e-a45f-9bef20fec165_200x200.jpg,2334888706906,,否,2025-04-14 19:51:30
4656680,旺签关东煮（二食堂）,广东省广州市广软二食堂,17772078140,餐饮行业,10:00-21:00,是,https://img.pospal.cn/storeLogo/c4e3d238-5001-4ce7-83a7-2a40897d243d.jpg,2.0,10.0,0.69,710652210815747255,热狗肠,丸子类,2.0,2.0,999.0,否,https://img.pospal.cn/productImages/4656680/1117d82f-11a1-4b1e-9f1b-e581363461d3_200x200.jpg,2625376134838,,否,2025-04-14 19:52:18
4656680,旺签关东煮（二食堂）,广东省广州市广软二食堂,17772078140,餐饮行业,10:00-21:00,是,https://img.pospal.cn/storeLogo/c4e3d238-5001-4ce7-83a7-2a40897d243d.jpg,2.0,10.0,0.69,861985962309150882,火腿肠,丸子类,1.5,1.5,716.0,否,https://img.pospal.cn/productImages/4656680/5085a287-231c-435a-96e1-20e7ca7cba91_200x200.jpg,2705699878388,,否,2025-04-14 19:52:50
4656680,旺签关东煮（二食堂）,广东省广州市广软二食堂,17772078140,餐饮行业,10:00-21:00,是,https://img.pospal.cn/storeLogo/c4e3d238-5001-4ce7-83a7-2a40897d243d.jpg,2.0,10.0,0.69,614872958098691141,酿豆腐,丸子类,3.0,3.0,999.0,否,https://img.pospal.cn/productImages/4656680/04bcc88a-af54-4237-8429-c04b557bd3ea_200x200.jpg,2156062402899,,否,2025-04-14 19:53:27
4656680,旺签关东煮（二食堂）,广东省广州市广软二食堂,17772078140,餐饮行业,10:00-21:00,是,https://img.pospal.cn/storeLogo/c4e3d238-5001-4ce7-83a7-2a40897d243d.jpg,2.0,10.0,0.69,331878789625368914,龙虾丸,丸子类,3.5,3.5,999.0,否,https://img.pospal.cn/productImages/4656680/9c18b5bc-9319-41a4-9c07-baa8625eabb4_200x200.jpg,2846513067509,,否,2025-04-14 19:54:12
4656680,旺签关东煮（二食堂）,广东省广州市广软二食堂,17772078140,餐饮行业,10:00-21:00,是,https://img.pospal.cn/storeLogo/c4e3d238-5001-4ce7-83a7-2a40897d243d.jpg,2.0,10.0,0.69,58647642426085323,波波肠,丸子类,3.0,3.0,997.0,否,https://img.pospal.cn/productImages/4656680/d8403b25-c0a4-4272-8527-550a533c9ae0_200x200.jpg,2976940473502,,否,2025-04-14 19:54:55
4656680,旺签关东煮（二食堂）,广东省广州市广软二食堂,17772078140,餐饮行业,10:00-21:00,是,https://img.pospal.cn/storeLogo/c4e3d238-5001-4ce7-83a7-2a40897d243d.jpg,2.0,10.0,0.69,680009526821516923,鱼籽福袋,丸子类,3.0,3.0,998.0,否,https://img.pospal.cn/productImages/4656680/139a4433-c948-42b5-9ab9-c2fc37ab05b8_200x200.jpg,0497418293221,,否,2025-04-14 19:55:43
4656680,旺签关东煮（二食堂）,广东省广州市广软二食堂,17772078140,餐饮行业,10:00-21:00,是,https://img.pospal.cn/storeLogo/c4e3d238-5001-4ce7-83a7-2a40897d243d.jpg,2.0,10.0,0.69,705913671134281600,蛋肉饺,丸子类,3.0,3.0,999.0,否,https://img.pospal.cn/productImages/4656680/a0e75628-9ced-4f83-936b-75c4342a5b9a_200x200.jpg,0237708093465,,否,2025-04-14 19:56:12
4656680,旺签关东煮（二食堂）,广东省广州市广软二食堂,17772078140,餐饮行业,10:00-21:00,是,https://img.pospal.cn/storeLogo/c4e3d238-5001-4ce7-83a7-2a40897d243d.jpg,2.0,10.0,0.69,866075525318489047,紫菜卷,丸子类,3.0,3.0,978.0,否,https://img.pospal.cn/productImages/4656680/b64e97e3-bb35-4e48-91b7-a0ffc4bf3213_200x200.jpg,2178232986527,,否,2025-04-14 19:57:04
4656680,旺签关东煮（二食堂）,广东省广州市广软二食堂,17772078140,餐饮行业,10:00-21:00,是,https://img.pospal.cn/storeLogo/c4e3d238-5001-4ce7-83a7-2a40897d243d.jpg,2.0,10.0,0.69,426177894200977366,鸡柳,丸子类,3.0,3.0,999.0,否,https://img.pospal.cn/productImages/4656680/6b51b695-3498-4b1b-a91b-08af2f39c9fb_200x200.jpg,2388540908948,,否,2025-04-14 19:57:35
4656680,旺签关东煮（二食堂）,广东省广州市广软二食堂,17772078140,餐饮行业,10:00-21:00,是,https://img.pospal.cn/storeLogo/c4e3d238-5001-4ce7-83a7-2a40897d243d.jpg,2.0,10.0,0.69,601322219284799963,包心鱼饼,丸子类,3.0,3.0,978.0,否,https://img.pospal.cn/productImages/4656680/5c51c003-2634-4e5b-88d4-ca18c4e035d2_200x200.jpg,2899219997267,,否,2025-04-14 19:58:42
4656680,旺签关东煮（二食堂）,广东省广州市广软二食堂,17772078140,餐饮行业,10:00-21:00,是,https://img.pospal.cn/storeLogo/c4e3d238-5001-4ce7-83a7-2a40897d243d.jpg,2.0,10.0,0.69,759998239824322141,千叶豆腐,丸子类,2.0,2.0,999.0,否,https://img.pospal.cn/productImages/4656680/a2eb4ce1-d07f-41ef-bcc9-c72ab74e2644_200x200.jpg,2529505184506,,否,2025-04-14 19:59:11
4656680,旺签关东煮（二食堂）,广东省广州市广软二食堂,17772078140,餐饮行业,10:00-21:00,是,https://img.pospal.cn/storeLogo/c4e3d238-5001-4ce7-83a7-2a40897d243d.jpg,2.0,10.0,0.69,904594732037565910,迷你燕饺,丸子类,2.0,2.0,994.0,否,https://img.pospal.cn/productImages/4656680/86643aab-adef-4953-9750-2a058cfb9e52_200x200.jpg,2410086481101,,否,2025-04-14 20:00:09
4656680,旺签关东煮（二食堂）,广东省广州市广软二食堂,17772078140,餐饮行业,10:00-21:00,是,https://img.pospal.cn/storeLogo/c4e3d238-5001-4ce7-83a7-2a40897d243d.jpg,2.0,10.0,0.69,712263933270495861,鸭血,丸子类,2.0,2.0,947.0,否,https://img.pospal.cn/productImages/4656680/cba590cf-6c5e-4603-bc68-6ad011c55cc0_200x200.jpg,2660366683569,,否,2025-04-14 20:00:37
4656680,旺签关东煮（二食堂）,广东省广州市广软二食堂,17772078140,餐饮行业,10:00-21:00,是,https://img.pospal.cn/storeLogo/c4e3d238-5001-4ce7-83a7-2a40897d243d.jpg,2.0,10.0,0.69,281507145702467602,鹌鹑蛋,丸子类,3.0,3.0,999.0,否,https://img.pospal.cn/productImages/4656680/f270c574-11f0-47ac-8d7f-770aea78673d_200x200.jpg,2930630017407,,否,2025-04-14 20:01:04
4656680,旺签关东煮（二食堂）,广东省广州市广软二食堂,17772078140,餐饮行业,10:00-21:00,是,https://img.pospal.cn/storeLogo/c4e3d238-5001-4ce7-83a7-2a40897d243d.jpg,2.0,10.0,0.69,236425461205830097,煎蛋,丸子类,2.0,2.0,985.0,否,https://img.pospal.cn/productImages/4656680/93bbe926-fc42-4f54-a9b6-0ff0f4a5992d_200x200.jpg,2072884426687,,否,2025-04-16 11:31:29
4656680,旺签关东煮（二食堂）,广东省广州市广软二食堂,17772078140,餐饮行业,10:00-21:00,是,https://img.pospal.cn/storeLogo/c4e3d238-5001-4ce7-83a7-2a40897d243d.jpg,2.0,10.0,0.69,129195200538016094,嘎嘎香炸蛋,丸子类,3.5,3.5,998.0,否,https://img.pospal.cn/productImages/4656680/e6618339-4690-4754-91f5-1c104893e082_200x200.jpg,2256206354371,,否,2025-05-21 10:30:21
4656680,旺签关东煮（二食堂）,广东省广州市广软二食堂,17772078140,餐饮行业,10:00-21:00,是,https://img.pospal.cn/storeLogo/c4e3d238-5001-4ce7-83a7-2a40897d243d.jpg,2.0,10.0,0.69,682485233102866445,秘制牛杂自带微辣,丸子类,7.0,7.0,999.0,否,https://img.pospal.cn/productImages/4656680/cb52dbd5-1884-445e-9b66-e12deee9bfeb_200x200.jpg,0474052915924,,否,2025-10-25 11:20:08
4656680,旺签关东煮（二食堂）,广东省广州市广软二食堂,17772078140,餐饮行业,10:00-21:00,是,https://img.pospal.cn/storeLogo/c4e3d238-5001-4ce7-83a7-2a40897d243d.jpg,2.0,10.0,0.69,380651896091568839,黄金脆骨肠,丸子类,2.5,2.5,998.0,否,https://img.pospal.cn/productImages/4656680/225b2620-819f-42eb-8c3d-0f197f85ae21_200x200.jpg,2286002587024,,否,2026-04-13 11:23:47
4656680,旺签关东煮（二食堂）,广东省广州市广软二食堂,17772078140,餐饮行业,10:00-21:00,是,https://img.pospal.cn/storeLogo/c4e3d238-5001-4ce7-83a7-2a40897d243d.jpg,2.0,10.0,0.69,748566591766589619,鳕鱼贝柱,丸子类,3.5,3.5,983.0,否,https://img.pospal.cn/productImages/4656680/329e901e-cf0a-41e6-b494-6a939f5f3d8a_200x200.jpg,0459847669930,,否,2026-08-31 17:21:22
4656680,旺签关东煮（二食堂）,广东省广州市广软二食堂,17772078140,餐饮行业,10:00-21:00,是,https://img.pospal.cn/storeLogo/c4e3d238-5001-4ce7-83a7-2a40897d243d.jpg,2.0,10.0,0.69,305473654347368282,肥牛卷,丸子类,1.5,1.5,988.0,否,https://img.pospal.cn/productImages/4656680/1e204fe4-e427-474e-bd62-53a2a3c6a21d_200x200.jpg,0274018484149,,否,2026-09-01 19:17:22
4598579,哆嘻咖啡店（花园咖啡店）,广东省广州市广软学院翠园1号,18024549281,餐饮行业,09:58-21:00,是,https://img.pospal.cn/storeLogo/5b5b903e-884f-46e8-872c-cc52e79576eb.jpg,0,0,0,792780111942128966,热可可,无咖啡因,15.0,15.0,76.0,否,https://img.pospal.cn/productImages/4598579/25ed95a5-c491-41dd-8609-52b18dfeda65_200x200.png,2609101233102,,否,2026-09-10 12:35:17
4598579,哆嘻咖啡店（花园咖啡店）,广东省广州市广软学院翠园1号,18024549281,餐饮行业,09:58-21:00,是,https://img.pospal.cn/storeLogo/5b5b903e-884f-46e8-872c-cc52e79576eb.jpg,0,0,0,973318464398978983,茶布奇诺,无咖啡因,16.0,16.0,87.0,否,https://img.pospal.cn/productImages/4598579/222d128f-61c8-4ce1-baa9-0d3479f75362_200x200.jpg,2609101258495,,否,2026-09-10 13:01:34
4598579,哆嘻咖啡店（花园咖啡店）,广东省广州市广软学院翠园1号,18024549281,餐饮行业,09:58-21:00,是,https://img.pospal.cn/storeLogo/5b5b903e-884f-46e8-872c-cc52e79576eb.jpg,0,0,0,899208033217619151,抹茶鲜牛乳,无咖啡因,18.0,18.0,86.0,否,https://img.pospal.cn/productImages/4598579/51d935a2-018a-4b82-a191-d62c5543e745_200x200.png,2609101301429,,否,2026-09-10 13:05:57
4598579,哆嘻咖啡店（花园咖啡店）,广东省广州市广软学院翠园1号,18024549281,餐饮行业,09:58-21:00,是,https://img.pospal.cn/storeLogo/5b5b903e-884f-46e8-872c-cc52e79576eb.jpg,0,0,0,486961658551503857,生椰抹茶拿铁,无咖啡因,18.0,18.0,75.0,否,https://img.pospal.cn/productImages/4598579/c096e1e5-ae03-4dbf-b21a-530a821b17d3_200x200.jpg,2510082156437,,否,2025-10-08 21:57:00
4598579,哆嘻咖啡店（花园咖啡店）,广东省广州市广软学院翠园1号,18024549281,餐饮行业,09:58-21:00,是,https://img.pospal.cn/storeLogo/5b5b903e-884f-46e8-872c-cc52e79576eb.jpg,0,0,0,10149365562107338,话梅美式,果咖鲜萃,12.0,12.0,87.0,否,https://img.pospal.cn/productImages/4598579/76b55b41-cc63-48cb-9374-e9bb8e8dbd86_200x200.png,2508281142498,,否,2025-08-28 11:43:36
4598579,哆嘻咖啡店（花园咖啡店）,广东省广州市广软学院翠园1号,18024549281,餐饮行业,09:58-21:00,是,https://img.pospal.cn/storeLogo/5b5b903e-884f-46e8-872c-cc52e79576eb.jpg,0,0,0,468408538937792515,话梅美式,果咖鲜萃,14.0,14.0,83.0,否,https://img.pospal.cn/productImages/4598579/9279d65b-1e8e-472e-aa2c-39494ec8ded2_200x200.png,2508281142498-1,,否,2025-08-28 11:43:37
4598579,哆嘻咖啡店（花园咖啡店）,广东省广州市广软学院翠园1号,18024549281,餐饮行业,09:58-21:00,是,https://img.pospal.cn/storeLogo/5b5b903e-884f-46e8-872c-cc52e79576eb.jpg,0,0,0,521693398833705752,椰青美式,果咖鲜萃,13.0,13.0,97.0,否,https://img.pospal.cn/productImages/4598579/432447d4-2e6e-4c84-9c37-642511b10e41_200x200.png,2508281145086,,否,2025-08-28 11:46:12
4598579,哆嘻咖啡店（花园咖啡店）,广东省广州市广软学院翠园1号,18024549281,餐饮行业,09:58-21:00,是,https://img.pospal.cn/storeLogo/5b5b903e-884f-46e8-872c-cc52e79576eb.jpg,0,0,0,99403405953214375,椰青美式,果咖鲜萃,15.0,15.0,97.0,否,https://img.pospal.cn/productImages/4598579/1873a0a6-7c62-4fa3-8021-24a7ada93d27_200x200.png,2508281145086-1,,否,2025-08-28 11:46:12
4598579,哆嘻咖啡店（花园咖啡店）,广东省广州市广软学院翠园1号,18024549281,餐饮行业,09:58-21:00,是,https://img.pospal.cn/storeLogo/5b5b903e-884f-46e8-872c-cc52e79576eb.jpg,0,0,0,236870940983670136,黑加仑美式,果咖鲜萃,13.0,13.0,878.0,否,https://img.pospal.cn/productImages/4598579/2316f1c0-b7ff-44cc-867e-af13087310bb_200x200.jpg,2605231031311,,否,2026-05-23 10:35:31
4598579,哆嘻咖啡店（花园咖啡店）,广东省广州市广软学院翠园1号,18024549281,餐饮行业,09:58-21:00,是,https://img.pospal.cn/storeLogo/5b5b903e-884f-46e8-872c-cc52e79576eb.jpg,0,0,0,819191676497387214,黑加仑美式,果咖鲜萃,15.0,15.0,66.0,否,https://img.pospal.cn/productImages/4598579/2ef31e35-0a8a-4338-ab82-17ee8e926433_200x200.jpg,2605231031311-1,,否,2026-05-23 10:35:31
4598579,哆嘻咖啡店（花园咖啡店）,广东省广州市广软学院翠园1号,18024549281,餐饮行业,09:58-21:00,是,https://img.pospal.cn/storeLogo/5b5b903e-884f-46e8-872c-cc52e79576eb.jpg,0,0,0,944945880716290822,苹果美式,果咖鲜萃,13.0,13.0,87.0,否,https://img.pospal.cn/productImages/4598579/6cccd257-8876-465b-b125-2dbe6b714c80_200x200.png,2609091441556,,否,2026-09-09 14:43:28
4598579,哆嘻咖啡店（花园咖啡店）,广东省广州市广软学院翠园1号,18024549281,餐饮行业,09:58-21:00,是,https://img.pospal.cn/storeLogo/5b5b903e-884f-46e8-872c-cc52e79576eb.jpg,0,0,0,1052693906378349708,苹果美式,果咖鲜萃,15.0,15.0,86.0,否,https://img.pospal.cn/productImages/4598579/6cccd257-8876-465b-b125-2dbe6b714c80_200x200.png,2609091441556-1,,否,2026-09-09 14:44:11
4598579,哆嘻咖啡店（花园咖啡店）,广东省广州市广软学院翠园1号,18024549281,餐饮行业,09:58-21:00,是,https://img.pospal.cn/storeLogo/5b5b903e-884f-46e8-872c-cc52e79576eb.jpg,0,0,0,988819000123997801,冰柑山茶花,当季特调,12.0,12.0,878.0,否,https://img.pospal.cn/productImages/4598579/683b015e-7182-4b4c-b2fe-fc1a75a9415f_200x200.jpg,2606011658537,,否,2026-06-01 17:00:04
4598579,哆嘻咖啡店（花园咖啡店）,广东省广州市广软学院翠园1号,18024549281,餐饮行业,09:58-21:00,是,https://img.pospal.cn/storeLogo/5b5b903e-884f-46e8-872c-cc52e79576eb.jpg,0,0,0,1121776092311571563,苹果美式,当季特调,15.0,15.0,85.0,否,https://img.pospal.cn/productImages/4598579/3be4e100-fd56-44a5-bd0c-ee77c92f5b6d_200x200.png,2606101019484,,否,2026-06-10 10:20:52
4598579,哆嘻咖啡店（花园咖啡店）,广东省广州市广软学院翠园1号,18024549281,餐饮行业,09:58-21:00,是,https://img.pospal.cn/storeLogo/5b5b903e-884f-46e8-872c-cc52e79576eb.jpg,0,0,0,65869090311443692,手作可可冰奶,当季特调,15.0,15.0,848.0,否,https://img.pospal.cn/productImages/4598579/04d56d45-dff0-4c78-b338-43faf29adf60_200x200.png,2606011653389,,否,2026-06-01 16:58:06
4598579,哆嘻咖啡店（花园咖啡店）,广东省广州市广软学院翠园1号,18024549281,餐饮行业,09:58-21:00,是,https://img.pospal.cn/storeLogo/5b5b903e-884f-46e8-872c-cc52e79576eb.jpg,0,0,0,375827683251358759,小桃喜·苹果C,当季特调,15.0,15.0,84.0,否,https://img.pospal.cn/productImages/4598579/d3b7a221-8b35-49a5-b500-f8b6fcdbfb21_200x200.png,2609091751242,,否,2026-09-09 17:52:08
4598579,哆嘻咖啡店（花园咖啡店）,广东省广州市广软学院翠园1号,18024549281,餐饮行业,09:58-21:00,是,https://img.pospal.cn/storeLogo/5b5b903e-884f-46e8-872c-cc52e79576eb.jpg,0,0,0,1070639095013087285,话梅单枞,柠檬茶,12.0,12.0,83.0,否,https://img.pospal.cn/productImages/4598579/7a611e36-c72b-4e0c-a242-21a2a9a62959_200x200.png,2508281211132,,否,2025-08-28 12:11:38
4598579,哆嘻咖啡店（花园咖啡店）,广东省广州市广软学院翠园1号,18024549281,餐饮行业,09:58-21:00,是,https://img.pospal.cn/storeLogo/5b5b903e-884f-46e8-872c-cc52e79576eb.jpg,0,0,0,378767450193532165,鸭屎香柠檬茶,柠檬茶,12.0,12.0,971.0,否,https://img.pospal.cn/productImages/4598579/43d034fa-9151-4b74-a781-4f9fdc7fd525_200x200.png,2508281211415,,否,2025-08-28 12:12:15
4598579,哆嘻咖啡店（花园咖啡店）,广东省广州市广软学院翠园1号,18024549281,餐饮行业,09:58-21:00,是,https://img.pospal.cn/storeLogo/5b5b903e-884f-46e8-872c-cc52e79576eb.jpg,0,0,0,620681782237081221,椰香茉莉柠檬茶,柠檬茶,12.0,12.0,90.0,否,https://img.pospal.cn/productImages/4598579/6336f728-03af-4227-ae42-322a85f54ac1_200x200.jpg,2508281212184,,否,2025-08-28 12:12:51
4598579,哆嘻咖啡店（花园咖啡店）,广东省广州市广软学院翠园1号,18024549281,餐饮行业,09:58-21:00,是,https://img.pospal.cn/storeLogo/5b5b903e-884f-46e8-872c-cc52e79576eb.jpg,0,0,0,919047470039596795,鲜橙柠檬茶,柠檬茶,14.0,14.0,992.0,否,https://img.pospal.cn/productImages/4598579/41116c5b-463a-41a2-a0f2-08f4a74ae7b8_200x200.jpg,2509101742485,,否,2025-09-10 17:43:52
4598579,哆嘻咖啡店（花园咖啡店）,广东省广州市广软学院翠园1号,18024549281,餐饮行业,09:58-21:00,是,https://img.pospal.cn/storeLogo/5b5b903e-884f-46e8-872c-cc52e79576eb.jpg,0,0,0,64843895975607043,美式,经典咖啡,10.0,10.0,976.0,否,https://img.pospal.cn/productImages/4598579/35cbc354-5de1-4f86-a406-6e3aca7a2ec7_200x200.png,2508281141026,,否,2025-08-28 11:42:43
4598579,哆嘻咖啡店（花园咖啡店）,广东省广州市广软学院翠园1号,18024549281,餐饮行业,09:58-21:00,是,https://img.pospal.cn/storeLogo/5b5b903e-884f-46e8-872c-cc52e79576eb.jpg,0,0,0,104979744523298567,美式,经典咖啡,12.0,12.0,966.0,否,https://img.pospal.cn/productImages/4598579/34e64257-5701-4024-8457-f5a8cdc0b6d9_200x200.png,2508281141026-1,,否,2025-08-28 11:42:43
4598579,哆嘻咖啡店（花园咖啡店）,广东省广州市广软学院翠园1号,18024549281,餐饮行业,09:58-21:00,是,https://img.pospal.cn/storeLogo/5b5b903e-884f-46e8-872c-cc52e79576eb.jpg,0,0,0,874790185713080924,拿铁,经典咖啡,13.0,13.0,980.0,否,https://img.pospal.cn/productImages/4598579/192aa1f9-f594-471b-919a-46ba1d1907cb_200x200.png,2508281154392,,否,2025-08-28 11:55:17
4598579,哆嘻咖啡店（花园咖啡店）,广东省广州市广软学院翠园1号,18024549281,餐饮行业,09:58-21:00,是,https://img.pospal.cn/storeLogo/5b5b903e-884f-46e8-872c-cc52e79576eb.jpg,0,0,0,1017866011081819755,拿铁,经典咖啡,15.0,15.0,973.0,否,https://img.pospal.cn/productImages/4598579/ac1c6bcc-2854-44a7-9568-cc04e67e10f0_200x200.png,2508281154392-1,,否,2025-08-28 11:55:17
4598579,哆嘻咖啡店（花园咖啡店）,广东省广州市广软学院翠园1号,18024549281,餐饮行业,09:58-21:00,是,https://img.pospal.cn/storeLogo/5b5b903e-884f-46e8-872c-cc52e79576eb.jpg,0,0,0,873466025801214499,薄荷拿铁,经典咖啡,15.0,15.0,986.0,否,https://img.pospal.cn/productImages/4598579/ceaeb917-0979-4bea-a9b8-d29abdaf5d37_200x200.jpg,2510082154150,,否,2025-10-08 21:54:33
4598579,哆嘻咖啡店（花园咖啡店）,广东省广州市广软学院翠园1号,18024549281,餐饮行业,09:58-21:00,是,https://img.pospal.cn/storeLogo/5b5b903e-884f-46e8-872c-cc52e79576eb.jpg,0,0,0,440414750996973356,薄荷拿铁,经典咖啡,17.0,17.0,979.0,否,https://img.pospal.cn/productImages/4598579/6c4f591a-94c8-4653-a364-bf9be3042838_200x200.jpg,2510082154150-1,,否,2025-10-09 17:41:40
4598579,哆嘻咖啡店（花园咖啡店）,广东省广州市广软学院翠园1号,18024549281,餐饮行业,09:58-21:00,是,https://img.pospal.cn/storeLogo/5b5b903e-884f-46e8-872c-cc52e79576eb.jpg,0,0,0,245456577131387821,生椰拿铁,经典咖啡,16.0,16.0,987.0,否,https://img.pospal.cn/productImages/4598579/699b9138-8a59-46ff-975e-5ad96d8718c7_200x200.png,2508281157317,,否,2025-08-28 11:58:16
4598579,哆嘻咖啡店（花园咖啡店）,广东省广州市广软学院翠园1号,18024549281,餐饮行业,09:58-21:00,是,https://img.pospal.cn/storeLogo/5b5b903e-884f-46e8-872c-cc52e79576eb.jpg,0,0,0,670128746034195788,生椰拿铁,经典咖啡,18.0,18.0,987.0,否,https://img.pospal.cn/productImages/4598579/8466fdaf-2c7d-4c25-a1cb-93e4eb2193d6_200x200.png,2508281157317-1,,否,2025-08-28 11:58:16
4598579,哆嘻咖啡店（花园咖啡店）,广东省广州市广软学院翠园1号,18024549281,餐饮行业,09:58-21:00,是,https://img.pospal.cn/storeLogo/5b5b903e-884f-46e8-872c-cc52e79576eb.jpg,0,0,0,296705927547376050,桂花拿铁,经典咖啡,16.0,16.0,88.0,否,https://img.pospal.cn/productImages/4598579/ecbe2a0c-0061-4cb6-99bb-197eae1f590d_200x200.jpg,2609091722266,,否,2026-09-09 17:26:07
4598579,哆嘻咖啡店（花园咖啡店）,广东省广州市广软学院翠园1号,18024549281,餐饮行业,09:58-21:00,是,https://img.pospal.cn/storeLogo/5b5b903e-884f-46e8-872c-cc52e79576eb.jpg,0,0,0,748566541521362040,桂花拿铁,经典咖啡,18.0,18.0,88.0,否,https://img.pospal.cn/productImages/4598579/ecbe2a0c-0061-4cb6-99bb-197eae1f590d_200x200.jpg,2609091722266-1,,否,2026-09-09 17:26:07
4598579,哆嘻咖啡店（花园咖啡店）,广东省广州市广软学院翠园1号,18024549281,餐饮行业,09:58-21:00,是,https://img.pospal.cn/storeLogo/5b5b903e-884f-46e8-872c-cc52e79576eb.jpg,0,0,0,963311095959404257,OATLY燕麦拿铁,经典咖啡,16.0,16.0,86.0,否,https://img.pospal.cn/productImages/4598579/bd795aaa-263d-4787-a788-6344ce095a98_200x200.png,2609091728169,,否,2026-09-09 17:48:36
4598579,哆嘻咖啡店（花园咖啡店）,广东省广州市广软学院翠园1号,18024549281,餐饮行业,09:58-21:00,是,https://img.pospal.cn/storeLogo/5b5b903e-884f-46e8-872c-cc52e79576eb.jpg,0,0,0,808556136342987899,OATLY燕麦拿铁,经典咖啡,18.0,18.0,87.0,否,https://img.pospal.cn/productImages/4598579/bd795aaa-263d-4787-a788-6344ce095a98_200x200.png,2609091728169-1,,否,2026-09-09 17:48:36
4598579,哆嘻咖啡店（花园咖啡店）,广东省广州市广软学院翠园1号,18024549281,餐饮行业,09:58-21:00,是,https://img.pospal.cn/storeLogo/5b5b903e-884f-46e8-872c-cc52e79576eb.jpg,0,0,0,49826690321679877,摩卡,经典咖啡,12.0,12.0,990.0,否,https://img.pospal.cn/productImages/4598579/a644b8b8-baaf-403f-8f5e-da8f340f51e0_200x200.jpg,2508281155207,,否,2025-08-28 11:55:55
4598579,哆嘻咖啡店（花园咖啡店）,广东省广州市广软学院翠园1号,18024549281,餐饮行业,09:58-21:00,是,https://img.pospal.cn/storeLogo/5b5b903e-884f-46e8-872c-cc52e79576eb.jpg,0,0,0,942295183282045655,摩卡,经典咖啡,18.0,18.0,992.0,否,https://img.pospal.cn/productImages/4598579/f7aa32f5-fa0b-4514-a499-06de5d0372a3_200x200.jpg,2508281155207-1,,否,2025-08-28 11:55:55
4573640,明记港式烧腊（二食堂）,广东省广州市广软学院二食堂,18675961915,餐饮行业,10:00-20:00,是,https://img.pospal.cn/storeLogo/f7dcf4de-f03a-4720-a8eb-db9e5fb393c4.jpg,2.0,10.0,0.69,259276833006314843,双拼,双拼,17.0,17.0,994552.0,否,https://img.pospal.cn/productImages/4573640/43db9614-c6ea-48b6-9a42-82fb53a40b57_200x200.jpg,2505091858489,,否,2025-05-09 18:59:04
4573640,明记港式烧腊（二食堂）,广东省广州市广软学院二食堂,18675961915,餐饮行业,10:00-20:00,是,https://img.pospal.cn/storeLogo/f7dcf4de-f03a-4720-a8eb-db9e5fb393c4.jpg,2.0,10.0,0.69,643672613650700068,卤水肉卷饭,烧腊饭,13.0,13.0,99.0,否,https://img.pospal.cn/productImages/4573640/e721d7eb-635c-4d12-83b9-dfc800b1ade5_200x200.jpg,2505091838252,,否,2025-05-09 18:38:43
4573640,明记港式烧腊（二食堂）,广东省广州市广软学院二食堂,18675961915,餐饮行业,10:00-20:00,是,https://img.pospal.cn/storeLogo/f7dcf4de-f03a-4720-a8eb-db9e5fb393c4.jpg,2.0,10.0,0.69,1082015676485007618,脆皮烧鸭饭,烧腊饭,14.0,14.0,75.0,否,https://img.pospal.cn/productImages/4573640/e136bb67-fe77-4737-857a-44779b9e455f_200x200.jpg,2505091839174,,否,2025-05-09 18:39:37
4573640,明记港式烧腊（二食堂）,广东省广州市广软学院二食堂,18675961915,餐饮行业,10:00-20:00,是,https://img.pospal.cn/storeLogo/f7dcf4de-f03a-4720-a8eb-db9e5fb393c4.jpg,2.0,10.0,0.69,675380510493960940,盐焗手撕鸡饭,烧腊饭,14.0,14.0,56.0,否,https://img.pospal.cn/productImages/4573640/e98321a0-e884-4103-8115-71436f1f47b8_200x200.jpg,2505091839402,,否,2025-05-09 18:39:59
4573640,明记港式烧腊（二食堂）,广东省广州市广软学院二食堂,18675961915,餐饮行业,10:00-20:00,是,https://img.pospal.cn/storeLogo/f7dcf4de-f03a-4720-a8eb-db9e5fb393c4.jpg,2.0,10.0,0.69,863530319079530612,白切鸡饭,烧腊饭,14.0,14.0,96.0,否,https://img.pospal.cn/productImages/4573640/0705e54f-2d49-472d-a2fe-5a7d81041712_200x200.jpg,2505091840026,,否,2025-05-09 18:40:17
4573640,明记港式烧腊（二食堂）,广东省广州市广软学院二食堂,18675961915,餐饮行业,10:00-20:00,是,https://img.pospal.cn/storeLogo/f7dcf4de-f03a-4720-a8eb-db9e5fb393c4.jpg,2.0,10.0,0.69,115047887466001457,豉油鸡饭,烧腊饭,14.0,14.0,95.0,否,https://img.pospal.cn/productImages/4573640/25d010e5-e9ea-4e1e-9fb4-70b5278e1886_200x200.jpg,2505091840194,,否,2025-05-09 18:40:34
4573640,明记港式烧腊（二食堂）,广东省广州市广软学院二食堂,18675961915,餐饮行业,10:00-20:00,是,https://img.pospal.cn/storeLogo/f7dcf4de-f03a-4720-a8eb-db9e5fb393c4.jpg,2.0,10.0,0.69,1036966736215333883,盐焗肾片饭,烧腊饭,14.0,14.0,97.0,否,https://img.pospal.cn/productImages/4573640/1976c0e2-4d13-4849-b604-c35e4d139f41_200x200.jpg,2505091840378,,否,2025-05-09 18:41:15
4573640,明记港式烧腊（二食堂）,广东省广州市广软学院二食堂,18675961915,餐饮行业,10:00-20:00,是,https://img.pospal.cn/storeLogo/f7dcf4de-f03a-4720-a8eb-db9e5fb393c4.jpg,2.0,10.0,0.69,74302862146342263,麻辣手撕鸡饭,烧腊饭,15.0,15.0,85.0,否,https://img.pospal.cn/productImages/4573640/1993daa2-5221-40af-9a92-b3e9aab93107_200x200.jpg,2505091841467,,否,2025-05-09 18:42:10
4573640,明记港式烧腊（二食堂）,广东省广州市广软学院二食堂,18675961915,餐饮行业,10:00-20:00,是,https://img.pospal.cn/storeLogo/f7dcf4de-f03a-4720-a8eb-db9e5fb393c4.jpg,2.0,10.0,0.69,948262454964482320,招牌叉烧饭,烧腊饭,15.0,15.0,76.0,否,https://img.pospal.cn/productImages/4573640/1bf0731a-1189-4e82-92d1-cf58b39b9079_200x200.jpg,2505091842136,,否,2025-05-09 18:42:31
4573640,明记港式烧腊（二食堂）,广东省广州市广软学院二食堂,18675961915,餐饮行业,10:00-20:00,是,https://img.pospal.cn/storeLogo/f7dcf4de-f03a-4720-a8eb-db9e5fb393c4.jpg,2.0,10.0,0.69,429996933373591901,白切鸡腿饭,烧腊饭,16.0,16.0,97.0,否,https://img.pospal.cn/productImages/4573640/a6de6984-c542-4b5d-840c-4960acd1c8e5_200x200.jpg,2505091843164,,否,2025-05-09 18:43:37
4573640,明记港式烧腊（二食堂）,广东省广州市广软学院二食堂,18675961915,餐饮行业,10:00-20:00,是,https://img.pospal.cn/storeLogo/f7dcf4de-f03a-4720-a8eb-db9e5fb393c4.jpg,2.0,10.0,0.69,7994173640148241,豉油鸡腿饭,烧腊饭,16.0,16.0,97.0,否,https://img.pospal.cn/productImages/4573640/924978fb-2990-4d77-a987-b18751f0aeb8_200x200.jpg,2505091843409,,否,2025-05-09 18:43:54
4573640,明记港式烧腊（二食堂）,广东省广州市广软学院二食堂,18675961915,餐饮行业,10:00-20:00,是,https://img.pospal.cn/storeLogo/f7dcf4de-f03a-4720-a8eb-db9e5fb393c4.jpg,2.0,10.0,0.69,837470014398890279,烧鸭腿饭,烧腊饭,16.0,16.0,82.0,否,https://img.pospal.cn/productImages/4573640/6d20cda4-8741-40f2-b41d-920976c51def_200x200.jpg,2505091843577,,否,2025-05-09 18:44:11
4573640,明记港式烧腊（二食堂）,广东省广州市广软学院二食堂,18675961915,餐饮行业,10:00-20:00,是,https://img.pospal.cn/storeLogo/f7dcf4de-f03a-4720-a8eb-db9e5fb393c4.jpg,2.0,10.0,0.69,1039353340830520428,香辣 猪耳（头皮）饭,烧腊饭,13.0,13.0,0.0,是,https://img.pospal.cn/productImages/4573640/bcb1b6ce-2235-4c0a-9ac9-b437653832c8_200x200.jpg,2505091838474,,否,2025-05-09 18:39:13
4573640,明记港式烧腊（二食堂）,广东省广州市广软学院二食堂,18675961915,餐饮行业,10:00-20:00,是,https://img.pospal.cn/storeLogo/f7dcf4de-f03a-4720-a8eb-db9e5fb393c4.jpg,2.0,10.0,0.69,126123139945381491,隆江猪脚饭,烧腊饭,14.0,14.0,-2.0,是,https://img.pospal.cn/productImages/4573640/e427220a-4391-4d88-ac01-34a72ed02439_200x200.jpg,2505091841221,,否,2025-05-09 18:41:40
4573640,明记港式烧腊（二食堂）,广东省广州市广软学院二食堂,18675961915,餐饮行业,10:00-20:00,是,https://img.pospal.cn/storeLogo/f7dcf4de-f03a-4720-a8eb-db9e5fb393c4.jpg,2.0,10.0,0.69,706635598787785939,炭烧猪颈肉饭,烧腊饭,15.0,15.0,0.0,是,https://img.pospal.cn/productImages/4573640/fbf523df-44b9-4a19-891d-5cca2edd3ca1_200x200.jpg,2505091842341,,否,2025-05-09 18:42:53
4573640,明记港式烧腊（二食堂）,广东省广州市广软学院二食堂,18675961915,餐饮行业,10:00-20:00,是,https://img.pospal.cn/storeLogo/f7dcf4de-f03a-4720-a8eb-db9e5fb393c4.jpg,2.0,10.0,0.69,664127562335226961,蜜汁鸡翅饭,烧腊饭,15.0,15.0,-1.0,是,https://img.pospal.cn/productImages/4573640/46dc0710-bb1d-4b09-a132-449dc9a48a18_200x200.jpg,2505091842563,,否,2025-05-09 18:43:13
4573640,明记港式烧腊（二食堂）,广东省广州市广软学院二食堂,18675961915,餐饮行业,10:00-20:00,是,https://img.pospal.cn/storeLogo/f7dcf4de-f03a-4720-a8eb-db9e5fb393c4.jpg,2.0,10.0,0.69,818214859057727863,豉油鸡腿（只）,加料,12.0,12.0,99.0,否,https://img.pospal.cn/productImages/4573640/39f8cbcf-4ab5-4240-ba4c-a8110f2a3305_200x200.jpg,2505091844543,,否,2025-05-09 18:45:27
4573640,明记港式烧腊（二食堂）,广东省广州市广软学院二食堂,18675961915,餐饮行业,10:00-20:00,是,https://img.pospal.cn/storeLogo/f7dcf4de-f03a-4720-a8eb-db9e5fb393c4.jpg,2.0,10.0,0.69,943927815697587193,白切鸡腿（只）,加料,12.0,12.0,99.0,否,https://img.pospal.cn/productImages/4573640/06815fdd-1309-49dc-849e-f5475d2840be_200x200.jpg,2505091845465,,否,2025-05-09 18:46:00
4573640,明记港式烧腊（二食堂）,广东省广州市广软学院二食堂,18675961915,餐饮行业,10:00-20:00,是,https://img.pospal.cn/storeLogo/f7dcf4de-f03a-4720-a8eb-db9e5fb393c4.jpg,2.0,10.0,0.69,601694386944020629,烧鸭腿（只）,加料,12.0,12.0,93.0,否,https://img.pospal.cn/productImages/4573640/88b6a5b9-7088-4fc8-b297-47cc52b75757_200x200.jpg,2505091846035,,否,2025-05-09 18:46:15
4573640,明记港式烧腊（二食堂）,广东省广州市广软学院二食堂,18675961915,餐饮行业,10:00-20:00,是,https://img.pospal.cn/storeLogo/f7dcf4de-f03a-4720-a8eb-db9e5fb393c4.jpg,2.0,10.0,0.69,1069602732124081729,鸡翅（只）,加料,7.0,7.0,0.0,是,https://img.pospal.cn/productImages/4573640/7f4d6d85-8e5f-40c0-ac31-2a3970a8bb1c_200x200.jpg,2505091844314,,否,2025-05-09 18:44:51
4573640,明记港式烧腊（二食堂）,广东省广州市广软学院二食堂,18675961915,餐饮行业,10:00-20:00,是,https://img.pospal.cn/storeLogo/f7dcf4de-f03a-4720-a8eb-db9e5fb393c4.jpg,2.0,10.0,0.69,439746133011161389,现烧现卖,传承经典烧腊美食,99999.0,99999.0,999.0,否,https://img.pospal.cn/productImages/4573640/fefb7fb3-c5e1-450e-9d2b-9bea62b551fb_200x200.jpg,0490907159381,,否,2025-06-11 21:39:20
4573640,明记港式烧腊（二食堂）,广东省广州市广软学院二食堂,18675961915,餐饮行业,10:00-20:00,是,https://img.pospal.cn/storeLogo/f7dcf4de-f03a-4720-a8eb-db9e5fb393c4.jpg,2.0,10.0,0.69,420150263211310850,到店吃免费加饭管饱免费例汤,传承经典烧腊美食,99999.0,99999.0,999.0,否,https://img.pospal.cn/productImages/4573640/9dc5b3f0-e6ad-4ee6-9f9e-9a2b16bcdd49_200x200.jpg,2201642705720,,否,2025-06-11 21:40:31
4573640,明记港式烧腊（二食堂）,广东省广州市广软学院二食堂,18675961915,餐饮行业,10:00-20:00,是,https://img.pospal.cn/storeLogo/f7dcf4de-f03a-4720-a8eb-db9e5fb393c4.jpg,2.0,10.0,0.69,947021784965517768,食过返寻味的经典烧腊美食,传承经典烧腊美食,9999.0,9999.0,999.0,否,https://img.pospal.cn/productImages/4573640/b83620f9-db1c-4674-9570-ae11751c61f4_200x200.jpg,2663211644913,,否,2025-06-11 21:43:58
4573640,明记港式烧腊（二食堂）,广东省广州市广软学院二食堂,18675961915,餐饮行业,10:00-20:00,是,https://img.pospal.cn/storeLogo/f7dcf4de-f03a-4720-a8eb-db9e5fb393c4.jpg,2.0,10.0,0.69,1146240566451118336,新鲜食材不做预制品干净卫生,传承经典烧腊美食,9999.0,9999.0,999.0,否,https://img.pospal.cn/productImages/4573640/4317ef44-40c6-438e-a838-9ef89fac50a7_200x200.jpg,2994551032963,,否,2025-06-11 22:18:17
4542455,邹记面馆（啡比店）,广东省广州市从化区太平镇广从南路548号内（菲比幸福108档）,15267352802,餐饮行业,00:00-23:56,是,https://img.pospal.cn/storeLogo/380b9422-c384-4b99-b52a-edab755e6819.jpg,2.0,10.0,0.69,616283293586760538,热干面,拌粉拌面,8.8,10.0,941.0,否,https://img.pospal.cn/productImages/4542455/4f044eca-f1a3-4101-b07c-e1ab3e5b30a3_200x200.jpeg,2110112126272,,否,2021-10-11 21:26:56
4542455,邹记面馆（啡比店）,广东省广州市从化区太平镇广从南路548号内（菲比幸福108档）,15267352802,餐饮行业,00:00-23:56,是,https://img.pospal.cn/storeLogo/380b9422-c384-4b99-b52a-edab755e6819.jpg,2.0,10.0,0.69,1080826688532053929,葱油拌方便面,拌粉拌面,8.8,10.0,946.0,否,https://img.pospal.cn/productImages/4542455/d8a53891-c98d-4ec3-a117-7894b18b3247_200x200.jpg,2408311439027,,否,2024-08-31 14:39:28
4542455,邹记面馆（啡比店）,广东省广州市从化区太平镇广从南路548号内（菲比幸福108档）,15267352802,餐饮行业,00:00-23:56,是,https://img.pospal.cn/storeLogo/380b9422-c384-4b99-b52a-edab755e6819.jpg,2.0,10.0,0.69,640470873370355484,热干河粉,拌粉拌面,8.8,10.0,994.0,否,https://img.pospal.cn/productImages/0/default/food_200x200.png,2542982321448,,否,2023-09-03 19:23:16
4542455,邹记面馆（啡比店）,广东省广州市从化区太平镇广从南路548号内（菲比幸福108档）,15267352802,餐饮行业,00:00-23:56,是,https://img.pospal.cn/storeLogo/380b9422-c384-4b99-b52a-edab755e6819.jpg,2.0,10.0,0.69,1078030927521829316,卤粉(桂林米粉),拌粉拌面,8.8,10.0,997.0,否,https://img.pospal.cn/productImages/0/default/food_200x200.png,2744592441787,,否,2023-09-03 19:24:35
4542455,邹记面馆（啡比店）,广东省广州市从化区太平镇广从南路548号内（菲比幸福108档）,15267352802,餐饮行业,00:00-23:56,是,https://img.pospal.cn/storeLogo/380b9422-c384-4b99-b52a-edab755e6819.jpg,2.0,10.0,0.69,535576489841873497,香辣南昌拌粉(粗),拌粉拌面,8.8,10.0,983.0,否,https://img.pospal.cn/productImages/0/default/food_200x200.png,2102194639344,,否,2024-09-09 15:46:42
4542455,邹记面馆（啡比店）,广东省广州市从化区太平镇广从南路548号内（菲比幸福108档）,15267352802,餐饮行业,00:00-23:56,是,https://img.pospal.cn/storeLogo/380b9422-c384-4b99-b52a-edab755e6819.jpg,2.0,10.0,0.69,1072311199160217033,卤面碱水面,拌粉拌面,8.8,10.0,993.0,否,https://img.pospal.cn/productImages/0/default/food_200x200.png,2802064251071,,否,2025-11-27 18:42:52
4542455,邹记面馆（啡比店）,广东省广州市从化区太平镇广从南路548号内（菲比幸福108档）,15267352802,餐饮行业,00:00-23:56,是,https://img.pospal.cn/storeLogo/380b9422-c384-4b99-b52a-edab755e6819.jpg,2.0,10.0,0.69,346645895579469920,"葱,油拌碱水面",拌粉拌面,8.8,10.0,993.0,否,https://img.pospal.cn/productImages/4542455/abde713e-4cff-4404-9965-ff80790f7671_200x200.jpg,2451191433593,,否,2026-05-03 14:15:42
4542455,邹记面馆（啡比店）,广东省广州市从化区太平镇广从南路548号内（菲比幸福108档）,15267352802,餐饮行业,00:00-23:56,是,https://img.pospal.cn/storeLogo/380b9422-c384-4b99-b52a-edab755e6819.jpg,2.0,10.0,0.69,796156329111361608,炸酱大碗面,拌粉拌面,8.8,10.0,0.0,是,https://img.pospal.cn/productImages/4542455/d1d5d2a4-bdcf-4f7c-b500-43d51a62c25b_200x200.jpg,2223645231877,,否,2023-09-18 17:52:29
4542455,邹记面馆（啡比店）,广东省广州市从化区太平镇广从南路548号内（菲比幸福108档）,15267352802,餐饮行业,00:00-23:56,是,https://img.pospal.cn/storeLogo/380b9422-c384-4b99-b52a-edab755e6819.jpg,2.0,10.0,0.69,1108243563927423320,香辣南昌拌粉中,拌粉拌面,8.8,10.0,0.0,是,https://img.pospal.cn/productImages/4542455/d62490ef-0353-445a-92d3-38dbd9ea4536_200x200.jpg,2403311146159,,否,2024-03-31 11:46:44
4542455,邹记面馆（啡比店）,广东省广州市从化区太平镇广从南路548号内（菲比幸福108档）,15267352802,餐饮行业,00:00-23:56,是,https://img.pospal.cn/storeLogo/380b9422-c384-4b99-b52a-edab755e6819.jpg,2.0,10.0,0.69,187298386524899650,鸡腿卤粉桂林米粉,拌粉拌面,13.2,15.0,0.0,是,https://img.pospal.cn/productImages/0/default/food_200x200.png,2997021916374,,否,2024-12-08 15:19:27
4542455,邹记面馆（啡比店）,广东省广州市从化区太平镇广从南路548号内（菲比幸福108档）,15267352802,餐饮行业,00:00-23:56,是,https://img.pospal.cn/storeLogo/380b9422-c384-4b99-b52a-edab755e6819.jpg,2.0,10.0,0.69,799752133890334872,炸酱面,炸酱面,10.0,10.0,98.0,否,https://img.pospal.cn/productImages/4542455/31f9c18d-b890-49c7-857a-ea5768063ae8_200x200.jpg,2110112127057,,否,2021-10-11 21:27:54
4542455,邹记面馆（啡比店）,广东省广州市从化区太平镇广从南路548号内（菲比幸福108档）,15267352802,餐饮行业,00:00-23:56,是,https://img.pospal.cn/storeLogo/380b9422-c384-4b99-b52a-edab755e6819.jpg,2.0,10.0,0.69,771496947876206816,炸酱河粉,炸酱面,10.0,10.0,0.0,是,https://img.pospal.cn/productImages/4542455/d20948a7-979f-4ba1-be19-521e7a733160_200x200.jpg,2213052001040,,否,2023-09-03 19:19:54
4542455,邹记面馆（啡比店）,广东省广州市从化区太平镇广从南路548号内（菲比幸福108档）,15267352802,餐饮行业,00:00-23:56,是,https://img.pospal.cn/storeLogo/380b9422-c384-4b99-b52a-edab755e6819.jpg,2.0,10.0,0.69,1020200777562712671,鸡肉炸酱面,炸酱面,13.0,13.0,0.0,是,https://img.pospal.cn/productImages/0/default/food_200x200.png,2476422038675,,否,2025-08-31 18:20:33
4542455,邹记面馆（啡比店）,广东省广州市从化区太平镇广从南路548号内（菲比幸福108档）,15267352802,餐饮行业,00:00-23:56,是,https://img.pospal.cn/storeLogo/380b9422-c384-4b99-b52a-edab755e6819.jpg,2.0,10.0,0.69,325539144026575650,瘦肉炸酱面,炸酱面,13.0,13.0,0.0,是,https://img.pospal.cn/productImages/0/default/food_200x200.png,2381892135024,,否,2025-08-31 18:21:29
4542455,邹记面馆（啡比店）,广东省广州市从化区太平镇广从南路548号内（菲比幸福108档）,15267352802,餐饮行业,00:00-23:56,是,https://img.pospal.cn/storeLogo/380b9422-c384-4b99-b52a-edab755e6819.jpg,2.0,10.0,0.69,904818081281512621,牛腩炸酱面,炸酱面,14.0,14.0,0.0,是,https://img.pospal.cn/productImages/0/default/food_200x200.png,2330952240710,,否,2025-08-31 18:22:34
4542455,邹记面馆（啡比店）,广东省广州市从化区太平镇广从南路548号内（菲比幸福108档）,15267352802,餐饮行业,00:00-23:56,是,https://img.pospal.cn/storeLogo/380b9422-c384-4b99-b52a-edab755e6819.jpg,2.0,10.0,0.69,513265464529846819,瘦肉炸酱大碗面,炸酱面,11.8,11.8,-1.0,是,https://img.pospal.cn/productImages/0/default/food_200x200.png,2978452349566,,否,2025-08-31 18:23:54
4542455,邹记面馆（啡比店）,广东省广州市从化区太平镇广从南路548号内（菲比幸福108档）,15267352802,餐饮行业,00:00-23:56,是,https://img.pospal.cn/storeLogo/380b9422-c384-4b99-b52a-edab755e6819.jpg,2.0,10.0,0.69,662035549604050137,酸辣桂林米粉,酸辣粉,10.0,10.0,988.0,否,https://img.pospal.cn/productImages/0/default/food_200x200.png,2726044406872,,否,2023-12-18 20:43:59
4542455,邹记面馆（啡比店）,广东省广州市从化区太平镇广从南路548号内（菲比幸福108档）,15267352802,餐饮行业,00:00-23:56,是,https://img.pospal.cn/storeLogo/380b9422-c384-4b99-b52a-edab755e6819.jpg,2.0,10.0,0.69,791104066650898288,酸辣粉,酸辣粉,10.0,10.0,0.0,是,https://img.pospal.cn/productImages/4542455/881a0f4a-adbc-4284-9985-82577b14ab3c_200x200.jpg,2112181034441,,否,2021-12-18 10:36:46
4542455,邹记面馆（啡比店）,广东省广州市从化区太平镇广从南路548号内（菲比幸福108档）,15267352802,餐饮行业,00:00-23:56,是,https://img.pospal.cn/storeLogo/380b9422-c384-4b99-b52a-edab755e6819.jpg,2.0,10.0,0.69,1140221970465529698,肠仔炒河粉1,优惠活动,10.56,12.0,950.0,否,https://img.pospal.cn/productImages/4542455/e8d71789-1f66-43f2-9cd6-1e2d842db565_200x200.jpg,2308251555064,,否,2023-08-25 15:56:11
4542455,邹记面馆（啡比店）,广东省广州市从化区太平镇广从南路548号内（菲比幸福108档）,15267352802,餐饮行业,00:00-23:56,是,https://img.pospal.cn/storeLogo/380b9422-c384-4b99-b52a-edab755e6819.jpg,2.0,10.0,0.69,1108626055566305740,肠仔炒方便面,优惠活动,10.56,12.0,787.0,否,https://img.pospal.cn/productImages/4542455/86f60c91-8a61-45a4-9c18-4b72b47e1945_200x200.jpg,2576970553832,,否,2024-08-31 11:05:54
4542455,邹记面馆（啡比店）,广东省广州市从化区太平镇广从南路548号内（菲比幸福108档）,15267352802,餐饮行业,00:00-23:56,是,https://img.pospal.cn/storeLogo/380b9422-c384-4b99-b52a-edab755e6819.jpg,2.0,10.0,0.69,89501917935025143,康师傅冰红茶,优惠活动,1.32,1.5,898.0,否,https://img.pospal.cn/productImages/4542455/bab2ecbd-25de-4a90-bd64-db8a7218422c_200x200.jpg,2412081633011,,否,2024-12-08 16:33:38
4542455,邹记面馆（啡比店）,广东省广州市从化区太平镇广从南路548号内（菲比幸福108档）,15267352802,餐饮行业,00:00-23:56,是,https://img.pospal.cn/storeLogo/380b9422-c384-4b99-b52a-edab755e6819.jpg,2.0,10.0,0.69,231052512655322487,百事可乐,优惠活动,2.64,3.0,939.0,否,https://img.pospal.cn/productImages/0/default/food_200x200.png,2932352400819,,否,2026-05-11 12:24:31
4542455,邹记面馆（啡比店）,广东省广州市从化区太平镇广从南路548号内（菲比幸福108档）,15267352802,餐饮行业,00:00-23:56,是,https://img.pospal.cn/storeLogo/380b9422-c384-4b99-b52a-edab755e6819.jpg,2.0,10.0,0.69,1029576436540067668,微辣卤鸡腿汤面,优惠活动,9.68,11.0,0.0,是,https://img.pospal.cn/productImages/4542455/5cffeaf9-950b-4852-866d-9ad58248198a_200x200.jpg,2350112318424,,否,2026-04-06 18:23:13
4542455,邹记面馆（啡比店）,广东省广州市从化区太平镇广从南路548号内（菲比幸福108档）,15267352802,餐饮行业,00:00-23:56,是,https://img.pospal.cn/storeLogo/380b9422-c384-4b99-b52a-edab755e6819.jpg,2.0,10.0,0.69,688098716855960141,卤鸡腿汤粉,优惠活动,9.68,11.0,0.0,是,https://img.pospal.cn/productImages/4542455/21db2b15-3152-4ab5-9f0b-51854a67d196_200x200.jpg,2189512458870,,否,2026-04-06 18:24:53
4542455,邹记面馆（啡比店）,广东省广州市从化区太平镇广从南路548号内（菲比幸福108档）,15267352802,餐饮行业,00:00-23:56,是,https://img.pospal.cn/storeLogo/380b9422-c384-4b99-b52a-edab755e6819.jpg,2.0,10.0,0.69,313687350259348222,鸡蛋粉,汤粉类,9.8,9.8,996.0,否,https://img.pospal.cn/productImages/4542455/af60ad5a-a0de-4aa1-8f0c-7945fed092c7_200x200.jpg,2408311410262,,否,2024-08-31 14:10:50
4542455,邹记面馆（啡比店）,广东省广州市从化区太平镇广从南路548号内（菲比幸福108档）,15267352802,餐饮行业,00:00-23:56,是,https://img.pospal.cn/storeLogo/380b9422-c384-4b99-b52a-edab755e6819.jpg,2.0,10.0,0.69,92657404165055501,榨菜肉丝粉,汤粉类,11.0,11.0,996.0,否,https://img.pospal.cn/productImages/4542455/0e90208b-da20-4b8b-a455-ffcac9ff17d3_200x200.jpg,2408311410538,,否,2024-08-31 14:11:05
4542455,邹记面馆（啡比店）,广东省广州市从化区太平镇广从南路548号内（菲比幸福108档）,15267352802,餐饮行业,00:00-23:56,是,https://img.pospal.cn/storeLogo/380b9422-c384-4b99-b52a-edab755e6819.jpg,2.0,10.0,0.69,1050081279538510434,鸡肉粉,汤粉类,11.0,11.0,9998.0,否,https://img.pospal.cn/productImages/0/default/food_200x200.png,2408311411078,,否,2024-08-31 14:11:16
4542455,邹记面馆（啡比店）,广东省广州市从化区太平镇广从南路548号内（菲比幸福108档）,15267352802,餐饮行业,00:00-23:56,是,https://img.pospal.cn/storeLogo/380b9422-c384-4b99-b52a-edab755e6819.jpg,2.0,10.0,0.69,500743017082911081,潮汕肉饼粉,汤粉类,11.0,11.0,969.0,否,https://img.pospal.cn/productImages/4542455/59417a99-2113-4bd8-ba5f-e0f32ed3ed18_200x200.jpg,2408311411306,,否,2024-08-31 14:11:40
4542455,邹记面馆（啡比店）,广东省广州市从化区太平镇广从南路548号内（菲比幸福108档）,15267352802,餐饮行业,00:00-23:56,是,https://img.pospal.cn/storeLogo/380b9422-c384-4b99-b52a-edab755e6819.jpg,2.0,10.0,0.69,205837717899764008,青菜汤粉,汤粉类,8.0,8.0,991.0,否,https://img.pospal.cn/productImages/4542455/9a57e6b1-9ed2-41f8-a981-53cdf1f1d6df_200x200.jpg,2408311418596,,否,2024-08-31 14:20:46
4542455,邹记面馆（啡比店）,广东省广州市从化区太平镇广从南路548号内（菲比幸福108档）,15267352802,餐饮行业,00:00-23:56,是,https://img.pospal.cn/storeLogo/380b9422-c384-4b99-b52a-edab755e6819.jpg,2.0,10.0,0.69,628949740363769079,榨菜肉丝汤粉1,汤粉类,11.0,11.0,994.0,否,https://img.pospal.cn/productImages/0/default/food_200x200.png,2408311439379,,否,2024-08-31 14:40:39
4542455,邹记面馆（啡比店）,广东省广州市从化区太平镇广从南路548号内（菲比幸福108档）,15267352802,餐饮行业,00:00-23:56,是,https://img.pospal.cn/storeLogo/380b9422-c384-4b99-b52a-edab755e6819.jpg,2.0,10.0,0.69,695930109451126793,鲜肉牛筋丸汤粉,汤粉类,13.8,13.8,832.0,否,https://img.pospal.cn/productImages/4542455/7f4ed193-51b9-4ae2-9191-41430859c014_200x200.jpg,0400254443927,,否,2024-09-05 20:44:37
4542455,邹记面馆（啡比店）,广东省广州市从化区太平镇广从南路548号内（菲比幸福108档）,15267352802,餐饮行业,00:00-23:56,是,https://img.pospal.cn/storeLogo/380b9422-c384-4b99-b52a-edab755e6819.jpg,2.0,10.0,0.69,510480810973430139,鲜肉汤粉,汤粉类,11.8,11.8,269.0,否,https://img.pospal.cn/productImages/4542455/29612d09-01c7-41aa-9f68-f5cde513d288_200x200.jpg,2465052322223,,否,2024-09-06 17:23:17
4542455,邹记面馆（啡比店）,广东省广州市从化区太平镇广从南路548号内（菲比幸福108档）,15267352802,餐饮行业,00:00-23:56,是,https://img.pospal.cn/storeLogo/380b9422-c384-4b99-b52a-edab755e6819.jpg,2.0,10.0,0.69,98784911409270220,鲜肉肉饼汤粉,汤粉类,12.8,12.8,896.0,否,https://img.pospal.cn/productImages/4542455/335e04ca-be5f-4099-abe1-740d88fd9c6d_200x200.jpg,2504011055298,,否,2025-04-01 10:57:47
4542455,邹记面馆（啡比店）,广东省广州市从化区太平镇广从南路548号内（菲比幸福108档）,15267352802,餐饮行业,00:00-23:56,是,https://img.pospal.cn/storeLogo/380b9422-c384-4b99-b52a-edab755e6819.jpg,2.0,10.0,0.69,314342750286002897,红烧牛腩粉（中份）,汤粉类,12.8,12.8,0.0,是,https://img.pospal.cn/productImages/4542455/668f5348-a46c-4f43-9644-8766b9bd5911_200x200.jpg,2408311412297,,否,2024-08-31 14:12:47
4542455,邹记面馆（啡比店）,广东省广州市从化区太平镇广从南路548号内（菲比幸福108档）,15267352802,餐饮行业,00:00-23:56,是,https://img.pospal.cn/storeLogo/380b9422-c384-4b99-b52a-edab755e6819.jpg,2.0,10.0,0.69,954253702115524236,红烧牛腩粉（大份）,汤粉类,16.8,16.8,0.0,是,https://img.pospal.cn/productImages/4542455/90946ae5-4c38-4fa8-80e9-a2ead2b9e85c_200x200.jpg,2408311413096,,否,2024-08-31 14:13:11
4542455,邹记面馆（啡比店）,广东省广州市从化区太平镇广从南路548号内（菲比幸福108档）,15267352802,餐饮行业,00:00-23:56,是,https://img.pospal.cn/storeLogo/380b9422-c384-4b99-b52a-edab755e6819.jpg,2.0,10.0,0.69,143862308499918227,清汤牛腩粉（中份）,汤粉类,12.8,12.8,0.0,是,https://img.pospal.cn/productImages/4542455/906283de-862f-4d31-8a13-63d03678d29f_200x200.jpg,2408311411429,,否,2024-08-31 14:12:02
4542455,邹记面馆（啡比店）,广东省广州市从化区太平镇广从南路548号内（菲比幸福108档）,15267352802,餐饮行业,00:00-23:56,是,https://img.pospal.cn/storeLogo/380b9422-c384-4b99-b52a-edab755e6819.jpg,2.0,10.0,0.69,678838989945904248,清汤牛腩粉（大份）,汤粉类,16.8,16.8,0.0,是,https://img.pospal.cn/productImages/4542455/d4d43527-f63b-4bd2-9812-5b9e3de510cc_200x200.jpg,2408311412075,,否,2024-08-31 14:12:25
4542455,邹记面馆（啡比店）,广东省广州市从化区太平镇广从南路548号内（菲比幸福108档）,15267352802,餐饮行业,00:00-23:56,是,https://img.pospal.cn/storeLogo/380b9422-c384-4b99-b52a-edab755e6819.jpg,2.0,10.0,0.69,898197979465501797,排骨粉,汤粉类,11.0,11.0,0.0,是,https://img.pospal.cn/productImages/0/default/food_200x200.png,2408311411184,,否,2024-08-31 14:11:28
4542455,邹记面馆（啡比店）,广东省广州市从化区太平镇广从南路548号内（菲比幸福108档）,15267352802,餐饮行业,00:00-23:56,是,https://img.pospal.cn/storeLogo/380b9422-c384-4b99-b52a-edab755e6819.jpg,2.0,10.0,0.69,369488903880746793,五谷鱼粉,汤粉类,13.0,13.0,0.0,是,https://img.pospal.cn/productImages/0/default/food_200x200.png,2309251057534,,否,2023-09-25 10:58:24
4542455,邹记面馆（啡比店）,广东省广州市从化区太平镇广从南路548号内（菲比幸福108档）,15267352802,餐饮行业,00:00-23:56,是,https://img.pospal.cn/storeLogo/380b9422-c384-4b99-b52a-edab755e6819.jpg,2.0,10.0,0.69,827307773707039811,炒饭,炒类,10.0,10.0,726.0,否,https://img.pospal.cn/productImages/4542455/2c5bcfcf-8317-4575-988d-f1c11f3ce874_200x200.jpeg,2110112118420,,否,2021-10-11 21:19:10
4542455,邹记面馆（啡比店）,广东省广州市从化区太平镇广从南路548号内（菲比幸福108档）,15267352802,餐饮行业,00:00-23:56,是,https://img.pospal.cn/storeLogo/380b9422-c384-4b99-b52a-edab755e6819.jpg,2.0,10.0,0.69,542650173032194099,炒米粉,炒类,10.0,10.0,563.0,否,https://img.pospal.cn/productImages/4542455/48ab9367-f62c-4232-aabd-fd5d0c1b78fb_200x200.jpeg,2110112119403,,否,2021-10-11 21:20:03
4542455,邹记面馆（啡比店）,广东省广州市从化区太平镇广从南路548号内（菲比幸福108档）,15267352802,餐饮行业,00:00-23:56,是,https://img.pospal.cn/storeLogo/380b9422-c384-4b99-b52a-edab755e6819.jpg,2.0,10.0,0.69,726025587051747320,炒面,炒类,10.0,10.0,974.0,否,https://img.pospal.cn/productImages/4542455/f1851ec7-d40f-42f1-b0a0-caae13dd3537_200x200.jpeg,2110112118109,,否,2021-10-11 21:18:35
4542455,邹记面馆（啡比店）,广东省广州市从化区太平镇广从南路548号内（菲比幸福108档）,15267352802,餐饮行业,00:00-23:56,是,https://img.pospal.cn/storeLogo/380b9422-c384-4b99-b52a-edab755e6819.jpg,2.0,10.0,0.69,9262745295389032,肠仔炒米粉,炒类,12.0,12.0,940.0,否,https://img.pospal.cn/productImages/4542455/292681cc-4b19-4a03-8977-84d98c8a23d0_200x200.jpeg,2110112119168,,否,2021-10-11 21:19:35
4542455,邹记面馆（啡比店）,广东省广州市从化区太平镇广从南路548号内（菲比幸福108档）,15267352802,餐饮行业,00:00-23:56,是,https://img.pospal.cn/storeLogo/380b9422-c384-4b99-b52a-edab755e6819.jpg,2.0,10.0,0.69,47005184756250475,南昌炒粉,炒类,10.0,10.0,939.0,否,https://img.pospal.cn/productImages/4542455/fdddb8a3-1b97-4e53-96ee-678fd77e9bcb_200x200.jpeg,2110112120072,,否,2021-10-11 21:20:26
4542455,邹记面馆（啡比店）,广东省广州市从化区太平镇广从南路548号内（菲比幸福108档）,15267352802,餐饮行业,00:00-23:56,是,https://img.pospal.cn/storeLogo/380b9422-c384-4b99-b52a-edab755e6819.jpg,2.0,10.0,0.69,35640768997441782,老干妈炒饭,炒类,12.0,12.0,981.0,否,https://img.pospal.cn/productImages/4542455/8d528cd1-e8dc-48f2-8382-73f5d9d64482_200x200.jpeg,2208241433368,,否,2022-08-24 14:35:03
4542455,邹记面馆（啡比店）,广东省广州市从化区太平镇广从南路548号内（菲比幸福108档）,15267352802,餐饮行业,00:00-23:56,是,https://img.pospal.cn/storeLogo/380b9422-c384-4b99-b52a-edab755e6819.jpg,2.0,10.0,0.69,536834049127086507,炒方便面,炒类,10.0,10.0,951.0,否,https://img.pospal.cn/productImages/4542455/51252acd-1846-472d-a956-bb182e02579e_200x200.png,0296990747791,,否,2023-09-09 21:07:45
4542455,邹记面馆（啡比店）,广东省广州市从化区太平镇广从南路548号内（菲比幸福108档）,15267352802,餐饮行业,00:00-23:56,是,https://img.pospal.cn/storeLogo/380b9422-c384-4b99-b52a-edab755e6819.jpg,2.0,10.0,0.69,1054192180550216755,炒饭2,炒类,10.0,10.0,994.0,否,https://img.pospal.cn/productImages/4542455/53ea1daa-dc43-4d86-8d17-a8c0e9b11f5a_200x200.jpg,2615923304944,,否,2024-03-02 13:33:04
4542455,邹记面馆（啡比店）,广东省广州市从化区太平镇广从南路548号内（菲比幸福108档）,15267352802,餐饮行业,00:00-23:56,是,https://img.pospal.cn/storeLogo/380b9422-c384-4b99-b52a-edab755e6819.jpg,2.0,10.0,0.69,484936727039994872,老干妈炒方便面,炒类,12.0,12.0,976.0,否,https://img.pospal.cn/productImages/4542455/a2c0cc05-deb3-49d3-8d19-b3b5e6194d63_200x200.png,2800892902028,,否,2024-03-02 14:29:00
4542455,邹记面馆（啡比店）,广东省广州市从化区太平镇广从南路548号内（菲比幸福108档）,15267352802,餐饮行业,00:00-23:56,是,https://img.pospal.cn/storeLogo/380b9422-c384-4b99-b52a-edab755e6819.jpg,2.0,10.0,0.69,309169532633812029,炒河粉拼米粉,炒类,10.0,10.0,975.0,否,https://img.pospal.cn/productImages/4542455/b11c9d66-83f1-4b68-8cfa-a19f069a2a65_200x200.png,2065511039237,,否,2024-03-27 16:10:34
4542455,邹记面馆（啡比店）,广东省广州市从化区太平镇广从南路548号内（菲比幸福108档）,15267352802,餐饮行业,00:00-23:56,是,https://img.pospal.cn/storeLogo/380b9422-c384-4b99-b52a-edab755e6819.jpg,2.0,10.0,0.69,924618687946678981,肉饼炒饭,炒类,13.0,13.0,997.0,否,https://img.pospal.cn/productImages/4542455/2869e7fe-1a66-46c5-a35d-4111366ea462_200x200.jpg,2601350021660,,否,2025-03-30 18:00:17
4542455,邹记面馆（啡比店）,广东省广州市从化区太平镇广从南路548号内（菲比幸福108档）,15267352802,餐饮行业,00:00-23:56,是,https://img.pospal.cn/storeLogo/380b9422-c384-4b99-b52a-edab755e6819.jpg,2.0,10.0,0.69,336909655729092580,老干妈广州炒面,炒类,14.0,14.0,995.0,否,https://img.pospal.cn/productImages/4542455/82c29c45-98d2-47cc-94f4-182af216f71e_200x200.png,2504301303382,,否,2025-04-30 13:05:17
4542455,邹记面馆（啡比店）,广东省广州市从化区太平镇广从南路548号内（菲比幸福108档）,15267352802,餐饮行业,00:00-23:56,是,https://img.pospal.cn/storeLogo/380b9422-c384-4b99-b52a-edab755e6819.jpg,2.0,10.0,0.69,207817465984841377,炒河粉,炒类,10.0,10.0,953.0,否,https://img.pospal.cn/productImages/0/default/food_200x200.png,0279490136388,,否,2025-06-13 18:01:43
4542455,邹记面馆（啡比店）,广东省广州市从化区太平镇广从南路548号内（菲比幸福108档）,15267352802,餐饮行业,00:00-23:56,是,https://img.pospal.cn/storeLogo/380b9422-c384-4b99-b52a-edab755e6819.jpg,2.0,10.0,0.69,631434372804581009,鸡肉面,汤面类,11.0,11.0,994.0,否,https://img.pospal.cn/productImages/4542455/3ec37c30-9e18-4da9-8394-8371c1594f44_200x200.jpeg,2203122205041,,否,2022-03-12 22:11:24
4542455,邹记面馆（啡比店）,广东省广州市从化区太平镇广从南路548号内（菲比幸福108档）,15267352802,餐饮行业,00:00-23:56,是,https://img.pospal.cn/storeLogo/380b9422-c384-4b99-b52a-edab755e6819.jpg,2.0,10.0,0.69,205342877152352671,榨菜肉丝面,汤面类,11.0,11.0,9995.0,否,https://img.pospal.cn/productImages/4542455/95a56de6-158b-40c1-93af-842855df8ed7_200x200.jpeg,2203122211332,,否,2022-03-12 22:13:17
4542455,邹记面馆（啡比店）,广东省广州市从化区太平镇广从南路548号内（菲比幸福108档）,15267352802,餐饮行业,00:00-23:56,是,https://img.pospal.cn/storeLogo/380b9422-c384-4b99-b52a-edab755e6819.jpg,2.0,10.0,0.69,567104109256022909,潮汕肉饼汤面,汤面类,11.0,11.0,972.0,否,https://img.pospal.cn/productImages/4542455/d59e7dd1-a661-4469-b704-443458cf5b36_200x200.jpg,2577210101639,,否,2023-09-12 16:00:57
4542455,邹记面馆（啡比店）,广东省广州市从化区太平镇广从南路548号内（菲比幸福108档）,15267352802,餐饮行业,00:00-23:56,是,https://img.pospal.cn/storeLogo/380b9422-c384-4b99-b52a-edab755e6819.jpg,2.0,10.0,0.69,138964520004298490,鲜肉汤面,汤面类,11.8,11.8,141.0,否,https://img.pospal.cn/productImages/4542455/2ddbe923-da72-4378-97fd-c282afc639b2_200x200.jpg,2538511008133,,否,2023-09-18 13:10:08
4542455,邹记面馆（啡比店）,广东省广州市从化区太平镇广从南路548号内（菲比幸福108档）,15267352802,餐饮行业,00:00-23:56,是,https://img.pospal.cn/storeLogo/380b9422-c384-4b99-b52a-edab755e6819.jpg,2.0,10.0,0.69,470081517030567679,鸡蛋面,汤面类,9.8,9.8,993.0,否,https://img.pospal.cn/productImages/4542455/db24e042-38da-4503-b263-fa35fe20539e_200x200.jpg,2408311429424,,否,2024-08-31 14:29:56
4542455,邹记面馆（啡比店）,广东省广州市从化区太平镇广从南路548号内（菲比幸福108档）,15267352802,餐饮行业,00:00-23:56,是,https://img.pospal.cn/storeLogo/380b9422-c384-4b99-b52a-edab755e6819.jpg,2.0,10.0,0.69,1056812496549950436,青菜面,汤面类,8.0,8.0,991.0,否,https://img.pospal.cn/productImages/4542455/11f3d0cf-a7c5-4fdf-bf8f-e215d89c8232_200x200.jpg,2408311430024,,否,2024-08-31 14:30:13
4542455,邹记面馆（啡比店）,广东省广州市从化区太平镇广从南路548号内（菲比幸福108档）,15267352802,餐饮行业,00:00-23:56,是,https://img.pospal.cn/storeLogo/380b9422-c384-4b99-b52a-edab755e6819.jpg,2.0,10.0,0.69,345522459380455314,鲜肉牛筋丸汤面,汤面类,13.8,13.8,939.0,否,https://img.pospal.cn/productImages/4542455/08d768f4-7939-462d-a53d-8e4b57047447_200x200.jpg,2442994750864,,否,2024-09-05 20:47:43
4542455,邹记面馆（啡比店）,广东省广州市从化区太平镇广从南路548号内（菲比幸福108档）,15267352802,餐饮行业,00:00-23:56,是,https://img.pospal.cn/storeLogo/380b9422-c384-4b99-b52a-edab755e6819.jpg,2.0,10.0,0.69,263287425104282519,牛腩面清汤,汤面类,12.8,12.8,0.0,是,https://img.pospal.cn/productImages/4542455/b7664f20-9584-43e0-a71d-df89336b0e5b_200x200.jpeg,2203122158507,,否,2022-03-12 22:01:00
4542455,邹记面馆（啡比店）,广东省广州市从化区太平镇广从南路548号内（菲比幸福108档）,15267352802,餐饮行业,00:00-23:56,是,https://img.pospal.cn/storeLogo/380b9422-c384-4b99-b52a-edab755e6819.jpg,2.0,10.0,0.69,98135228674850298,红烧牛腩面（大份）微辣,汤面类,16.8,16.8,0.0,是,https://img.pospal.cn/productImages/4542455/40233ad0-540e-4a23-8681-42c40bc6dc85_200x200.jpg,2408311430215,,否,2024-08-31 14:30:45
4542455,邹记面馆（啡比店）,广东省广州市从化区太平镇广从南路548号内（菲比幸福108档）,15267352802,餐饮行业,00:00-23:56,是,https://img.pospal.cn/storeLogo/380b9422-c384-4b99-b52a-edab755e6819.jpg,2.0,10.0,0.69,280794018566489634,红烧牛腩面  微辣,汤面类,12.8,12.8,0.0,是,https://img.pospal.cn/productImages/4542455/b70562f4-9e6c-4fb7-996e-8aef606e7aeb_200x200.jpg,2477850908264,,否,2024-03-02 11:09:08
4542455,邹记面馆（啡比店）,广东省广州市从化区太平镇广从南路548号内（菲比幸福108档）,15267352802,餐饮行业,00:00-23:56,是,https://img.pospal.cn/storeLogo/380b9422-c384-4b99-b52a-edab755e6819.jpg,2.0,10.0,0.69,1050494354609359959,排骨面,汤面类,11.0,11.0,0.0,是,https://img.pospal.cn/productImages/4542455/f8307c85-0577-47f7-9fd0-874c806c4e77_200x200.jpeg,2203122202248,,否,2022-03-12 22:04:12
4542455,邹记面馆（啡比店）,广东省广州市从化区太平镇广从南路548号内（菲比幸福108档）,15267352802,餐饮行业,00:00-23:56,是,https://img.pospal.cn/storeLogo/380b9422-c384-4b99-b52a-edab755e6819.jpg,2.0,10.0,0.69,1116108567316126478,清汤牛腩面大份,汤面类,16.8,16.8,0.0,是,https://img.pospal.cn/productImages/4542455/1c22400d-226a-4315-b33e-bdbc55e22af3_200x200.jpg,2408311430499,,否,2024-08-31 14:31:02
4542455,邹记面馆（啡比店）,广东省广州市从化区太平镇广从南路548号内（菲比幸福108档）,15267352802,餐饮行业,00:00-23:56,是,https://img.pospal.cn/storeLogo/380b9422-c384-4b99-b52a-edab755e6819.jpg,2.0,10.0,0.69,683270779713241490,热干面,早餐特价,8.8,8.8,999.0,否,https://img.pospal.cn/productImages/0/default/food_200x200.png,2917495759079,,否,2025-09-07 10:57:59
4542455,邹记面馆（啡比店）,广东省广州市从化区太平镇广从南路548号内（菲比幸福108档）,15267352802,餐饮行业,00:00-23:56,是,https://img.pospal.cn/storeLogo/380b9422-c384-4b99-b52a-edab755e6819.jpg,2.0,10.0,0.69,834063537809882920,香辣南昌拌粉,早餐特价,8.8,8.8,997.0,否,https://img.pospal.cn/productImages/4542455/31cee18f-fab2-4324-a199-4eda25dcfbfb_200x200.jpg,2673910206039,,否,2024-11-17 18:02:03
4542455,邹记面馆（啡比店）,广东省广州市从化区太平镇广从南路548号内（菲比幸福108档）,15267352802,餐饮行业,00:00-23:56,是,https://img.pospal.cn/storeLogo/380b9422-c384-4b99-b52a-edab755e6819.jpg,2.0,10.0,0.69,114633239391833428,粉,早餐特价,16.0,16.0,0.0,是,https://img.pospal.cn/productImages/0/default/food_200x200.png,2309251115142,,否,2023-09-25 11:15:41
4542455,邹记面馆（啡比店）,广东省广州市从化区太平镇广从南路548号内（菲比幸福108档）,15267352802,餐饮行业,00:00-23:56,是,https://img.pospal.cn/storeLogo/380b9422-c384-4b99-b52a-edab755e6819.jpg,2.0,10.0,0.69,420743886668885255,1,早餐特价,17.8,17.8,0.0,是,https://img.pospal.cn/productImages/0/default/food_200x200.png,2408311437580,,否,2024-08-31 14:38:53
4542455,邹记面馆（啡比店）,广东省广州市从化区太平镇广从南路548号内（菲比幸福108档）,15267352802,餐饮行业,00:00-23:56,是,https://img.pospal.cn/storeLogo/380b9422-c384-4b99-b52a-edab755e6819.jpg,2.0,10.0,0.69,612123420520507239,香辣拌土豆粉,早餐特价,10.0,10.0,0.0,是,https://img.pospal.cn/productImages/4542455/1cdbcc8c-c896-4d6a-8e93-946eb47822ba_200x200.jpg,2408311440436,,否,2024-08-31 14:41:18
4542455,邹记面馆（啡比店）,广东省广州市从化区太平镇广从南路548号内（菲比幸福108档）,15267352802,餐饮行业,00:00-23:56,是,https://img.pospal.cn/storeLogo/380b9422-c384-4b99-b52a-edab755e6819.jpg,2.0,10.0,0.69,65995189170856250,鱼,早餐特价,12.0,12.0,0.0,是,https://img.pospal.cn/productImages/0/default/food_200x200.png,2695251744377,,否,2024-08-31 16:17:50
4542455,邹记面馆（啡比店）,广东省广州市从化区太平镇广从南路548号内（菲比幸福108档）,15267352802,餐饮行业,00:00-23:56,是,https://img.pospal.cn/storeLogo/380b9422-c384-4b99-b52a-edab755e6819.jpg,2.0,10.0,0.69,819116457747118634,特色汤粉,早餐特价,11.8,11.8,0.0,是,https://img.pospal.cn/productImages/4542455/43e4470a-862e-4966-a4f8-aac076841a60_200x200.jpg,2111560647234,,否,2025-06-13 14:06:48
4542455,邹记面馆（啡比店）,广东省广州市从化区太平镇广从南路548号内（菲比幸福108档）,15267352802,餐饮行业,00:00-23:56,是,https://img.pospal.cn/storeLogo/380b9422-c384-4b99-b52a-edab755e6819.jpg,2.0,10.0,0.69,805250446977998552,重庆肉丝面微辣,早餐特价,11.8,11.8,0.0,是,https://img.pospal.cn/productImages/4542455/bc2e25cc-3c2b-40d0-8319-f40872945e18_200x200.jpg,0265213214136,,否,2023-10-06 13:32:14
4542455,邹记面馆（啡比店）,广东省广州市从化区太平镇广从南路548号内（菲比幸福108档）,15267352802,餐饮行业,00:00-23:56,是,https://img.pospal.cn/storeLogo/380b9422-c384-4b99-b52a-edab755e6819.jpg,2.0,10.0,0.69,1075334861106841182,10.30前不配送,早餐特价,2.0,2.0,0.0,是,https://img.pospal.cn/productImages/0/default/food_200x200.png,0282090916793,,否,2025-06-13 14:09:25
4542455,邹记面馆（啡比店）,广东省广州市从化区太平镇广从南路548号内（菲比幸福108档）,15267352802,餐饮行业,00:00-23:56,是,https://img.pospal.cn/storeLogo/380b9422-c384-4b99-b52a-edab755e6819.jpg,2.0,10.0,0.69,1064986682856628752,棒子骨农家汤粉,早餐特价,11.8,11.8,0.0,是,https://img.pospal.cn/productImages/0/default/food_200x200.png,2801560727554,,否,2025-03-30 18:07:22
4542455,邹记面馆（啡比店）,广东省广州市从化区太平镇广从南路548号内（菲比幸福108档）,15267352802,餐饮行业,00:00-23:56,是,https://img.pospal.cn/storeLogo/380b9422-c384-4b99-b52a-edab755e6819.jpg,2.0,10.0,0.69,155865256913237775,小二客服13126466297,小二客服,0.1,0.1,99995.0,否,https://img.pospal.cn/productImages/0/default/food_200x200.png,2410071409097,,否,2024-10-07 14:10:00
4542455,邹记面馆（啡比店）,广东省广州市从化区太平镇广从南路548号内（菲比幸福108档）,15267352802,餐饮行业,00:00-23:56,是,https://img.pospal.cn/storeLogo/380b9422-c384-4b99-b52a-edab755e6819.jpg,2.0,10.0,0.69,925514246508901818,招兼职、15267352802,小二客服,0.1,0.1,999.0,否,https://img.pospal.cn/productImages/0/default/food_200x200.png,2410071410109,,否,2024-10-07 14:10:50
4542455,邹记面馆（啡比店）,广东省广州市从化区太平镇广从南路548号内（菲比幸福108档）,15267352802,餐饮行业,00:00-23:56,是,https://img.pospal.cn/storeLogo/380b9422-c384-4b99-b52a-edab755e6819.jpg,2.0,10.0,0.69,950137804620043388,10:30起正常配送,小二客服,0.1,0.1,999.0,否,https://img.pospal.cn/productImages/0/default/food_200x200.png,0248925218128,,否,2024-10-07 15:52:14
4542455,邹记面馆（啡比店）,广东省广州市从化区太平镇广从南路548号内（菲比幸福108档）,15267352802,餐饮行业,00:00-23:56,是,https://img.pospal.cn/storeLogo/380b9422-c384-4b99-b52a-edab755e6819.jpg,2.0,10.0,0.69,1140221970465529698,肠仔炒河粉1,促销,10.56,12.0,950.0,否,https://img.pospal.cn/productImages/4542455/e8d71789-1f66-43f2-9cd6-1e2d842db565_200x200.jpg,2308251555064,,否,2023-08-25 15:56:11
4542455,邹记面馆（啡比店）,广东省广州市从化区太平镇广从南路548号内（菲比幸福108档）,15267352802,餐饮行业,00:00-23:56,是,https://img.pospal.cn/storeLogo/380b9422-c384-4b99-b52a-edab755e6819.jpg,2.0,10.0,0.69,1108626055566305740,肠仔炒方便面,促销,10.56,12.0,787.0,否,https://img.pospal.cn/productImages/4542455/86f60c91-8a61-45a4-9c18-4b72b47e1945_200x200.jpg,2576970553832,,否,2024-08-31 11:05:54
4542455,邹记面馆（啡比店）,广东省广州市从化区太平镇广从南路548号内（菲比幸福108档）,15267352802,餐饮行业,00:00-23:56,是,https://img.pospal.cn/storeLogo/380b9422-c384-4b99-b52a-edab755e6819.jpg,2.0,10.0,0.69,89501917935025143,康师傅冰红茶,促销,1.32,1.5,898.0,否,https://img.pospal.cn/productImages/4542455/bab2ecbd-25de-4a90-bd64-db8a7218422c_200x200.jpg,2412081633011,,否,2024-12-08 16:33:38
4542455,邹记面馆（啡比店）,广东省广州市从化区太平镇广从南路548号内（菲比幸福108档）,15267352802,餐饮行业,00:00-23:56,是,https://img.pospal.cn/storeLogo/380b9422-c384-4b99-b52a-edab755e6819.jpg,2.0,10.0,0.69,231052512655322487,百事可乐,促销,2.64,3.0,939.0,否,https://img.pospal.cn/productImages/0/default/food_200x200.png,2932352400819,,否,2026-05-11 12:24:31
4542455,邹记面馆（啡比店）,广东省广州市从化区太平镇广从南路548号内（菲比幸福108档）,15267352802,餐饮行业,00:00-23:56,是,https://img.pospal.cn/storeLogo/380b9422-c384-4b99-b52a-edab755e6819.jpg,2.0,10.0,0.69,616283293586760538,热干面,促销,8.8,10.0,941.0,否,https://img.pospal.cn/productImages/4542455/4f044eca-f1a3-4101-b07c-e1ab3e5b30a3_200x200.jpeg,2110112126272,,否,2021-10-11 21:26:56
4542455,邹记面馆（啡比店）,广东省广州市从化区太平镇广从南路548号内（菲比幸福108档）,15267352802,餐饮行业,00:00-23:56,是,https://img.pospal.cn/storeLogo/380b9422-c384-4b99-b52a-edab755e6819.jpg,2.0,10.0,0.69,1080826688532053929,葱油拌方便面,促销,8.8,10.0,946.0,否,https://img.pospal.cn/productImages/4542455/d8a53891-c98d-4ec3-a117-7894b18b3247_200x200.jpg,2408311439027,,否,2024-08-31 14:39:28
4542455,邹记面馆（啡比店）,广东省广州市从化区太平镇广从南路548号内（菲比幸福108档）,15267352802,餐饮行业,00:00-23:56,是,https://img.pospal.cn/storeLogo/380b9422-c384-4b99-b52a-edab755e6819.jpg,2.0,10.0,0.69,640470873370355484,热干河粉,促销,8.8,10.0,994.0,否,https://img.pospal.cn/productImages/0/default/food_200x200.png,2542982321448,,否,2023-09-03 19:23:16
4542455,邹记面馆（啡比店）,广东省广州市从化区太平镇广从南路548号内（菲比幸福108档）,15267352802,餐饮行业,00:00-23:56,是,https://img.pospal.cn/storeLogo/380b9422-c384-4b99-b52a-edab755e6819.jpg,2.0,10.0,0.69,1078030927521829316,卤粉(桂林米粉),促销,8.8,10.0,997.0,否,https://img.pospal.cn/productImages/0/default/food_200x200.png,2744592441787,,否,2023-09-03 19:24:35
4542455,邹记面馆（啡比店）,广东省广州市从化区太平镇广从南路548号内（菲比幸福108档）,15267352802,餐饮行业,00:00-23:56,是,https://img.pospal.cn/storeLogo/380b9422-c384-4b99-b52a-edab755e6819.jpg,2.0,10.0,0.69,535576489841873497,香辣南昌拌粉(粗),促销,8.8,10.0,983.0,否,https://img.pospal.cn/productImages/0/default/food_200x200.png,2102194639344,,否,2024-09-09 15:46:42
4542455,邹记面馆（啡比店）,广东省广州市从化区太平镇广从南路548号内（菲比幸福108档）,15267352802,餐饮行业,00:00-23:56,是,https://img.pospal.cn/storeLogo/380b9422-c384-4b99-b52a-edab755e6819.jpg,2.0,10.0,0.69,1072311199160217033,卤面碱水面,促销,8.8,10.0,993.0,否,https://img.pospal.cn/productImages/0/default/food_200x200.png,2802064251071,,否,2025-11-27 18:42:52
4542455,邹记面馆（啡比店）,广东省广州市从化区太平镇广从南路548号内（菲比幸福108档）,15267352802,餐饮行业,00:00-23:56,是,https://img.pospal.cn/storeLogo/380b9422-c384-4b99-b52a-edab755e6819.jpg,2.0,10.0,0.69,346645895579469920,"葱,油拌碱水面",促销,8.8,10.0,993.0,否,https://img.pospal.cn/productImages/4542455/abde713e-4cff-4404-9965-ff80790f7671_200x200.jpg,2451191433593,,否,2026-05-03 14:15:42
4542455,邹记面馆（啡比店）,广东省广州市从化区太平镇广从南路548号内（菲比幸福108档）,15267352802,餐饮行业,00:00-23:56,是,https://img.pospal.cn/storeLogo/380b9422-c384-4b99-b52a-edab755e6819.jpg,2.0,10.0,0.69,1029576436540067668,微辣卤鸡腿汤面,促销,9.68,11.0,0.0,是,https://img.pospal.cn/productImages/4542455/5cffeaf9-950b-4852-866d-9ad58248198a_200x200.jpg,2350112318424,,否,2026-04-06 18:23:13
4542455,邹记面馆（啡比店）,广东省广州市从化区太平镇广从南路548号内（菲比幸福108档）,15267352802,餐饮行业,00:00-23:56,是,https://img.pospal.cn/storeLogo/380b9422-c384-4b99-b52a-edab755e6819.jpg,2.0,10.0,0.69,688098716855960141,卤鸡腿汤粉,促销,9.68,11.0,0.0,是,https://img.pospal.cn/productImages/4542455/21db2b15-3152-4ab5-9f0b-51854a67d196_200x200.jpg,2189512458870,,否,2026-04-06 18:24:53
4542455,邹记面馆（啡比店）,广东省广州市从化区太平镇广从南路548号内（菲比幸福108档）,15267352802,餐饮行业,00:00-23:56,是,https://img.pospal.cn/storeLogo/380b9422-c384-4b99-b52a-edab755e6819.jpg,2.0,10.0,0.69,796156329111361608,炸酱大碗面,促销,8.8,10.0,0.0,是,https://img.pospal.cn/productImages/4542455/d1d5d2a4-bdcf-4f7c-b500-43d51a62c25b_200x200.jpg,2223645231877,,否,2023-09-18 17:52:29
4542455,邹记面馆（啡比店）,广东省广州市从化区太平镇广从南路548号内（菲比幸福108档）,15267352802,餐饮行业,00:00-23:56,是,https://img.pospal.cn/storeLogo/380b9422-c384-4b99-b52a-edab755e6819.jpg,2.0,10.0,0.69,1108243563927423320,香辣南昌拌粉中,促销,8.8,10.0,0.0,是,https://img.pospal.cn/productImages/4542455/d62490ef-0353-445a-92d3-38dbd9ea4536_200x200.jpg,2403311146159,,否,2024-03-31 11:46:44
4542455,邹记面馆（啡比店）,广东省广州市从化区太平镇广从南路548号内（菲比幸福108档）,15267352802,餐饮行业,00:00-23:56,是,https://img.pospal.cn/storeLogo/380b9422-c384-4b99-b52a-edab755e6819.jpg,2.0,10.0,0.69,187298386524899650,鸡腿卤粉桂林米粉,促销,13.2,15.0,0.0,是,https://img.pospal.cn/productImages/0/default/food_200x200.png,2997021916374,,否,2024-12-08 15:19:27
4542450,无穷味锡纸饭（啡比店）,广东省广州市从化区太平镇广从南路548号内（菲比幸福）,13593808921,餐饮行业,00:00-23:57,是,https://img.pospal.cn/storeLogo/757942b9-49ef-41f7-8255-50ebdbef0646.jpg,0,0,0,595530382324853118,一肉一素,锡纸饭,9.9,9.9,9991780.0,否,https://img.pospal.cn/productImages/4542450/c6f43fb9-8288-471a-9f24-7951891d2ce0_200x200.png,2503181105031,,否,2025-03-18 11:06:03
4542450,无穷味锡纸饭（啡比店）,广东省广州市从化区太平镇广从南路548号内（菲比幸福）,13593808921,餐饮行业,00:00-23:57,是,https://img.pospal.cn/storeLogo/757942b9-49ef-41f7-8255-50ebdbef0646.jpg,0,0,0,705327840436851501,一肉二素,锡纸饭,12.0,12.0,0.0,否,https://img.pospal.cn/productImages/4542450/669e5a8b-500d-4415-9f5e-7ae64f7216fc_200x200.jpg,2811710745222,,否,2021-10-29 20:07:53
4542450,无穷味锡纸饭（啡比店）,广东省广州市从化区太平镇广从南路548号内（菲比幸福）,13593808921,餐饮行业,00:00-23:57,是,https://img.pospal.cn/storeLogo/757942b9-49ef-41f7-8255-50ebdbef0646.jpg,0,0,0,822567219537056127,二肉二素,锡纸饭,14.0,14.0,0.0,否,https://img.pospal.cn/productImages/4542450/b2caf4cc-0932-4c10-ada9-12e0186aaa6d_200x200.jpg,2111271113349,,否,2021-11-27 11:13:49
4542450,无穷味锡纸饭（啡比店）,广东省广州市从化区太平镇广从南路548号内（菲比幸福）,13593808921,餐饮行业,00:00-23:57,是,https://img.pospal.cn/storeLogo/757942b9-49ef-41f7-8255-50ebdbef0646.jpg,0,0,0,828732192281905728,三肉一素,锡纸饭,16.0,16.0,0.0,否,https://img.pospal.cn/productImages/4542450/53ba4ba2-3c7c-411d-8bed-95153ff71cff_200x200.jpg,2111271114056,,否,2021-11-27 11:14:15
4542450,无穷味锡纸饭（啡比店）,广东省广州市从化区太平镇广从南路548号内（菲比幸福）,13593808921,餐饮行业,00:00-23:57,是,https://img.pospal.cn/storeLogo/757942b9-49ef-41f7-8255-50ebdbef0646.jpg,0,0,0,977630858094348801,四肉一素,锡纸饭,18.0,18.0,0.0,否,https://img.pospal.cn/productImages/4542450/fb853ca0-0031-4e20-9994-471c9c076bae_200x200.jpg,2111271114278,,否,2021-11-27 11:14:40
4542450,无穷味锡纸饭（啡比店）,广东省广州市从化区太平镇广从南路548号内（菲比幸福）,13593808921,餐饮行业,00:00-23:57,是,https://img.pospal.cn/storeLogo/757942b9-49ef-41f7-8255-50ebdbef0646.jpg,0,0,0,404572189902328446,黄焖鸡+任选1素,黄焖鸡,11.0,11.0,977.0,否,https://img.pospal.cn/productImages/4542450/2cdc265c-9bef-4e82-8f01-68cfff8eb3ed_200x200.png,2603011639368,,否,2026-03-01 16:41:40
4542450,无穷味锡纸饭（啡比店）,广东省广州市从化区太平镇广从南路548号内（菲比幸福）,13593808921,餐饮行业,00:00-23:57,是,https://img.pospal.cn/storeLogo/757942b9-49ef-41f7-8255-50ebdbef0646.jpg,0,0,0,888547252536208336,黄焖鸡+任选2素,黄焖鸡,13.0,13.0,986.0,否,https://img.pospal.cn/productImages/4542450/46b30032-a1f0-4c35-99c0-0fca3c6f1c05_200x200.png,2603011641446,,否,2026-03-01 16:42:54
4542450,无穷味锡纸饭（啡比店）,广东省广州市从化区太平镇广从南路548号内（菲比幸福）,13593808921,餐饮行业,00:00-23:57,是,https://img.pospal.cn/storeLogo/757942b9-49ef-41f7-8255-50ebdbef0646.jpg,0,0,0,784381131885624543,肉卷,加素菜,3.0,3.0,996.0,否,https://img.pospal.cn/productImages/0/default/food_200x200.png,2411052026593,,否,2024-11-05 20:27:07
4542450,无穷味锡纸饭（啡比店）,广东省广州市从化区太平镇广从南路548号内（菲比幸福）,13593808921,餐饮行业,00:00-23:57,是,https://img.pospal.cn/storeLogo/757942b9-49ef-41f7-8255-50ebdbef0646.jpg,0,0,0,1006999672978037648,红烧茄子,加素菜,2.0,2.0,995.0,否,https://img.pospal.cn/productImages/0/default/food_200x200.png,2411052032136,,否,2024-11-05 20:32:22
4542450,无穷味锡纸饭（啡比店）,广东省广州市从化区太平镇广从南路548号内（菲比幸福）,13593808921,餐饮行业,00:00-23:57,是,https://img.pospal.cn/storeLogo/757942b9-49ef-41f7-8255-50ebdbef0646.jpg,0,0,0,1032901915280725103,素炒大豆芽,加素菜,2.0,2.0,996.0,否,https://img.pospal.cn/productImages/0/default/food_200x200.png,2411052032259,,否,2024-11-05 20:32:34
4542450,无穷味锡纸饭（啡比店）,广东省广州市从化区太平镇广从南路548号内（菲比幸福）,13593808921,餐饮行业,00:00-23:57,是,https://img.pospal.cn/storeLogo/757942b9-49ef-41f7-8255-50ebdbef0646.jpg,0,0,0,462363650091858945,花菜,加素菜,2.0,2.0,996.0,否,https://img.pospal.cn/productImages/0/default/food_200x200.png,2411052032570,,否,2024-11-05 20:33:04
4542450,无穷味锡纸饭（啡比店）,广东省广州市从化区太平镇广从南路548号内（菲比幸福）,13593808921,餐饮行业,00:00-23:57,是,https://img.pospal.cn/storeLogo/757942b9-49ef-41f7-8255-50ebdbef0646.jpg,0,0,0,591084319857668764,油麦菜,加素菜,2.0,2.0,993.0,否,https://img.pospal.cn/productImages/0/default/food_200x200.png,2411052033072,,否,2024-11-05 20:33:14
4542450,无穷味锡纸饭（啡比店）,广东省广州市从化区太平镇广从南路548号内（菲比幸福）,13593808921,餐饮行业,00:00-23:57,是,https://img.pospal.cn/storeLogo/757942b9-49ef-41f7-8255-50ebdbef0646.jpg,0,0,0,250106181642704988,蒜香豆腐,加素菜,2.0,2.0,994.0,否,https://img.pospal.cn/productImages/0/default/food_200x200.png,2411052033263,,否,2024-11-05 20:33:36
4542450,无穷味锡纸饭（啡比店）,广东省广州市从化区太平镇广从南路548号内（菲比幸福）,13593808921,餐饮行业,00:00-23:57,是,https://img.pospal.cn/storeLogo/757942b9-49ef-41f7-8255-50ebdbef0646.jpg,0,0,0,990195259173614975,油豆腐,加素菜,2.0,2.0,998.0,否,https://img.pospal.cn/productImages/0/default/food_200x200.png,2411052034161,,否,2024-11-05 20:34:23
4542450,无穷味锡纸饭（啡比店）,广东省广州市从化区太平镇广从南路548号内（菲比幸福）,13593808921,餐饮行业,00:00-23:57,是,https://img.pospal.cn/storeLogo/757942b9-49ef-41f7-8255-50ebdbef0646.jpg,0,0,0,149566142331510351,虎皮尖椒,加素菜,2.0,2.0,0.0,是,https://img.pospal.cn/productImages/0/default/food_200x200.png,2411052031139,,否,2024-11-05 20:31:25
4542450,无穷味锡纸饭（啡比店）,广东省广州市从化区太平镇广从南路548号内（菲比幸福）,13593808921,餐饮行业,00:00-23:57,是,https://img.pospal.cn/storeLogo/757942b9-49ef-41f7-8255-50ebdbef0646.jpg,0,0,0,617336871195719193,清炒大白菜,加素菜,2.0,2.0,0.0,是,https://img.pospal.cn/productImages/0/default/food_200x200.png,2411052031283,,否,2024-11-05 20:31:38
4542450,无穷味锡纸饭（啡比店）,广东省广州市从化区太平镇广从南路548号内（菲比幸福）,13593808921,餐饮行业,00:00-23:57,是,https://img.pospal.cn/storeLogo/757942b9-49ef-41f7-8255-50ebdbef0646.jpg,0,0,0,820457783649156260,手撕包菜,加素菜,2.0,2.0,0.0,是,https://img.pospal.cn/productImages/0/default/food_200x200.png,2411052031412,,否,2024-11-05 20:31:54
4542450,无穷味锡纸饭（啡比店）,广东省广州市从化区太平镇广从南路548号内（菲比幸福）,13593808921,餐饮行业,00:00-23:57,是,https://img.pospal.cn/storeLogo/757942b9-49ef-41f7-8255-50ebdbef0646.jpg,0,0,0,86044585565650160,蒜香海带丝,加素菜,2.0,2.0,0.0,是,https://img.pospal.cn/productImages/0/default/food_200x200.png,2411052031566,,否,2024-11-05 20:32:10
4542450,无穷味锡纸饭（啡比店）,广东省广州市从化区太平镇广从南路548号内（菲比幸福）,13593808921,餐饮行业,00:00-23:57,是,https://img.pospal.cn/storeLogo/757942b9-49ef-41f7-8255-50ebdbef0646.jpg,0,0,0,109613275948243290,上海青,加素菜,2.0,2.0,0.0,是,https://img.pospal.cn/productImages/0/default/food_200x200.png,2411052032365,,否,2024-11-05 20:32:43
4542450,无穷味锡纸饭（啡比店）,广东省广州市从化区太平镇广从南路548号内（菲比幸福）,13593808921,餐饮行业,00:00-23:57,是,https://img.pospal.cn/storeLogo/757942b9-49ef-41f7-8255-50ebdbef0646.jpg,0,0,0,962398222645434124,清炒土豆丝,加素菜,2.0,2.0,0.0,是,https://img.pospal.cn/productImages/0/default/food_200x200.png,2411052032464,,否,2024-11-05 20:32:54
4542450,无穷味锡纸饭（啡比店）,广东省广州市从化区太平镇广从南路548号内（菲比幸福）,13593808921,餐饮行业,00:00-23:57,是,https://img.pospal.cn/storeLogo/757942b9-49ef-41f7-8255-50ebdbef0646.jpg,0,0,0,861341170398633699,酸菜,加素菜,2.0,2.0,0.0,是,https://img.pospal.cn/productImages/0/default/food_200x200.png,2411052033171,,否,2024-11-05 20:33:24
4542450,无穷味锡纸饭（啡比店）,广东省广州市从化区太平镇广从南路548号内（菲比幸福）,13593808921,餐饮行业,00:00-23:57,是,https://img.pospal.cn/storeLogo/757942b9-49ef-41f7-8255-50ebdbef0646.jpg,0,0,0,814968253285342622,小炒腐竹,加素菜,2.0,2.0,0.0,是,https://img.pospal.cn/productImages/0/default/food_200x200.png,2411052033386,,否,2024-11-05 20:33:52
4542450,无穷味锡纸饭（啡比店）,广东省广州市从化区太平镇广从南路548号内（菲比幸福）,13593808921,餐饮行业,00:00-23:57,是,https://img.pospal.cn/storeLogo/757942b9-49ef-41f7-8255-50ebdbef0646.jpg,0,0,0,840474521013692411,猪红,加素菜,2.0,2.0,0.0,是,https://img.pospal.cn/productImages/0/default/food_200x200.png,2411052033546,,否,2024-11-05 20:34:04
4542450,无穷味锡纸饭（啡比店）,广东省广州市从化区太平镇广从南路548号内（菲比幸福）,13593808921,餐饮行业,00:00-23:57,是,https://img.pospal.cn/storeLogo/757942b9-49ef-41f7-8255-50ebdbef0646.jpg,0,0,0,1070713096422004942,豆角,加素菜,2.0,2.0,0.0,是,https://img.pospal.cn/productImages/0/default/food_200x200.png,2411052034062,,否,2024-11-05 20:34:13
4542450,无穷味锡纸饭（啡比店）,广东省广州市从化区太平镇广从南路548号内（菲比幸福）,13593808921,餐饮行业,00:00-23:57,是,https://img.pospal.cn/storeLogo/757942b9-49ef-41f7-8255-50ebdbef0646.jpg,0,0,0,443045294942676088,西红柿炒鸡蛋,加素菜,2.0,2.0,0.0,是,https://img.pospal.cn/productImages/0/default/food_200x200.png,2411052034260,,否,2024-11-05 20:34:36
4542450,无穷味锡纸饭（啡比店）,广东省广州市从化区太平镇广从南路548号内（菲比幸福）,13593808921,餐饮行业,00:00-23:57,是,https://img.pospal.cn/storeLogo/757942b9-49ef-41f7-8255-50ebdbef0646.jpg,0,0,0,392004353844712385,火腿炒玉米粒,加素菜,2.0,2.0,0.0,是,https://img.pospal.cn/productImages/0/default/food_200x200.png,2411052034383,,否,2024-11-05 20:34:53
4542450,无穷味锡纸饭（啡比店）,广东省广州市从化区太平镇广从南路548号内（菲比幸福）,13593808921,餐饮行业,00:00-23:57,是,https://img.pospal.cn/storeLogo/757942b9-49ef-41f7-8255-50ebdbef0646.jpg,0,0,0,831832809242360385,脆皮鸭,加荤菜,3.0,3.0,978.0,否,https://img.pospal.cn/productImages/0/default/food_200x200.png,2411052024193,,否,2024-11-05 20:24:27
4542450,无穷味锡纸饭（啡比店）,广东省广州市从化区太平镇广从南路548号内（菲比幸福）,13593808921,餐饮行业,00:00-23:57,是,https://img.pospal.cn/storeLogo/757942b9-49ef-41f7-8255-50ebdbef0646.jpg,0,0,0,498044425670250571,青椒肉丝,加荤菜,3.0,3.0,999.0,否,https://img.pospal.cn/productImages/0/default/food_200x200.png,2411052024308,,否,2024-11-05 20:24:39
4542450,无穷味锡纸饭（啡比店）,广东省广州市从化区太平镇广从南路548号内（菲比幸福）,13593808921,餐饮行业,00:00-23:57,是,https://img.pospal.cn/storeLogo/757942b9-49ef-41f7-8255-50ebdbef0646.jpg,0,0,0,452894170878402861,鼓油鸡,加荤菜,3.0,3.0,955.0,否,https://img.pospal.cn/productImages/0/default/food_200x200.png,2411052025220,,否,2024-11-05 20:26:03
4542450,无穷味锡纸饭（啡比店）,广东省广州市从化区太平镇广从南路548号内（菲比幸福）,13593808921,餐饮行业,00:00-23:57,是,https://img.pospal.cn/storeLogo/757942b9-49ef-41f7-8255-50ebdbef0646.jpg,0,0,0,917272120535336756,龙骨脆,加荤菜,3.0,3.0,974.0,否,https://img.pospal.cn/productImages/0/default/food_200x200.png,2411052026470,,否,2024-11-05 20:26:57
4542450,无穷味锡纸饭（啡比店）,广东省广州市从化区太平镇广从南路548号内（菲比幸福）,13593808921,餐饮行业,00:00-23:57,是,https://img.pospal.cn/storeLogo/757942b9-49ef-41f7-8255-50ebdbef0646.jpg,0,0,0,577316087624315572,手撕鸡,加荤菜,3.0,3.0,982.0,否,https://img.pospal.cn/productImages/0/default/food_200x200.png,2411052027101,,否,2024-11-05 20:27:18
4542450,无穷味锡纸饭（啡比店）,广东省广州市从化区太平镇广从南路548号内（菲比幸福）,13593808921,餐饮行业,00:00-23:57,是,https://img.pospal.cn/storeLogo/757942b9-49ef-41f7-8255-50ebdbef0646.jpg,0,0,0,172264474934431279,爆炒肉片,加荤菜,3.0,3.0,992.0,否,https://img.pospal.cn/productImages/0/default/food_200x200.png,2411052028160,,否,2024-11-05 20:28:27
4542450,无穷味锡纸饭（啡比店）,广东省广州市从化区太平镇广从南路548号内（菲比幸福）,13593808921,餐饮行业,00:00-23:57,是,https://img.pospal.cn/storeLogo/757942b9-49ef-41f7-8255-50ebdbef0646.jpg,0,0,0,1033962208549816944,小鸡炖蘑菇,加荤菜,3.0,3.0,991.0,否,https://img.pospal.cn/productImages/0/default/food_200x200.png,2411052028450,,否,2024-11-05 20:28:56
4542450,无穷味锡纸饭（啡比店）,广东省广州市从化区太平镇广从南路548号内（菲比幸福）,13593808921,餐饮行业,00:00-23:57,是,https://img.pospal.cn/storeLogo/757942b9-49ef-41f7-8255-50ebdbef0646.jpg,0,0,0,557234890591162809,红烧大鸭腿,加荤菜,4.0,4.0,69986.0,否,https://img.pospal.cn/productImages/0/default/food_200x200.png,2411102044164,,否,2024-11-10 20:44:27
4542450,无穷味锡纸饭（啡比店）,广东省广州市从化区太平镇广从南路548号内（菲比幸福）,13593808921,餐饮行业,00:00-23:57,是,https://img.pospal.cn/storeLogo/757942b9-49ef-41f7-8255-50ebdbef0646.jpg,0,0,0,63027718306255349,清蒸排骨,加荤菜,3.0,3.0,0.0,是,https://img.pospal.cn/productImages/0/default/food_200x200.png,2411052023363,,否,2024-11-05 20:23:56
4542450,无穷味锡纸饭（啡比店）,广东省广州市从化区太平镇广从南路548号内（菲比幸福）,13593808921,餐饮行业,00:00-23:57,是,https://img.pospal.cn/storeLogo/757942b9-49ef-41f7-8255-50ebdbef0646.jpg,0,0,0,960432388727123937,飘香辣子鸡,加荤菜,3.0,3.0,0.0,是,https://img.pospal.cn/productImages/0/default/food_200x200.png,2411052024001,,否,2024-11-05 20:24:16
4542450,无穷味锡纸饭（啡比店）,广东省广州市从化区太平镇广从南路548号内（菲比幸福）,13593808921,餐饮行业,00:00-23:57,是,https://img.pospal.cn/storeLogo/757942b9-49ef-41f7-8255-50ebdbef0646.jpg,0,0,0,173508350111614642,鸡蛋饼,加荤菜,3.0,3.0,0.0,是,https://img.pospal.cn/productImages/0/default/food_200x200.png,2411052024421,,否,2024-11-05 20:24:54
4542450,无穷味锡纸饭（啡比店）,广东省广州市从化区太平镇广从南路548号内（菲比幸福）,13593808921,餐饮行业,00:00-23:57,是,https://img.pospal.cn/storeLogo/757942b9-49ef-41f7-8255-50ebdbef0646.jpg,0,0,0,328124573167567593,白切鸡,加荤菜,3.0,3.0,0.0,是,https://img.pospal.cn/productImages/0/default/food_200x200.png,2411052024575,,否,2024-11-05 20:25:06
4542450,无穷味锡纸饭（啡比店）,广东省广州市从化区太平镇广从南路548号内（菲比幸福）,13593808921,餐饮行业,00:00-23:57,是,https://img.pospal.cn/storeLogo/757942b9-49ef-41f7-8255-50ebdbef0646.jpg,0,0,0,325552641107702404,木耳蒸鸡,加荤菜,3.0,3.0,0.0,是,https://img.pospal.cn/productImages/0/default/food_200x200.png,2411052025091,,否,2024-11-05 20:25:19
4542450,无穷味锡纸饭（啡比店）,广东省广州市从化区太平镇广从南路548号内（菲比幸福）,13593808921,餐饮行业,00:00-23:57,是,https://img.pospal.cn/storeLogo/757942b9-49ef-41f7-8255-50ebdbef0646.jpg,0,0,0,907775798160700629,叉烧肉,加荤菜,3.0,3.0,0.0,是,https://img.pospal.cn/productImages/0/default/food_200x200.png,2411052026050,,否,2024-11-05 20:26:16
4542450,无穷味锡纸饭（啡比店）,广东省广州市从化区太平镇广从南路548号内（菲比幸福）,13593808921,餐饮行业,00:00-23:57,是,https://img.pospal.cn/storeLogo/757942b9-49ef-41f7-8255-50ebdbef0646.jpg,0,0,0,171290832676345857,火腿青瓜,加荤菜,3.0,3.0,0.0,是,https://img.pospal.cn/productImages/0/default/food_200x200.png,2411052026197,,否,2024-11-05 20:26:28
4542450,无穷味锡纸饭（啡比店）,广东省广州市从化区太平镇广从南路548号内（菲比幸福）,13593808921,餐饮行业,00:00-23:57,是,https://img.pospal.cn/storeLogo/757942b9-49ef-41f7-8255-50ebdbef0646.jpg,0,0,0,865038326897779697,酸辣鸡杂,加荤菜,3.0,3.0,0.0,是,https://img.pospal.cn/productImages/0/default/food_200x200.png,2411052026319,,否,2024-11-05 20:26:45
4542450,无穷味锡纸饭（啡比店）,广东省广州市从化区太平镇广从南路548号内（菲比幸福）,13593808921,餐饮行业,00:00-23:57,是,https://img.pospal.cn/storeLogo/757942b9-49ef-41f7-8255-50ebdbef0646.jpg,0,0,0,862921972092043428,咕咾肉,加荤菜,3.0,3.0,0.0,是,https://img.pospal.cn/productImages/0/default/food_200x200.png,2411052027217,,否,2024-11-05 20:27:29
4542450,无穷味锡纸饭（啡比店）,广东省广州市从化区太平镇广从南路548号内（菲比幸福）,13593808921,餐饮行业,00:00-23:57,是,https://img.pospal.cn/storeLogo/757942b9-49ef-41f7-8255-50ebdbef0646.jpg,0,0,0,756279627694831801,虎皮鸡爪,加荤菜,3.0,3.0,0.0,是,https://img.pospal.cn/productImages/0/default/food_200x200.png,2411052027323,,否,2024-11-05 20:27:46
4542450,无穷味锡纸饭（啡比店）,广东省广州市从化区太平镇广从南路548号内（菲比幸福）,13593808921,餐饮行业,00:00-23:57,是,https://img.pospal.cn/storeLogo/757942b9-49ef-41f7-8255-50ebdbef0646.jpg,0,0,0,325228896218433513,鱼香肉丝,加荤菜,3.0,3.0,0.0,是,https://img.pospal.cn/productImages/0/default/food_200x200.png,2411052027491,,否,2024-11-05 20:27:58
4542450,无穷味锡纸饭（啡比店）,广东省广州市从化区太平镇广从南路548号内（菲比幸福）,13593808921,餐饮行业,00:00-23:57,是,https://img.pospal.cn/storeLogo/757942b9-49ef-41f7-8255-50ebdbef0646.jpg,0,0,0,346119464892532790,黑椒鸡胸,加荤菜,3.0,3.0,0.0,是,https://img.pospal.cn/productImages/0/default/food_200x200.png,2411052028016,,否,2024-11-05 20:28:13
4542450,无穷味锡纸饭（啡比店）,广东省广州市从化区太平镇广从南路548号内（菲比幸福）,13593808921,餐饮行业,00:00-23:57,是,https://img.pospal.cn/storeLogo/757942b9-49ef-41f7-8255-50ebdbef0646.jpg,0,0,0,106084649142077214,盐酥鸡,加荤菜,3.0,3.0,0.0,是,https://img.pospal.cn/productImages/0/default/food_200x200.png,2411052028306,,否,2024-11-05 20:28:43
4542450,无穷味锡纸饭（啡比店）,广东省广州市从化区太平镇广从南路548号内（菲比幸福）,13593808921,餐饮行业,00:00-23:57,是,https://img.pospal.cn/storeLogo/757942b9-49ef-41f7-8255-50ebdbef0646.jpg,0,0,0,1123479054826200332,回锅肉,加荤菜,3.0,3.0,0.0,是,https://img.pospal.cn/productImages/0/default/food_200x200.png,2411052028597,,否,2024-11-05 20:29:08
4542450,无穷味锡纸饭（啡比店）,广东省广州市从化区太平镇广从南路548号内（菲比幸福）,13593808921,餐饮行业,00:00-23:57,是,https://img.pospal.cn/storeLogo/757942b9-49ef-41f7-8255-50ebdbef0646.jpg,0,0,0,426187363358988157,红烧肉,加荤菜,3.0,3.0,0.0,是,https://img.pospal.cn/productImages/0/default/food_200x200.png,2411052029112,,否,2024-11-05 20:29:20
4542450,无穷味锡纸饭（啡比店）,广东省广州市从化区太平镇广从南路548号内（菲比幸福）,13593808921,餐饮行业,00:00-23:57,是,https://img.pospal.cn/storeLogo/757942b9-49ef-41f7-8255-50ebdbef0646.jpg,0,0,0,359531730507759465,鸡腿,加荤菜,3.0,3.0,0.0,是,https://img.pospal.cn/productImages/0/default/food_200x200.png,2411052029228,,否,2024-11-05 20:29:30
4542450,无穷味锡纸饭（啡比店）,广东省广州市从化区太平镇广从南路548号内（菲比幸福）,13593808921,餐饮行业,00:00-23:57,是,https://img.pospal.cn/storeLogo/757942b9-49ef-41f7-8255-50ebdbef0646.jpg,0,0,0,338916548777369418,玉米肉丁,加荤菜,3.0,3.0,0.0,是,https://img.pospal.cn/productImages/0/default/food_200x200.png,2411052029334,,否,2024-11-05 20:29:41
4542450,无穷味锡纸饭（啡比店）,广东省广州市从化区太平镇广从南路548号内（菲比幸福）,13593808921,餐饮行业,00:00-23:57,是,https://img.pospal.cn/storeLogo/757942b9-49ef-41f7-8255-50ebdbef0646.jpg,0,0,0,201281202534293654,鸭翅根,加荤菜,3.0,3.0,0.0,是,https://img.pospal.cn/productImages/0/default/food_200x200.png,2411052029433,,否,2024-11-05 20:30:04
4542450,无穷味锡纸饭（啡比店）,广东省广州市从化区太平镇广从南路548号内（菲比幸福）,13593808921,餐饮行业,00:00-23:57,是,https://img.pospal.cn/storeLogo/757942b9-49ef-41f7-8255-50ebdbef0646.jpg,0,0,0,1047948113955587662,广式腊肠,加荤菜,3.0,3.0,0.0,是,https://img.pospal.cn/productImages/0/default/food_200x200.png,2411052030071,,否,2024-11-05 20:30:14
4542450,无穷味锡纸饭（啡比店）,广东省广州市从化区太平镇广从南路548号内（菲比幸福）,13593808921,餐饮行业,00:00-23:57,是,https://img.pospal.cn/storeLogo/757942b9-49ef-41f7-8255-50ebdbef0646.jpg,0,0,0,991554767337390748,红烧鸡腿,加荤菜,4.0,4.0,0.0,是,https://img.pospal.cn/productImages/0/default/food_200x200.png,2411102043594,,否,2024-11-10 20:44:13
4542450,无穷味锡纸饭（啡比店）,广东省广州市从化区太平镇广从南路548号内（菲比幸福）,13593808921,餐饮行业,00:00-23:57,是,https://img.pospal.cn/storeLogo/757942b9-49ef-41f7-8255-50ebdbef0646.jpg,0,0,0,347195871646263771,椒盐鸡排,加荤菜,4.0,4.0,0.0,是,https://img.pospal.cn/productImages/0/default/food_200x200.png,2411251020057,,否,2024-11-25 10:20:18
4542450,无穷味锡纸饭（啡比店）,广东省广州市从化区太平镇广从南路548号内（菲比幸福）,13593808921,餐饮行业,00:00-23:57,是,https://img.pospal.cn/storeLogo/757942b9-49ef-41f7-8255-50ebdbef0646.jpg,0,0,0,813407964475905625,牛肉炖萝卜,加荤菜,4.0,4.0,0.0,是,https://img.pospal.cn/productImages/0/default/food_200x200.png,2411251020217,,否,2024-11-25 10:20:40
4542450,无穷味锡纸饭（啡比店）,广东省广州市从化区太平镇广从南路548号内（菲比幸福）,13593808921,餐饮行业,00:00-23:57,是,https://img.pospal.cn/storeLogo/757942b9-49ef-41f7-8255-50ebdbef0646.jpg,0,0,0,324002419246498648,牛肉丸炒鸡蛋,加荤菜,3.0,3.0,0.0,是,https://img.pospal.cn/productImages/0/default/food_200x200.png,2509281120059,,否,2025-09-28 11:21:19
4542460,太和骨汤米线(啡比店）,广东省广州市从化区太平镇广从南路548号内（菲比幸福112档）,18126749662,餐饮行业,08:30-20:34,是,https://img.pospal.cn/storeLogo/4542460/a168b27a34b54cee8e6a23af614dc4b3.jpg,2.0,8.0,0.69,4583170688419456,玉米,加料区,1.0,1.0,99.0,否,https://img.pospal.cn/productImages/0/default/food_200x200.png,2606211322498,,否,2026-06-21 13:23:18
4542460,太和骨汤米线(啡比店）,广东省广州市从化区太平镇广从南路548号内（菲比幸福112档）,18126749662,餐饮行业,08:30-20:34,是,https://img.pospal.cn/storeLogo/4542460/a168b27a34b54cee8e6a23af614dc4b3.jpg,2.0,8.0,0.69,751419990830930255,火山肉肠,加料区,3.0,3.0,9535.0,否,https://img.pospal.cn/productImages/4542460/edabae3c-20fc-4c2f-b2a7-276d418b3077_200x200.jpg,2606211323211,一整条哦,否,2026-06-21 13:24:01
4542460,太和骨汤米线(啡比店）,广东省广州市从化区太平镇广从南路548号内（菲比幸福112档）,18126749662,餐饮行业,08:30-20:34,是,https://img.pospal.cn/storeLogo/4542460/a168b27a34b54cee8e6a23af614dc4b3.jpg,2.0,8.0,0.69,591241588211075147,豆腐串,加料区,1.5,1.5,9459.0,否,https://img.pospal.cn/productImages/4542460/3a52a543-dd2c-49f3-86d6-04bdec096ebf_200x200.jpg,2606211324065,一串的哦,否,2026-06-21 13:24:31
4542460,太和骨汤米线(啡比店）,广东省广州市从化区太平镇广从南路548号内（菲比幸福112档）,18126749662,餐饮行业,08:30-20:34,是,https://img.pospal.cn/storeLogo/4542460/a168b27a34b54cee8e6a23af614dc4b3.jpg,2.0,8.0,0.69,1058806811256028177,Q弹肉丸,加料区,1.0,1.0,9708.0,否,https://img.pospal.cn/productImages/4542460/6caf64e4-5747-425a-89cf-2dcd83fb0b7e_200x200.jpg,2606211327240,是一颗哦,否,2026-06-21 13:28:20
4542460,太和骨汤米线(啡比店）,广东省广州市从化区太平镇广从南路548号内（菲比幸福112档）,18126749662,餐饮行业,08:30-20:34,是,https://img.pospal.cn/storeLogo/4542460/a168b27a34b54cee8e6a23af614dc4b3.jpg,2.0,8.0,0.69,410060891403030649,Q弹牛筋丸,加料区,1.25,1.25,9480.0,否,https://img.pospal.cn/productImages/4542460/8daac178-69d4-487e-a133-e024ffa40cee_200x200.jpg,2606211328278,是一颗哦,否,2026-06-21 13:29:45
4542460,太和骨汤米线(啡比店）,广东省广州市从化区太平镇广从南路548号内（菲比幸福112档）,18126749662,餐饮行业,08:30-20:34,是,https://img.pospal.cn/storeLogo/4542460/a168b27a34b54cee8e6a23af614dc4b3.jpg,2.0,8.0,0.69,1432753858369869,骨汤嫩嫩肉,加料区,3.0,3.0,99.0,否,https://img.pospal.cn/productImages/0/default/food_200x200.png,2606211330240,,否,2026-06-21 13:30:57
4542460,太和骨汤米线(啡比店）,广东省广州市从化区太平镇广从南路548号内（菲比幸福112档）,18126749662,餐饮行业,08:30-20:34,是,https://img.pospal.cn/storeLogo/4542460/a168b27a34b54cee8e6a23af614dc4b3.jpg,2.0,8.0,0.69,873451454185270463,腊肠,加料区,3.0,3.0,9911.0,否,https://img.pospal.cn/productImages/4542460/0a6ca08d-b4ba-4088-906a-6b5410824e6b_200x200.jpg,2606211331001,,否,2026-06-21 13:32:12
4542460,太和骨汤米线(啡比店）,广东省广州市从化区太平镇广从南路548号内（菲比幸福112档）,18126749662,餐饮行业,08:30-20:34,是,https://img.pospal.cn/storeLogo/4542460/a168b27a34b54cee8e6a23af614dc4b3.jpg,2.0,8.0,0.69,73892911178189938,雪花肉,加料区,1.5,1.5,9891.0,否,https://img.pospal.cn/productImages/4542460/034d65e0-984a-45be-a553-5ab882f720da_200x200.jpg,2606211332152,一整片的哦,否,2026-06-21 13:33:02
4542460,太和骨汤米线(啡比店）,广东省广州市从化区太平镇广从南路548号内（菲比幸福112档）,18126749662,餐饮行业,08:30-20:34,是,https://img.pospal.cn/storeLogo/4542460/a168b27a34b54cee8e6a23af614dc4b3.jpg,2.0,8.0,0.69,829401102153550548,爽口鱼皮饺,加料区,5.0,5.0,998.0,否,https://img.pospal.cn/productImages/4542460/7d4882b6-c375-4fc5-9dc0-e78007d47df0_200x200.jpg,2606211333067,6个,否,2026-06-21 13:34:17
4542460,太和骨汤米线(啡比店）,广东省广州市从化区太平镇广从南路548号内（菲比幸福112档）,18126749662,餐饮行业,08:30-20:34,是,https://img.pospal.cn/storeLogo/4542460/a168b27a34b54cee8e6a23af614dc4b3.jpg,2.0,8.0,0.69,877124563331539647,Q弹虾丸,加料区,1.5,1.5,9899.0,否,https://img.pospal.cn/productImages/4542460/a409f713-8705-44dc-a476-227587f119c7_200x200.jpg,2606211334200,是一颗的哦,否,2026-06-21 13:35:11
4542460,太和骨汤米线(啡比店）,广东省广州市从化区太平镇广从南路548号内（菲比幸福112档）,18126749662,餐饮行业,08:30-20:34,是,https://img.pospal.cn/storeLogo/4542460/a168b27a34b54cee8e6a23af614dc4b3.jpg,2.0,8.0,0.69,283912449920573935,烟熏鸭肉,加料区,3.0,3.0,9943.0,否,https://img.pospal.cn/productImages/4542460/ab5790ea-f6a7-4085-bf03-9425a16085ce_200x200.jpg,2606211335153,,否,2026-06-21 13:36:54
4542460,太和骨汤米线(啡比店）,广东省广州市从化区太平镇广从南路548号内（菲比幸福112档）,18126749662,餐饮行业,08:30-20:34,是,https://img.pospal.cn/storeLogo/4542460/a168b27a34b54cee8e6a23af614dc4b3.jpg,2.0,8.0,0.69,175855084395460556,肥牛卷,加料区,5.0,5.0,894.0,否,https://img.pospal.cn/productImages/4542460/d22a5283-f39a-41a7-8986-86acf798f1e1_200x200.jpg,2606211337027,有4卷的哦,否,2026-06-21 13:38:07
4542460,太和骨汤米线(啡比店）,广东省广州市从化区太平镇广从南路548号内（菲比幸福112档）,18126749662,餐饮行业,08:30-20:34,是,https://img.pospal.cn/storeLogo/4542460/a168b27a34b54cee8e6a23af614dc4b3.jpg,2.0,8.0,0.69,315361197405349016,荷包蛋,加料区,2.0,2.0,913.0,否,https://img.pospal.cn/productImages/0/default/food_200x200.png,2606211339298,香喷喷滴又圆又大,否,2026-06-21 13:40:30
4542460,太和骨汤米线(啡比店）,广东省广州市从化区太平镇广从南路548号内（菲比幸福112档）,18126749662,餐饮行业,08:30-20:34,是,https://img.pospal.cn/storeLogo/4542460/a168b27a34b54cee8e6a23af614dc4b3.jpg,2.0,8.0,0.69,893540269827041150,筒骨,加料区,4.0,4.0,99.0,否,https://img.pospal.cn/productImages/0/default/food_200x200.png,2606211341253,一块,否,2026-06-21 13:43:57
4542460,太和骨汤米线(啡比店）,广东省广州市从化区太平镇广从南路548号内（菲比幸福112档）,18126749662,餐饮行业,08:30-20:34,是,https://img.pospal.cn/storeLogo/4542460/a168b27a34b54cee8e6a23af614dc4b3.jpg,2.0,8.0,0.69,532832133132084561,加粉,加料区,1.0,1.0,9928.0,否,https://img.pospal.cn/productImages/0/default/food_200x200.png,2609121158454,,是,2026-09-12 11:59:14
4542460,太和骨汤米线(啡比店）,广东省广州市从化区太平镇广从南路548号内（菲比幸福112档）,18126749662,餐饮行业,08:30-20:34,是,https://img.pospal.cn/storeLogo/4542460/a168b27a34b54cee8e6a23af614dc4b3.jpg,2.0,8.0,0.69,698724582980207141,豆腐条,加料区,1.5,1.5,0.0,是,https://img.pospal.cn/productImages/0/default/food_200x200.png,2606211325000,,否,2026-06-21 13:26:26
4542460,太和骨汤米线(啡比店）,广东省广州市从化区太平镇广从南路548号内（菲比幸福112档）,18126749662,餐饮行业,08:30-20:34,是,https://img.pospal.cn/storeLogo/4542460/a168b27a34b54cee8e6a23af614dc4b3.jpg,2.0,8.0,0.69,864908203072443968,面筋,加料区,2.0,2.0,0.0,是,https://img.pospal.cn/productImages/0/default/food_200x200.png,2606211326298,有5片的哦,否,2026-06-21 13:27:20
4542460,太和骨汤米线(啡比店）,广东省广州市从化区太平镇广从南路548号内（菲比幸福112档）,18126749662,餐饮行业,08:30-20:34,是,https://img.pospal.cn/storeLogo/4542460/a168b27a34b54cee8e6a23af614dc4b3.jpg,2.0,8.0,0.69,519352780617538127,牛肉,加料区,6.0,6.0,0.0,是,https://img.pospal.cn/productImages/0/default/food_200x200.png,2606211338130,满满6到7片的窝,否,2026-06-21 13:39:22
4542460,太和骨汤米线(啡比店）,广东省广州市从化区太平镇广从南路548号内（菲比幸福112档）,18126749662,餐饮行业,08:30-20:34,是,https://img.pospal.cn/storeLogo/4542460/a168b27a34b54cee8e6a23af614dc4b3.jpg,2.0,8.0,0.69,17011653335317563,招牌筒骨米线,骨汤米线,16.0,16.0,97.0,否,https://img.pospal.cn/productImages/0/default/food_200x200.png,2606211300434,有两个筒骨的哦,否,2026-06-21 13:02:59
4542460,太和骨汤米线(啡比店）,广东省广州市从化区太平镇广从南路548号内（菲比幸福112档）,18126749662,餐饮行业,08:30-20:34,是,https://img.pospal.cn/storeLogo/4542460/a168b27a34b54cee8e6a23af614dc4b3.jpg,2.0,8.0,0.69,557221307918117943,玉米米线,骨汤米线,8.8,8.8,98.0,否,https://img.pospal.cn/productImages/0/default/food_200x200.png,2606211303039,,否,2026-06-21 13:04:01
4542460,太和骨汤米线(啡比店）,广东省广州市从化区太平镇广从南路548号内（菲比幸福112档）,18126749662,餐饮行业,08:30-20:34,是,https://img.pospal.cn/storeLogo/4542460/a168b27a34b54cee8e6a23af614dc4b3.jpg,2.0,8.0,0.69,1041763641906667309,火山肉肠米线,骨汤米线,9.9,9.9,9667.0,否,https://img.pospal.cn/productImages/4542460/fb7fbdac-f5e0-43e3-81be-616ba707cba2_200x200.jpg,2606211304135,,否,2026-06-21 13:05:09
4542460,太和骨汤米线(啡比店）,广东省广州市从化区太平镇广从南路548号内（菲比幸福112档）,18126749662,餐饮行业,08:30-20:34,是,https://img.pospal.cn/storeLogo/4542460/a168b27a34b54cee8e6a23af614dc4b3.jpg,2.0,8.0,0.69,678441385721574799,豆腐串米线,骨汤米线,8.8,8.8,9852.0,否,https://img.pospal.cn/productImages/4542460/c0b17713-b55e-4d73-b29d-8378364db6f1_200x200.jpg,2606211305132,,否,2026-06-21 13:05:49
4542460,太和骨汤米线(啡比店）,广东省广州市从化区太平镇广从南路548号内（菲比幸福112档）,18126749662,餐饮行业,08:30-20:34,是,https://img.pospal.cn/storeLogo/4542460/a168b27a34b54cee8e6a23af614dc4b3.jpg,2.0,8.0,0.69,296103239105340456,Q弹肉丸米线,骨汤米线,10.8,10.8,9754.0,否,https://img.pospal.cn/productImages/4542460/5cb4b8e8-4081-4cc9-b481-7407083e03f7_200x200.jpg,2606211305569,,否,2026-06-21 13:06:35
4542460,太和骨汤米线(啡比店）,广东省广州市从化区太平镇广从南路548号内（菲比幸福112档）,18126749662,餐饮行业,08:30-20:34,是,https://img.pospal.cn/storeLogo/4542460/a168b27a34b54cee8e6a23af614dc4b3.jpg,2.0,8.0,0.69,701362824092751580,嫩肉片米线,骨汤米线,11.8,11.8,98.0,否,https://img.pospal.cn/productImages/0/default/food_200x200.png,2606211307204,,否,2026-06-21 13:08:31
4542460,太和骨汤米线(啡比店）,广东省广州市从化区太平镇广从南路548号内（菲比幸福112档）,18126749662,餐饮行业,08:30-20:34,是,https://img.pospal.cn/storeLogo/4542460/a168b27a34b54cee8e6a23af614dc4b3.jpg,2.0,8.0,0.69,87464367417696256,Q弹牛筋丸米线,骨汤米线,11.8,11.8,9389.0,否,https://img.pospal.cn/productImages/4542460/0dc37341-0041-4d3f-a72e-9be5d74c4300_200x200.jpg,2606211309116,,否,2026-06-21 13:09:50
4542460,太和骨汤米线(啡比店）,广东省广州市从化区太平镇广从南路548号内（菲比幸福112档）,18126749662,餐饮行业,08:30-20:34,是,https://img.pospal.cn/storeLogo/4542460/a168b27a34b54cee8e6a23af614dc4b3.jpg,2.0,8.0,0.69,36038548753932642,腊肠米线,骨汤米线,11.8,11.8,9940.0,否,https://img.pospal.cn/productImages/4542460/77429b75-fbe6-4aa4-9a7c-60a6d313377b_200x200.jpg,2606211309543,,否,2026-06-21 13:10:37
4542460,太和骨汤米线(啡比店）,广东省广州市从化区太平镇广从南路548号内（菲比幸福112档）,18126749662,餐饮行业,08:30-20:34,是,https://img.pospal.cn/storeLogo/4542460/a168b27a34b54cee8e6a23af614dc4b3.jpg,2.0,8.0,0.69,972348566896613696,雪花肉米线,骨汤米线,12.8,12.8,9912.0,否,https://img.pospal.cn/productImages/4542460/2fdc4d3d-97ae-43ef-a4a4-26e2d2247429_200x200.jpg,2606211310402,,否,2026-06-21 13:11:13
4542460,太和骨汤米线(啡比店）,广东省广州市从化区太平镇广从南路548号内（菲比幸福112档）,18126749662,餐饮行业,08:30-20:34,是,https://img.pospal.cn/storeLogo/4542460/a168b27a34b54cee8e6a23af614dc4b3.jpg,2.0,8.0,0.69,942831285203651747,爽口鱼皮饺米线,骨汤米线,13.8,13.8,998.0,否,https://img.pospal.cn/productImages/4542460/1f4b8ae9-0f2c-462a-963a-0fc1b01264cd_200x200.jpg,2606211311171,,否,2026-06-21 13:12:10
4542460,太和骨汤米线(啡比店）,广东省广州市从化区太平镇广从南路548号内（菲比幸福112档）,18126749662,餐饮行业,08:30-20:34,是,https://img.pospal.cn/storeLogo/4542460/a168b27a34b54cee8e6a23af614dc4b3.jpg,2.0,8.0,0.69,427138169543368260,Q弹虾丸米线,骨汤米线,11.8,11.8,9924.0,否,https://img.pospal.cn/productImages/4542460/02d58e3f-a0dd-4dec-a28b-3906fc13817c_200x200.jpg,2606211312154,,否,2026-06-21 13:13:13
4542460,太和骨汤米线(啡比店）,广东省广州市从化区太平镇广从南路548号内（菲比幸福112档）,18126749662,餐饮行业,08:30-20:34,是,https://img.pospal.cn/storeLogo/4542460/a168b27a34b54cee8e6a23af614dc4b3.jpg,2.0,8.0,0.69,1117434285772266772,烟熏鸭肉米线,骨汤米线,13.8,13.8,970.0,否,https://img.pospal.cn/productImages/4542460/40516872-5582-48e7-88c8-8165b2ae4131_200x200.jpg,2606211313168,,否,2026-06-21 13:13:50
4542460,太和骨汤米线(啡比店）,广东省广州市从化区太平镇广从南路548号内（菲比幸福112档）,18126749662,餐饮行业,08:30-20:34,是,https://img.pospal.cn/storeLogo/4542460/a168b27a34b54cee8e6a23af614dc4b3.jpg,2.0,8.0,0.69,262198680869125314,肥牛卷米线,骨汤米线,14.8,14.8,9844.0,否,https://img.pospal.cn/productImages/4542460/ecda84b9-ec18-4cae-8cca-60dec802583a_200x200.jpg,2606211313533,,否,2026-06-21 13:14:43
4542460,太和骨汤米线(啡比店）,广东省广州市从化区太平镇广从南路548号内（菲比幸福112档）,18126749662,餐饮行业,08:30-20:34,是,https://img.pospal.cn/storeLogo/4542460/a168b27a34b54cee8e6a23af614dc4b3.jpg,2.0,8.0,0.69,22232711964131660,纯鱼皮饺,骨汤米线,10.0,10.0,99.0,否,https://img.pospal.cn/productImages/0/default/food_200x200.png,2609151038238,,是,2026-09-15 10:39:09
4542460,太和骨汤米线(啡比店）,广东省广州市从化区太平镇广从南路548号内（菲比幸福112档）,18126749662,餐饮行业,08:30-20:34,是,https://img.pospal.cn/storeLogo/4542460/a168b27a34b54cee8e6a23af614dc4b3.jpg,2.0,8.0,0.69,495324255557074700,豆腐条米线,骨汤米线,8.8,8.8,0.0,是,https://img.pospal.cn/productImages/0/default/food_200x200.png,2606211306382,,否,2026-06-21 13:07:17
4542460,太和骨汤米线(啡比店）,广东省广州市从化区太平镇广从南路548号内（菲比幸福112档）,18126749662,餐饮行业,08:30-20:34,是,https://img.pospal.cn/storeLogo/4542460/a168b27a34b54cee8e6a23af614dc4b3.jpg,2.0,8.0,0.69,555962150600759245,面筋米线,骨汤米线,9.9,9.9,0.0,是,https://img.pospal.cn/productImages/0/default/food_200x200.png,2606211308355,,否,2026-06-21 13:09:08
4542460,太和骨汤米线(啡比店）,广东省广州市从化区太平镇广从南路548号内（菲比幸福112档）,18126749662,餐饮行业,08:30-20:34,是,https://img.pospal.cn/storeLogo/4542460/a168b27a34b54cee8e6a23af614dc4b3.jpg,2.0,8.0,0.69,126767021453833981,牛肉米线,骨汤米线,15.8,15.8,0.0,是,https://img.pospal.cn/productImages/0/default/food_200x200.png,2606211314486,,否,2026-06-21 13:15:14
4569080,湘小悦·长沙现炒盖码饭（二食堂）,广东省广州市广州软件学院二食堂,17875801887,餐饮行业,09:58-20:38,是,https://img.pospal.cn/storeLogo/4569080/f9151aab2d22407daa9a2ca72c224c9a.jpg,2.0,10.0,0.69,667189716796965011,每天25个爆款，菜品不重样,店铺形象,999.0,999.0,99999999.0,否,https://img.pospal.cn/productImages/4569080/fe5cb916-2863-4774-8eb7-8c6c3b868944_200x200.jpg,2503312311324,,否,2025-03-31 23:12:35
4569080,湘小悦·长沙现炒盖码饭（二食堂）,广东省广州市广州软件学院二食堂,17875801887,餐饮行业,09:58-20:38,是,https://img.pospal.cn/storeLogo/4569080/f9151aab2d22407daa9a2ca72c224c9a.jpg,2.0,10.0,0.69,401134489335911876,现点现炒，绝不预制,店铺形象,999.0,999.0,99999999.0,否,https://img.pospal.cn/productImages/4569080/f2bc8651-54f2-4c97-8978-2ed2866f7917_200x200.jpg,2503312313076,,否,2025-03-31 23:13:44
4569080,湘小悦·长沙现炒盖码饭（二食堂）,广东省广州市广州软件学院二食堂,17875801887,餐饮行业,09:58-20:38,是,https://img.pospal.cn/storeLogo/4569080/f9151aab2d22407daa9a2ca72c224c9a.jpg,2.0,10.0,0.69,191948480779748681,明厨亮灶，卫生严格,店铺形象,999.0,999.0,99999999.0,否,https://img.pospal.cn/productImages/4569080/ef74cec0-bd26-493f-a8ad-e8b5fe0ba6d3_200x200.jpg,2503312322146,,否,2025-03-31 23:23:04
4569080,湘小悦·长沙现炒盖码饭（二食堂）,广东省广州市广州软件学院二食堂,17875801887,餐饮行业,09:58-20:38,是,https://img.pospal.cn/storeLogo/4569080/f9151aab2d22407daa9a2ca72c224c9a.jpg,2.0,10.0,0.69,225696439584084954,堂食管饱！还有免费老火靓汤！,店铺形象,999.0,999.0,999.0,否,https://img.pospal.cn/productImages/4569080/617c7480-d326-48b7-ac91-0a355901cf0a_200x200.jpg,2504152233449,,否,2025-04-15 22:35:02
4569080,湘小悦·长沙现炒盖码饭（二食堂）,广东省广州市广州软件学院二食堂,17875801887,餐饮行业,09:58-20:38,是,https://img.pospal.cn/storeLogo/4569080/f9151aab2d22407daa9a2ca72c224c9a.jpg,2.0,10.0,0.69,156815436338632523,做的不好吃，直接加老板微信骂他！,店铺形象,999.0,999.0,999.0,否,https://img.pospal.cn/productImages/4569080/d2f41900-9976-4ccb-aefb-ab07cdc5a6d3_200x200.jpg,2504220842269,,否,2025-04-22 08:43:36
4569080,湘小悦·长沙现炒盖码饭（二食堂）,广东省广州市广州软件学院二食堂,17875801887,餐饮行业,09:58-20:38,是,https://img.pospal.cn/storeLogo/4569080/f9151aab2d22407daa9a2ca72c224c9a.jpg,2.0,10.0,0.69,786761866052364499,小炒潮汕肉卷饭,不吃肉肉（素食最爱）,12.0,12.0,998356.0,否,https://img.pospal.cn/productImages/4569080/48c49a10-c85c-47f8-b1f0-e93b6a836578_200x200.jpg,2503170959164,,否,2025-03-17 09:59:45
4569080,湘小悦·长沙现炒盖码饭（二食堂）,广东省广州市广州软件学院二食堂,17875801887,餐饮行业,09:58-20:38,是,https://img.pospal.cn/storeLogo/4569080/f9151aab2d22407daa9a2ca72c224c9a.jpg,2.0,10.0,0.69,160496897810260971,酸辣土豆丝盖饭,不吃肉肉（素食最爱）,10.0,10.0,999517.0,否,https://img.pospal.cn/productImages/4569080/1d4bb2e8-7b4c-4dbf-b5a7-4de6bcf386c3_200x200.jpg,2503151738375,,否,2025-03-15 17:39:10
4569080,湘小悦·长沙现炒盖码饭（二食堂）,广东省广州市广州软件学院二食堂,17875801887,餐饮行业,09:58-20:38,是,https://img.pospal.cn/storeLogo/4569080/f9151aab2d22407daa9a2ca72c224c9a.jpg,2.0,10.0,0.69,571056030775831171,玉米火腿丁盖饭,不吃肉肉（素食最爱）,11.0,11.0,999083.0,否,https://img.pospal.cn/productImages/4569080/3ba18074-3dc1-4304-beae-a9574634af3a_200x200.jpg,2503170901484,,否,2025-03-17 09:02:17
4569080,湘小悦·长沙现炒盖码饭（二食堂）,广东省广州市广州软件学院二食堂,17875801887,餐饮行业,09:58-20:38,是,https://img.pospal.cn/storeLogo/4569080/f9151aab2d22407daa9a2ca72c224c9a.jpg,2.0,10.0,0.69,973411104238234898,手撕包菜饭,不吃肉肉（素食最爱）,10.0,10.0,999318.0,否,https://img.pospal.cn/productImages/4569080/c9cbcd58-46e7-47dc-bc9f-c3828cf01530_200x200.jpg,2503170936356,,否,2025-03-17 09:36:59
4569080,湘小悦·长沙现炒盖码饭（二食堂）,广东省广州市广州软件学院二食堂,17875801887,餐饮行业,09:58-20:38,是,https://img.pospal.cn/storeLogo/4569080/f9151aab2d22407daa9a2ca72c224c9a.jpg,2.0,10.0,0.69,38384388449112718,＋一份米饭,+加料区（单点不做）,2.0,2.0,99998570.0,否,https://img.pospal.cn/productImages/4569080/377729cc-914f-4f72-bb5c-ae5dc6dc5e0d_200x200.jpg,2503312305071,,否,2025-03-31 23:05:22
4569080,湘小悦·长沙现炒盖码饭（二食堂）,广东省广州市广州软件学院二食堂,17875801887,餐饮行业,09:58-20:38,是,https://img.pospal.cn/storeLogo/4569080/f9151aab2d22407daa9a2ca72c224c9a.jpg,2.0,10.0,0.69,838720169041489841,+鸡蛋（单点不做）,+加料区（单点不做）,2.0,2.0,997143.0,否,https://img.pospal.cn/productImages/4569080/06d01bae-5b56-48a4-9079-451547caf9dc_200x200.jpg,2503171008199,,否,2025-03-17 10:10:17
4569080,湘小悦·长沙现炒盖码饭（二食堂）,广东省广州市广州软件学院二食堂,17875801887,餐饮行业,09:58-20:38,是,https://img.pospal.cn/storeLogo/4569080/f9151aab2d22407daa9a2ca72c224c9a.jpg,2.0,10.0,0.69,514414873654540669,+一盒时蔬,+加料区（单点不做）,3.0,3.0,99153.0,否,https://img.pospal.cn/productImages/4569080/7be819c2-028a-4f48-9d0f-f09265567e04_200x200.jpg,2503151744031,,否,2025-03-15 17:46:02
4569080,湘小悦·长沙现炒盖码饭（二食堂）,广东省广州市广州软件学院二食堂,17875801887,餐饮行业,09:58-20:38,是,https://img.pospal.cn/storeLogo/4569080/f9151aab2d22407daa9a2ca72c224c9a.jpg,2.0,10.0,0.69,534016490548074996,+湖南腊肉（单点不做）,+加料区（单点不做）,3.0,3.0,999007.0,否,https://img.pospal.cn/productImages/4569080/b81d05f5-6869-4bc2-bd80-e07e25c60f48_200x200.jpg,2503171010246,,否,2025-03-17 10:11:07
4569080,湘小悦·长沙现炒盖码饭（二食堂）,广东省广州市广州软件学院二食堂,17875801887,餐饮行业,09:58-20:38,是,https://img.pospal.cn/storeLogo/4569080/f9151aab2d22407daa9a2ca72c224c9a.jpg,2.0,10.0,0.69,749824124328123025,+小鲜肉（单点不做）,+加料区（单点不做）,4.0,4.0,998888.0,否,https://img.pospal.cn/productImages/4569080/1ca1f6c3-64de-4952-bcc4-d01dd29f2899_200x200.jpg,2503171011113,,否,2025-03-17 10:11:38
4569080,湘小悦·长沙现炒盖码饭（二食堂）,广东省广州市广州软件学院二食堂,17875801887,餐饮行业,09:58-20:38,是,https://img.pospal.cn/storeLogo/4569080/f9151aab2d22407daa9a2ca72c224c9a.jpg,2.0,10.0,0.69,972954934143848063,+花蛤肉（单点不做）,+加料区（单点不做）,5.0,5.0,999688.0,否,https://img.pospal.cn/productImages/4569080/04aecdee-ab53-4147-93ab-51364c0fc14e_200x200.jpg,2503171011410,,否,2025-03-17 10:12:07
4569080,湘小悦·长沙现炒盖码饭（二食堂）,广东省广州市广州软件学院二食堂,17875801887,餐饮行业,09:58-20:38,是,https://img.pospal.cn/storeLogo/4569080/f9151aab2d22407daa9a2ca72c224c9a.jpg,2.0,10.0,0.69,578438403596399537,＋黄牛肉（单点不做）,+加料区（单点不做）,6.0,6.0,999240.0,否,https://img.pospal.cn/productImages/4569080/88bae772-f2e0-4566-b7fb-84a4effb6a81_200x200.jpg,2503171012110,,否,2025-03-17 10:12:33
4569080,湘小悦·长沙现炒盖码饭（二食堂）,广东省广州市广州软件学院二食堂,17875801887,餐饮行业,09:58-20:38,是,https://img.pospal.cn/storeLogo/4569080/f9151aab2d22407daa9a2ca72c224c9a.jpg,2.0,10.0,0.69,579541586868668077,➕香菇滑鸡,+加料区（单点不做）,3.0,3.0,9735.0,否,https://img.pospal.cn/productImages/4569080/ed10f461-2ad5-4fbe-b030-23c65b521c97_200x200.jpg,2603291720152,,是,2026-03-29 17:20:52
4569080,湘小悦·长沙现炒盖码饭（二食堂）,广东省广州市广州软件学院二食堂,17875801887,餐饮行业,09:58-20:38,是,https://img.pospal.cn/storeLogo/4569080/f9151aab2d22407daa9a2ca72c224c9a.jpg,2.0,10.0,0.69,1081975354025619897,➕潮汕肉卷,+加料区（单点不做）,2.0,2.0,9418.0,否,https://img.pospal.cn/productImages/4569080/a1dadf6e-bb75-4cca-8a5d-1eba6ba5518a_200x200.jpg,2603291720596,,是,2026-03-29 17:21:25
4569080,湘小悦·长沙现炒盖码饭（二食堂）,广东省广州市广州软件学院二食堂,17875801887,餐饮行业,09:58-20:38,是,https://img.pospal.cn/storeLogo/4569080/f9151aab2d22407daa9a2ca72c224c9a.jpg,2.0,10.0,0.69,487658400791882007,➕卤肥肠,+加料区（单点不做）,6.0,6.0,9857.0,否,https://img.pospal.cn/productImages/4569080/fb262c47-2b49-499e-be4a-4e42b9565718_200x200.jpg,2603291721364,,是,2026-03-29 17:22:11
4569080,湘小悦·长沙现炒盖码饭（二食堂）,广东省广州市广州软件学院二食堂,17875801887,餐饮行业,09:58-20:38,是,https://img.pospal.cn/storeLogo/4569080/f9151aab2d22407daa9a2ca72c224c9a.jpg,2.0,10.0,0.69,883293944859209819,➕猪杂,+加料区（单点不做）,3.0,3.0,9946.0,否,https://img.pospal.cn/productImages/4569080/b8ced4c6-caa9-4ae2-bb73-0652e38c1e3d_200x200.jpg,2606041033243,,是,2026-06-04 10:34:18
4569080,湘小悦·长沙现炒盖码饭（二食堂）,广东省广州市广州软件学院二食堂,17875801887,餐饮行业,09:58-20:38,是,https://img.pospal.cn/storeLogo/4569080/f9151aab2d22407daa9a2ca72c224c9a.jpg,2.0,10.0,0.69,197747324871088956,油豆腐回锅肉饭,回锅肉盖饭（肥而不腻）,13.0,13.0,999352.0,否,https://img.pospal.cn/productImages/4569080/546d079a-afed-4735-b6b2-5ed3cdfffa99_200x200.jpg,2503151739136,,否,2025-03-15 17:39:51
4569080,湘小悦·长沙现炒盖码饭（二食堂）,广东省广州市广州软件学院二食堂,17875801887,餐饮行业,09:58-20:38,是,https://img.pospal.cn/storeLogo/4569080/f9151aab2d22407daa9a2ca72c224c9a.jpg,2.0,10.0,0.69,274484826028646469,青椒回锅肉饭,回锅肉盖饭（肥而不腻）,13.0,13.0,99415.0,否,https://img.pospal.cn/productImages/4569080/457ce603-ec8d-4384-a308-4fd2437288de_200x200.jpg,2503151748503,,否,2025-03-15 17:49:17
4569080,湘小悦·长沙现炒盖码饭（二食堂）,广东省广州市广州软件学院二食堂,17875801887,餐饮行业,09:58-20:38,是,https://img.pospal.cn/storeLogo/4569080/f9151aab2d22407daa9a2ca72c224c9a.jpg,2.0,10.0,0.69,558750995234994005,香干回锅肉饭,回锅肉盖饭（肥而不腻）,13.0,13.0,9999497.0,否,https://img.pospal.cn/productImages/4569080/9ef17172-73d7-415a-9b78-db9951be6f92_200x200.jpg,2503170937025,,否,2025-03-17 09:37:28
4569080,湘小悦·长沙现炒盖码饭（二食堂）,广东省广州市广州软件学院二食堂,17875801887,餐饮行业,09:58-20:38,是,https://img.pospal.cn/storeLogo/4569080/f9151aab2d22407daa9a2ca72c224c9a.jpg,2.0,10.0,0.69,1126425493396483649,蒜苗回锅肉盖饭,回锅肉盖饭（肥而不腻）,13.0,13.0,999800.0,否,https://img.pospal.cn/productImages/4569080/21374002-a1f0-4f1f-b67e-d8eb70ebbd1f_200x200.jpg,2503170945594,,否,2025-03-17 09:46:35
4569080,湘小悦·长沙现炒盖码饭（二食堂）,广东省广州市广州软件学院二食堂,17875801887,餐饮行业,09:58-20:38,是,https://img.pospal.cn/storeLogo/4569080/f9151aab2d22407daa9a2ca72c224c9a.jpg,2.0,10.0,0.69,680827156495799980,腐竹回锅肉盖饭,回锅肉盖饭（肥而不腻）,13.0,13.0,9866.0,否,https://img.pospal.cn/productImages/4569080/d9be0f33-d217-4af8-a069-05e92891af51_200x200.jpg,2604191932591,,是,2026-04-19 19:33:19
4569080,湘小悦·长沙现炒盖码饭（二食堂）,广东省广州市广州软件学院二食堂,17875801887,餐饮行业,09:58-20:38,是,https://img.pospal.cn/storeLogo/4569080/f9151aab2d22407daa9a2ca72c224c9a.jpg,2.0,10.0,0.69,858697162743809105,孜然花菜炒肉卷饭,本店特色盖饭（全校独一无二）,13.0,13.0,997704.0,否,https://img.pospal.cn/productImages/4569080/0bbbdf94-bec6-494f-b620-6f735e682605_200x200.jpg,2503170932303,,否,2025-03-17 09:32:46
4569080,湘小悦·长沙现炒盖码饭（二食堂）,广东省广州市广州软件学院二食堂,17875801887,餐饮行业,09:58-20:38,是,https://img.pospal.cn/storeLogo/4569080/f9151aab2d22407daa9a2ca72c224c9a.jpg,2.0,10.0,0.69,377234563713024963,香辣爆炒肥肠饭,本店特色盖饭（全校独一无二）,15.0,15.0,8668.0,否,https://img.pospal.cn/productImages/4569080/985796e5-3a81-4559-98ad-94ebce5ac5a3_200x200.jpg,2505151131200,,否,2025-05-15 11:31:35
4569080,湘小悦·长沙现炒盖码饭（二食堂）,广东省广州市广州软件学院二食堂,17875801887,餐饮行业,09:58-20:38,是,https://img.pospal.cn/storeLogo/4569080/f9151aab2d22407daa9a2ca72c224c9a.jpg,2.0,10.0,0.69,243166712998177368,酸菜炒肥肠饭,本店特色盖饭（全校独一无二）,15.0,15.0,999005.0,否,https://img.pospal.cn/productImages/4569080/70c2503a-a515-4e9a-aef2-cf8259b71d98_200x200.jpg,2503170902207,,否,2025-03-17 09:02:46
4569080,湘小悦·长沙现炒盖码饭（二食堂）,广东省广州市广州软件学院二食堂,17875801887,餐饮行业,09:58-20:38,是,https://img.pospal.cn/storeLogo/4569080/f9151aab2d22407daa9a2ca72c224c9a.jpg,2.0,10.0,0.69,629873563878762593,农家一碗香饭（推介）,本店特色盖饭（全校独一无二）,15.0,15.0,997622.0,否,https://img.pospal.cn/productImages/4569080/6de5acf5-9c0d-457b-ab0d-c968a63e3fa2_200x200.jpg,2503151726297,,否,2025-03-15 17:27:49
4569080,湘小悦·长沙现炒盖码饭（二食堂）,广东省广州市广州软件学院二食堂,17875801887,餐饮行业,09:58-20:38,是,https://img.pospal.cn/storeLogo/4569080/f9151aab2d22407daa9a2ca72c224c9a.jpg,2.0,10.0,0.69,96663856580353438,下饭肉沫茄子饭（超下饭）,本店特色盖饭（全校独一无二）,13.0,13.0,96344.0,否,https://img.pospal.cn/productImages/4569080/ff3c5cb1-e771-405b-9fc5-68ace46334c8_200x200.jpg,2503151732267,,否,2025-03-15 17:33:42
4569080,湘小悦·长沙现炒盖码饭（二食堂）,广东省广州市广州软件学院二食堂,17875801887,餐饮行业,09:58-20:38,是,https://img.pospal.cn/storeLogo/4569080/f9151aab2d22407daa9a2ca72c224c9a.jpg,2.0,10.0,0.69,196638897708533208,宫保鸡丁盖饭（爆款）,本店特色盖饭（全校独一无二）,13.0,13.0,995243.0,否,https://img.pospal.cn/productImages/4569080/f5f4a92f-f5a2-4eca-83ea-1d23cb7bc16a_200x200.jpg,2503151736036,,否,2025-03-15 17:36:22
4569080,湘小悦·长沙现炒盖码饭（二食堂）,广东省广州市广州软件学院二食堂,17875801887,餐饮行业,09:58-20:38,是,https://img.pospal.cn/storeLogo/4569080/f9151aab2d22407daa9a2ca72c224c9a.jpg,2.0,10.0,0.69,55836873858853190,农家小炒排骨饭,本店特色盖饭（全校独一无二）,13.0,13.0,999431.0,否,https://img.pospal.cn/productImages/4569080/5976f483-2aab-4f32-b5b8-31a62ec76839_200x200.jpg,2503151746110,,否,2025-03-15 17:47:16
4569080,湘小悦·长沙现炒盖码饭（二食堂）,广东省广州市广州软件学院二食堂,17875801887,餐饮行业,09:58-20:38,是,https://img.pospal.cn/storeLogo/4569080/f9151aab2d22407daa9a2ca72c224c9a.jpg,2.0,10.0,0.69,950866639328285019,惹味小炒花蛤肉饭,本店特色盖饭（全校独一无二）,13.0,13.0,999620.0,否,https://img.pospal.cn/productImages/4569080/7b4d751c-9ecb-4228-a006-2165e34d1259_200x200.jpg,2503170941398,,否,2025-03-17 09:42:01
4569080,湘小悦·长沙现炒盖码饭（二食堂）,广东省广州市广州软件学院二食堂,17875801887,餐饮行业,09:58-20:38,是,https://img.pospal.cn/storeLogo/4569080/f9151aab2d22407daa9a2ca72c224c9a.jpg,2.0,10.0,0.69,268087098004566346,酸甜排骨盖饭,本店特色盖饭（全校独一无二）,13.0,13.0,999349.0,否,https://img.pospal.cn/productImages/4569080/44fca6ce-3da1-47a7-b718-e7343ff24261_200x200.jpg,2503170951441,,否,2025-03-17 09:52:23
4569080,湘小悦·长沙现炒盖码饭（二食堂）,广东省广州市广州软件学院二食堂,17875801887,餐饮行业,09:58-20:38,是,https://img.pospal.cn/storeLogo/4569080/f9151aab2d22407daa9a2ca72c224c9a.jpg,2.0,10.0,0.69,496979650517139796,肉沫地三鲜盖饭,本店特色盖饭（全校独一无二）,13.0,13.0,8526.0,否,https://img.pospal.cn/productImages/4569080/acd3da15-f922-4415-99b2-d62dd5e3a6c5_200x200.jpg,2511081220181,,是,2025-11-08 12:20:54
4569080,湘小悦·长沙现炒盖码饭（二食堂）,广东省广州市广州软件学院二食堂,17875801887,餐饮行业,09:58-20:38,是,https://img.pospal.cn/storeLogo/4569080/f9151aab2d22407daa9a2ca72c224c9a.jpg,2.0,10.0,0.69,346182924354229706,紫苏爆炒牛蛙盖饭,本店特色盖饭（全校独一无二）,15.0,15.0,9040.0,否,https://img.pospal.cn/productImages/4569080/957aaef7-4b58-4954-9e40-b7ab162f4670_200x200.jpg,2511081221263,,是,2025-11-08 12:22:14
4569080,湘小悦·长沙现炒盖码饭（二食堂）,广东省广州市广州软件学院二食堂,17875801887,餐饮行业,09:58-20:38,是,https://img.pospal.cn/storeLogo/4569080/f9151aab2d22407daa9a2ca72c224c9a.jpg,2.0,10.0,0.69,712675467996523211,香辣爆炒牛蛙盖饭,本店特色盖饭（全校独一无二）,15.0,15.0,9213.0,否,https://img.pospal.cn/productImages/4569080/38b50e4c-4546-4929-a658-8ac0995bebba_200x200.jpg,2511081222222,,是,2025-11-08 12:22:38
4569080,湘小悦·长沙现炒盖码饭（二食堂）,广东省广州市广州软件学院二食堂,17875801887,餐饮行业,09:58-20:38,是,https://img.pospal.cn/storeLogo/4569080/f9151aab2d22407daa9a2ca72c224c9a.jpg,2.0,10.0,0.69,878145662221665615,辣子鸡丁饭,小炒鸡盖饭（无鸡不欢）,14.0,14.0,99424.0,否,https://img.pospal.cn/productImages/4569080/f49b42ba-9e7e-477b-9074-e1381519f416_200x200.jpg,2503151747476,,否,2025-03-15 17:48:14
4569080,湘小悦·长沙现炒盖码饭（二食堂）,广东省广州市广州软件学院二食堂,17875801887,餐饮行业,09:58-20:38,是,https://img.pospal.cn/storeLogo/4569080/f9151aab2d22407daa9a2ca72c224c9a.jpg,2.0,10.0,0.69,779026468851675494,土豆黄焖鸡饭,小炒鸡盖饭（无鸡不欢）,13.0,13.0,998952.0,否,https://img.pospal.cn/productImages/4569080/90239beb-a09f-442a-bfad-641b88c43b98_200x200.jpg,2503170942050,,否,2025-03-17 09:42:37
4569080,湘小悦·长沙现炒盖码饭（二食堂）,广东省广州市广州软件学院二食堂,17875801887,餐饮行业,09:58-20:38,是,https://img.pospal.cn/storeLogo/4569080/f9151aab2d22407daa9a2ca72c224c9a.jpg,2.0,10.0,0.69,850971670611596096,玉米香菇滑鸡炒蛋盖饭,小炒鸡盖饭（无鸡不欢）,13.0,13.0,9081.0,否,https://img.pospal.cn/productImages/4569080/2b7521b9-c1e2-4f13-8b61-598158b09258_200x200.jpg,2512132320157,,是,2025-12-13 23:21:17
4569080,湘小悦·长沙现炒盖码饭（二食堂）,广东省广州市广州软件学院二食堂,17875801887,餐饮行业,09:58-20:38,是,https://img.pospal.cn/storeLogo/4569080/f9151aab2d22407daa9a2ca72c224c9a.jpg,2.0,10.0,0.69,164419888693991713,小炒香菇滑鸡盖饭,小炒鸡盖饭（无鸡不欢）,13.0,13.0,9459.0,否,https://img.pospal.cn/productImages/4569080/e52a2ea8-a00a-47c4-85e7-ad402f840bb9_200x200.jpg,2512132321482,,是,2025-12-13 23:22:15
4569080,湘小悦·长沙现炒盖码饭（二食堂）,广东省广州市广州软件学院二食堂,17875801887,餐饮行业,09:58-20:38,是,https://img.pospal.cn/storeLogo/4569080/f9151aab2d22407daa9a2ca72c224c9a.jpg,2.0,10.0,0.69,907947706534635090,鲜炒双菇滑鸡盖饭,小炒鸡盖饭（无鸡不欢）,14.0,14.0,9598.0,否,https://img.pospal.cn/productImages/4569080/e3517c1c-fe7f-45f4-a634-78d51aefdc12_200x200.jpg,2512132322212,,是,2025-12-13 23:23:20
4569080,湘小悦·长沙现炒盖码饭（二食堂）,广东省广州市广州软件学院二食堂,17875801887,餐饮行业,09:58-20:38,是,https://img.pospal.cn/storeLogo/4569080/f9151aab2d22407daa9a2ca72c224c9a.jpg,2.0,10.0,0.69,1006074974356823506,油豆腐炒肉饭,小炒肉盖饭（新鲜梅花肉）,13.0,13.0,998902.0,否,https://img.pospal.cn/productImages/4569080/f52e3a86-730c-4e32-8fe4-a04536ddde6b_200x200.jpg,2503171000476,,否,2025-03-17 10:01:16
4569080,湘小悦·长沙现炒盖码饭（二食堂）,广东省广州市广州软件学院二食堂,17875801887,餐饮行业,09:58-20:38,是,https://img.pospal.cn/storeLogo/4569080/f9151aab2d22407daa9a2ca72c224c9a.jpg,2.0,10.0,0.69,161677933740730746,农家小炒肉饭（招牌）,小炒肉盖饭（新鲜梅花肉）,13.0,13.0,997708.0,否,https://img.pospal.cn/productImages/4569080/5746a401-35e0-4048-90ce-170517ab77d5_200x200.jpg,2503151727577,,否,2025-03-15 17:28:24
4569080,湘小悦·长沙现炒盖码饭（二食堂）,广东省广州市广州软件学院二食堂,17875801887,餐饮行业,09:58-20:38,是,https://img.pospal.cn/storeLogo/4569080/f9151aab2d22407daa9a2ca72c224c9a.jpg,2.0,10.0,0.69,649083183180666341,鹿茸菇炒肉饭,小炒肉盖饭（新鲜梅花肉）,13.0,13.0,97971.0,否,https://img.pospal.cn/productImages/4569080/231995dd-cb9d-4585-a388-9f3a021864d8_200x200.jpg,2503151733479,,否,2025-03-15 17:34:28
4569080,湘小悦·长沙现炒盖码饭（二食堂）,广东省广州市广州软件学院二食堂,17875801887,餐饮行业,09:58-20:38,是,https://img.pospal.cn/storeLogo/4569080/f9151aab2d22407daa9a2ca72c224c9a.jpg,2.0,10.0,0.69,1142148690689511311,包菜土豆炒肉饭,小炒肉盖饭（新鲜梅花肉）,13.0,13.0,9994046.0,否,https://img.pospal.cn/productImages/4569080/ca99f039-be47-458f-8548-502f5f37a444_200x200.jpg,2503151735145,,否,2025-03-15 17:35:57
4569080,湘小悦·长沙现炒盖码饭（二食堂）,广东省广州市广州软件学院二食堂,17875801887,餐饮行业,09:58-20:38,是,https://img.pospal.cn/storeLogo/4569080/f9151aab2d22407daa9a2ca72c224c9a.jpg,2.0,10.0,0.69,517569386108574103,有机花菜炒肉饭,小炒肉盖饭（新鲜梅花肉）,13.0,13.0,898350.0,否,https://img.pospal.cn/productImages/4569080/b0086f8a-7775-4070-a726-37282f483022_200x200.jpg,2503151737057,,否,2025-03-15 17:37:50
4569080,湘小悦·长沙现炒盖码饭（二食堂）,广东省广州市广州软件学院二食堂,17875801887,餐饮行业,09:58-20:38,是,https://img.pospal.cn/storeLogo/4569080/f9151aab2d22407daa9a2ca72c224c9a.jpg,2.0,10.0,0.69,108032494500845402,柴火香干炒肉饭,小炒肉盖饭（新鲜梅花肉）,13.0,13.0,99084.0,否,https://img.pospal.cn/productImages/4569080/a240d922-f387-48ad-9748-14ea5a3bce66_200x200.jpg,2503151740460,,否,2025-03-15 17:41:26
4569080,湘小悦·长沙现炒盖码饭（二食堂）,广东省广州市广州软件学院二食堂,17875801887,餐饮行业,09:58-20:38,是,https://img.pospal.cn/storeLogo/4569080/f9151aab2d22407daa9a2ca72c224c9a.jpg,2.0,10.0,0.69,356119246830418353,外婆菜炒肉饭,小炒肉盖饭（新鲜梅花肉）,13.0,13.0,9999553.0,否,https://img.pospal.cn/productImages/4569080/d64deff8-2f97-4a79-b820-ed1b28cdd3b2_200x200.jpg,2503170934239,,否,2025-03-17 09:34:52
4569080,湘小悦·长沙现炒盖码饭（二食堂）,广东省广州市广州软件学院二食堂,17875801887,餐饮行业,09:58-20:38,是,https://img.pospal.cn/storeLogo/4569080/f9151aab2d22407daa9a2ca72c224c9a.jpg,2.0,10.0,0.69,1094563698154338693,烟笋炒肉饭,小炒肉盖饭（新鲜梅花肉）,13.0,13.0,999169.0,否,https://img.pospal.cn/productImages/4569080/c5493be6-2074-4927-83d8-b43a1d98ab47_200x200.jpg,2503170937483,,否,2025-03-17 09:38:38
4569080,湘小悦·长沙现炒盖码饭（二食堂）,广东省广州市广州软件学院二食堂,17875801887,餐饮行业,09:58-20:38,是,https://img.pospal.cn/storeLogo/4569080/f9151aab2d22407daa9a2ca72c224c9a.jpg,2.0,10.0,0.69,197799542393082086,土豆丝炒肉饭,小炒肉盖饭（新鲜梅花肉）,13.0,13.0,998998.0,否,https://img.pospal.cn/productImages/4569080/d2ad90cf-7d6e-4940-8679-a01a21ee85ba_200x200.jpg,2503170952394,,否,2025-03-17 09:53:16
4569080,湘小悦·长沙现炒盖码饭（二食堂）,广东省广州市广州软件学院二食堂,17875801887,餐饮行业,09:58-20:38,是,https://img.pospal.cn/storeLogo/4569080/f9151aab2d22407daa9a2ca72c224c9a.jpg,2.0,10.0,0.69,265473380847355602,腐竹小炒肉盖饭,小炒肉盖饭（新鲜梅花肉）,13.0,13.0,9742.0,否,https://img.pospal.cn/productImages/4569080/24e15849-452c-461c-9ea4-500ab1607e0d_200x200.jpg,2604191932355,,是,2026-04-19 19:32:54
4569080,湘小悦·长沙现炒盖码饭（二食堂）,广东省广州市广州软件学院二食堂,17875801887,餐饮行业,09:58-20:38,是,https://img.pospal.cn/storeLogo/4569080/f9151aab2d22407daa9a2ca72c224c9a.jpg,2.0,10.0,0.69,943053384852283158,鹿茸菇炒牛肉饭,黄牛肉盖饭（新鲜现切）,16.0,16.0,99999206.0,否,https://img.pospal.cn/productImages/4569080/8182dcd2-fa25-4fa8-bc43-acb5f7434ea7_200x200.jpg,2504152217067,,否,2025-04-15 22:17:51
4569080,湘小悦·长沙现炒盖码饭（二食堂）,广东省广州市广州软件学院二食堂,17875801887,餐饮行业,09:58-20:38,是,https://img.pospal.cn/storeLogo/4569080/f9151aab2d22407daa9a2ca72c224c9a.jpg,2.0,10.0,0.69,372558860353551311,老坛酸菜炒牛肉饭,黄牛肉盖饭（新鲜现切）,16.0,16.0,999374.0,否,https://img.pospal.cn/productImages/4569080/bd9a7449-8e0d-471a-8cfb-6da2f166d63b_200x200.jpg,2503151750070,,否,2025-03-15 17:50:59
4569080,湘小悦·长沙现炒盖码饭（二食堂）,广东省广州市广州软件学院二食堂,17875801887,餐饮行业,09:58-20:38,是,https://img.pospal.cn/storeLogo/4569080/f9151aab2d22407daa9a2ca72c224c9a.jpg,2.0,10.0,0.69,259388622803653273,小炒黄牛肉饭（招牌）,黄牛肉盖饭（新鲜现切）,16.0,16.0,998795.0,否,https://img.pospal.cn/productImages/4569080/d28a6a1c-bb06-4032-b817-79c41be0626d_200x200.jpg,2503151751046,,否,2025-03-15 17:51:52
4569080,湘小悦·长沙现炒盖码饭（二食堂）,广东省广州市广州软件学院二食堂,17875801887,餐饮行业,09:58-20:38,是,https://img.pospal.cn/storeLogo/4569080/f9151aab2d22407daa9a2ca72c224c9a.jpg,2.0,10.0,0.69,528710428475654641,花菜炒黄牛肉饭,黄牛肉盖饭（新鲜现切）,16.0,16.0,998997.0,否,https://img.pospal.cn/productImages/4569080/a6322d3e-05a1-4936-86c6-650e8d857e11_200x200.jpg,2503170933188,,否,2025-03-17 09:34:19
4569080,湘小悦·长沙现炒盖码饭（二食堂）,广东省广州市广州软件学院二食堂,17875801887,餐饮行业,09:58-20:38,是,https://img.pospal.cn/storeLogo/4569080/f9151aab2d22407daa9a2ca72c224c9a.jpg,2.0,10.0,0.69,723221764075200192,洋葱炒牛肉饭,黄牛肉盖饭（新鲜现切）,16.0,16.0,999240.0,否,https://img.pospal.cn/productImages/4569080/a660a3a7-9f67-41da-9297-9e4365f4752b_200x200.jpg,2503170950451,,否,2025-03-17 09:51:06
4569080,湘小悦·长沙现炒盖码饭（二食堂）,广东省广州市广州软件学院二食堂,17875801887,餐饮行业,09:58-20:38,是,https://img.pospal.cn/storeLogo/4569080/f9151aab2d22407daa9a2ca72c224c9a.jpg,2.0,10.0,0.69,816643311927730944,外婆菜炒牛肉饭,黄牛肉盖饭（新鲜现切）,16.0,16.0,9433.0,否,https://img.pospal.cn/productImages/4569080/17db9f1d-c162-4b75-ab0a-65ad44abcf73_200x200.jpg,2504201302171,,否,2025-04-20 13:02:49
4569080,湘小悦·长沙现炒盖码饭（二食堂）,广东省广州市广州软件学院二食堂,17875801887,餐饮行业,09:58-20:38,是,https://img.pospal.cn/storeLogo/4569080/f9151aab2d22407daa9a2ca72c224c9a.jpg,2.0,10.0,0.69,734933064474324981,香芹炒黄牛肉盖饭,黄牛肉盖饭（新鲜现切）,16.0,16.0,9801.0,否,https://img.pospal.cn/productImages/4569080/3fc064e4-b04c-41bc-bba8-640a65a8bb0a_200x200.jpg,2604191936131,,是,2026-04-19 19:36:39
4569080,湘小悦·长沙现炒盖码饭（二食堂）,广东省广州市广州软件学院二食堂,17875801887,餐饮行业,09:58-20:38,是,https://img.pospal.cn/storeLogo/4569080/f9151aab2d22407daa9a2ca72c224c9a.jpg,2.0,10.0,0.69,253982140851455823,下饭肉沫茄子（不含米饭）,单点系列（不含米饭）,12.0,12.0,99704.0,否,https://img.pospal.cn/productImages/4569080/dad7f2a8-39dd-415b-bf5e-20ec58b42460_200x200.jpg,2503170859303,,否,2025-03-17 09:01:21
4569080,湘小悦·长沙现炒盖码饭（二食堂）,广东省广州市广州软件学院二食堂,17875801887,餐饮行业,09:58-20:38,是,https://img.pospal.cn/storeLogo/4569080/f9151aab2d22407daa9a2ca72c224c9a.jpg,2.0,10.0,0.69,797422395875665426,鹿茸菇炒肉（不含米饭）,单点系列（不含米饭）,12.0,12.0,999774.0,否,https://img.pospal.cn/productImages/4569080/7baa7801-c5db-451d-b3f2-2162023b6f22_200x200.jpg,2503170901262,,否,2025-03-17 09:01:43
4569080,湘小悦·长沙现炒盖码饭（二食堂）,广东省广州市广州软件学院二食堂,17875801887,餐饮行业,09:58-20:38,是,https://img.pospal.cn/storeLogo/4569080/f9151aab2d22407daa9a2ca72c224c9a.jpg,2.0,10.0,0.69,808327998185526408,虾仁玉米豆角炒蛋（不含米饭）,单点系列（不含米饭）,13.0,13.0,999886.0,否,https://img.pospal.cn/productImages/4569080/74884a50-d724-4e44-baa3-1bd92e7d4a30_200x200.jpg,2503170953551,,否,2025-03-17 09:54:33
4569080,湘小悦·长沙现炒盖码饭（二食堂）,广东省广州市广州软件学院二食堂,17875801887,餐饮行业,09:58-20:38,是,https://img.pospal.cn/storeLogo/4569080/f9151aab2d22407daa9a2ca72c224c9a.jpg,2.0,10.0,0.69,1036991227858058769,农家一碗香（不含米饭）,单点系列（不含米饭）,13.0,13.0,999809.0,否,https://img.pospal.cn/productImages/4569080/d32fccf3-0ad9-4cca-8c14-c7290967cb56_200x200.jpg,2503170959492,,否,2025-03-17 10:00:39
4569080,湘小悦·长沙现炒盖码饭（二食堂）,广东省广州市广州软件学院二食堂,17875801887,餐饮行业,09:58-20:38,是,https://img.pospal.cn/storeLogo/4569080/f9151aab2d22407daa9a2ca72c224c9a.jpg,2.0,10.0,0.69,78784717419327004,花甲肉炒鸡蛋【不含米饭】,单点系列（不含米饭）,12.0,12.0,9944.0,否,https://img.pospal.cn/productImages/4569080/db9c225c-4248-4442-b869-dabab93b99e2_200x200.jpg,2512132336134,,是,2025-12-13 23:36:38
4569080,湘小悦·长沙现炒盖码饭（二食堂）,广东省广州市广州软件学院二食堂,17875801887,餐饮行业,09:58-20:38,是,https://img.pospal.cn/storeLogo/4569080/f9151aab2d22407daa9a2ca72c224c9a.jpg,2.0,10.0,0.69,414955318704921393,农家小炒肉【不含米饭】,单点系列（不含米饭）,12.0,12.0,9969.0,否,https://img.pospal.cn/productImages/4569080/0f55e573-7767-4be4-a2d0-9809565262b9_200x200.jpg,2512132337131,,是,2025-12-13 23:37:42
4569080,湘小悦·长沙现炒盖码饭（二食堂）,广东省广州市广州软件学院二食堂,17875801887,餐饮行业,09:58-20:38,是,https://img.pospal.cn/storeLogo/4569080/f9151aab2d22407daa9a2ca72c224c9a.jpg,2.0,10.0,0.69,649894447518758497,孜然花菜炒肉卷【不含米饭】,单点系列（不含米饭）,12.0,12.0,9948.0,否,https://img.pospal.cn/productImages/4569080/4975cce7-f040-45b8-a9a2-a1ffcf01bad1_200x200.jpg,2512132338114,,是,2025-12-13 23:38:32
4569080,湘小悦·长沙现炒盖码饭（二食堂）,广东省广州市广州软件学院二食堂,17875801887,餐饮行业,09:58-20:38,是,https://img.pospal.cn/storeLogo/4569080/f9151aab2d22407daa9a2ca72c224c9a.jpg,2.0,10.0,0.69,42282969661040405,鲜炒双菇滑鸡【不含米饭】,单点系列（不含米饭）,12.0,12.0,969.0,否,https://img.pospal.cn/productImages/4569080/ad235053-1c80-4f5a-9250-6d7a9aaf0202_200x200.jpg,2512192257226,,是,2025-12-19 22:58:07
4569080,湘小悦·长沙现炒盖码饭（二食堂）,广东省广州市广州软件学院二食堂,17875801887,餐饮行业,09:58-20:38,是,https://img.pospal.cn/storeLogo/4569080/f9151aab2d22407daa9a2ca72c224c9a.jpg,2.0,10.0,0.69,769053313756628517,酸辣土豆丝【不含米饭】,单点系列（不含米饭）,8.0,8.0,951.0,否,https://img.pospal.cn/productImages/4569080/dd03028f-3b31-4214-aada-9705a9fac4d4_200x200.jpg,2512192258186,,是,2025-12-19 22:58:48
4569080,湘小悦·长沙现炒盖码饭（二食堂）,广东省广州市广州软件学院二食堂,17875801887,餐饮行业,09:58-20:38,是,https://img.pospal.cn/storeLogo/4569080/f9151aab2d22407daa9a2ca72c224c9a.jpg,2.0,10.0,0.69,269765397383036736,烟笋炒腊肉饭,湖南腊肉（湘味十足）,14.0,14.0,99343.0,否,https://img.pospal.cn/productImages/4569080/e2c1ae47-1edd-4f12-b870-2cf1d2b50705_200x200.jpg,2503151741313,,否,2025-03-15 17:42:27
4569080,湘小悦·长沙现炒盖码饭（二食堂）,广东省广州市广州软件学院二食堂,17875801887,餐饮行业,09:58-20:38,是,https://img.pospal.cn/storeLogo/4569080/f9151aab2d22407daa9a2ca72c224c9a.jpg,2.0,10.0,0.69,821596277900305527,花菜炒腊肉盖饭,湖南腊肉（湘味十足）,14.0,14.0,999691.0,否,https://img.pospal.cn/productImages/4569080/92c0cbdd-a262-487f-a901-7d07d46639c5_200x200.jpg,2503151748190,,否,2025-03-15 17:48:46
4569080,湘小悦·长沙现炒盖码饭（二食堂）,广东省广州市广州软件学院二食堂,17875801887,餐饮行业,09:58-20:38,是,https://img.pospal.cn/storeLogo/4569080/f9151aab2d22407daa9a2ca72c224c9a.jpg,2.0,10.0,0.69,942534454904232122,香干炒腊肉饭,湖南腊肉（湘味十足）,14.0,14.0,999661.0,否,https://img.pospal.cn/productImages/4569080/330a914d-c2c9-4b9a-bbd6-5f524697749c_200x200.jpg,2503170942425,,否,2025-03-17 09:43:22
4569080,湘小悦·长沙现炒盖码饭（二食堂）,广东省广州市广州软件学院二食堂,17875801887,餐饮行业,09:58-20:38,是,https://img.pospal.cn/storeLogo/4569080/f9151aab2d22407daa9a2ca72c224c9a.jpg,2.0,10.0,0.69,1022099451911929510,南宁老友炒猪杂盖饭,⏱️新品与特价⏱️,13.0,13.0,95302.0,否,https://img.pospal.cn/productImages/4569080/28e53932-5da5-4f64-b9e6-95f135c0aef8_200x200.jpg,2222372047751,,否,2025-05-15 11:05:15
4569080,湘小悦·长沙现炒盖码饭（二食堂）,广东省广州市广州软件学院二食堂,17875801887,餐饮行业,09:58-20:38,是,https://img.pospal.cn/storeLogo/4569080/f9151aab2d22407daa9a2ca72c224c9a.jpg,2.0,10.0,0.69,715934340399346713,花菜鹿茸菇炒猪杂盖饭,⏱️新品与特价⏱️,13.0,13.0,96629.0,否,https://img.pospal.cn/productImages/4569080/2b591bf8-4ef5-45d4-a89c-c6d641975242_200x200.jpg,2503170934567,,否,2025-03-17 09:35:34
4569080,湘小悦·长沙现炒盖码饭（二食堂）,广东省广州市广州软件学院二食堂,17875801887,餐饮行业,09:58-20:38,是,https://img.pospal.cn/storeLogo/4569080/f9151aab2d22407daa9a2ca72c224c9a.jpg,2.0,10.0,0.69,944872140248832537,花蛤肉炒滑鸡盖饭【双拼】,⏱️新品与特价⏱️,15.0,15.0,8935.0,否,https://img.pospal.cn/productImages/4569080/c37818cf-64ec-4408-b421-b5b108b8d00f_200x200.jpg,2604022257589,,是,2026-04-02 22:59:14
4569080,湘小悦·长沙现炒盖码饭（二食堂）,广东省广州市广州软件学院二食堂,17875801887,餐饮行业,09:58-20:38,是,https://img.pospal.cn/storeLogo/4569080/f9151aab2d22407daa9a2ca72c224c9a.jpg,2.0,10.0,0.69,262843793146395577,卷章小炒肉盖饭【双拼】,⏱️新品与特价⏱️,15.0,15.0,9574.0,否,https://img.pospal.cn/productImages/4569080/f014d332-f508-4f44-9329-43d4c7e4059c_200x200.jpg,2604022259255,,是,2026-04-02 23:00:06
4569080,湘小悦·长沙现炒盖码饭（二食堂）,广东省广州市广州软件学院二食堂,17875801887,餐饮行业,09:58-20:38,是,https://img.pospal.cn/storeLogo/4569080/f9151aab2d22407daa9a2ca72c224c9a.jpg,2.0,10.0,0.69,833148703940751325,叉烧滑鸡炒蛋盖饭【三拼】,⏱️新品与特价⏱️,15.0,15.0,7787.0,否,https://img.pospal.cn/productImages/4569080/f2398dba-7be4-4f42-8c7c-949f3e82d6a7_200x200.jpg,2604022300131,,是,2026-04-02 23:00:33
4569080,湘小悦·长沙现炒盖码饭（二食堂）,广东省广州市广州软件学院二食堂,17875801887,餐饮行业,09:58-20:38,是,https://img.pospal.cn/storeLogo/4569080/f9151aab2d22407daa9a2ca72c224c9a.jpg,2.0,10.0,0.69,1048627231749319013,农家腐竹红烧肉盖饭,⏱️新品与特价⏱️,13.0,13.0,9206.0,否,https://img.pospal.cn/productImages/4569080/06b50f89-a5b1-4a1f-a0c8-f6226904ff4a_200x200.jpg,2604191927214,,是,2026-04-19 19:28:07
4569080,湘小悦·长沙现炒盖码饭（二食堂）,广东省广州市广州软件学院二食堂,17875801887,餐饮行业,09:58-20:38,是,https://img.pospal.cn/storeLogo/4569080/f9151aab2d22407daa9a2ca72c224c9a.jpg,2.0,10.0,0.69,638713214010919385,土豆红烧肉盖饭,⏱️新品与特价⏱️,13.0,13.0,8861.0,否,https://img.pospal.cn/productImages/4569080/73abbab2-aa84-4926-815c-45cfc0b678d3_200x200.jpg,2604191928143,,是,2026-04-19 19:28:32
4569080,湘小悦·长沙现炒盖码饭（二食堂）,广东省广州市广州软件学院二食堂,17875801887,餐饮行业,09:58-20:38,是,https://img.pospal.cn/storeLogo/4569080/f9151aab2d22407daa9a2ca72c224c9a.jpg,2.0,10.0,0.69,568984817942550606,老坛酸菜红烧肉盖饭,⏱️新品与特价⏱️,13.0,13.0,9666.0,否,https://img.pospal.cn/productImages/4569080/e2dade87-cc17-4622-b915-3053a15e9e59_200x200.jpg,2604191928389,,是,2026-04-19 19:29:02
4569080,湘小悦·长沙现炒盖码饭（二食堂）,广东省广州市广州软件学院二食堂,17875801887,餐饮行业,09:58-20:38,是,https://img.pospal.cn/storeLogo/4569080/f9151aab2d22407daa9a2ca72c224c9a.jpg,2.0,10.0,0.69,509620182209158528,虾仁炒三鲜【新品】,⏱️新品与特价⏱️,14.0,14.0,9962.0,否,https://img.pospal.cn/productImages/4569080/c3667c7c-98d7-4fca-b530-d35323894828_200x200.jpg,2609201147217,,是,2026-09-20 11:49:02
4569080,湘小悦·长沙现炒盖码饭（二食堂）,广东省广州市广州软件学院二食堂,17875801887,餐饮行业,09:58-20:38,是,https://img.pospal.cn/storeLogo/4569080/f9151aab2d22407daa9a2ca72c224c9a.jpg,2.0,10.0,0.69,668679815414086364,港式叉烧粒炒蛋饭（金碎玉盏）,农家鸡蛋盖饭（低脂低卡）,13.0,13.0,98755.0,否,https://img.pospal.cn/productImages/4569080/c106f9e0-d04e-46c2-86e7-a71f6fe1f8c2_200x200.jpg,2504201055480,,否,2025-04-20 10:57:34
4569080,湘小悦·长沙现炒盖码饭（二食堂）,广东省广州市广州软件学院二食堂,17875801887,餐饮行业,09:58-20:38,是,https://img.pospal.cn/storeLogo/4569080/f9151aab2d22407daa9a2ca72c224c9a.jpg,2.0,10.0,0.69,10317930520813876,虾仁玉米豆角炒蛋饭,农家鸡蛋盖饭（低脂低卡）,14.0,14.0,98267.0,否,https://img.pospal.cn/productImages/4569080/da48e9e4-6e26-470a-a053-d37562eb11f7_200x200.jpg,2503151726105,,否,2025-03-15 17:26:20
4569080,湘小悦·长沙现炒盖码饭（二食堂）,广东省广州市广州软件学院二食堂,17875801887,餐饮行业,09:58-20:38,是,https://img.pospal.cn/storeLogo/4569080/f9151aab2d22407daa9a2ca72c224c9a.jpg,2.0,10.0,0.69,511548965921932173,螺丝椒炒鸡蛋盖饭,农家鸡蛋盖饭（低脂低卡）,10.0,10.0,999160.0,否,https://img.pospal.cn/productImages/4569080/6a559381-ac42-42fb-94a0-e6d74f532d6f_200x200.jpg,2503151734339,,否,2025-03-15 17:35:07
4569080,湘小悦·长沙现炒盖码饭（二食堂）,广东省广州市广州软件学院二食堂,17875801887,餐饮行业,09:58-20:38,是,https://img.pospal.cn/storeLogo/4569080/f9151aab2d22407daa9a2ca72c224c9a.jpg,2.0,10.0,0.69,965712740260630454,外婆菜炒蛋饭,农家鸡蛋盖饭（低脂低卡）,12.0,12.0,999370.0,否,https://img.pospal.cn/productImages/4569080/a284c6e9-5b18-4b80-a9d2-d03c0ad809ba_200x200.jpg,2503151743072,,否,2025-03-15 17:43:58
4569080,湘小悦·长沙现炒盖码饭（二食堂）,广东省广州市广州软件学院二食堂,17875801887,餐饮行业,09:58-20:38,是,https://img.pospal.cn/storeLogo/4569080/f9151aab2d22407daa9a2ca72c224c9a.jpg,2.0,10.0,0.69,712800527584156541,深海花蛤肉炒蛋饭,农家鸡蛋盖饭（低脂低卡）,13.0,13.0,98724.0,否,https://img.pospal.cn/productImages/4569080/2dc52508-6680-4b75-895d-e6c2592a08d3_200x200.jpg,2503170940247,,否,2025-03-17 09:41:28
4569080,湘小悦·长沙现炒盖码饭（二食堂）,广东省广州市广州软件学院二食堂,17875801887,餐饮行业,09:58-20:38,是,https://img.pospal.cn/storeLogo/4569080/f9151aab2d22407daa9a2ca72c224c9a.jpg,2.0,10.0,0.69,384569406721620559,（加蛋）玉米火腿丁炒蛋盖饭,农家鸡蛋盖饭（低脂低卡）,11.0,11.0,7471.0,否,https://img.pospal.cn/productImages/4569080/99064b3c-13e5-45be-8fa4-b4b9befafc43_200x200.jpg,2503170953193,,否,2025-03-17 09:53:51
5865691,蜜雪冰城（饭堂一楼）,广东省广州市从化区广从南路548号广州软件学院,18938371210,餐饮行业,10:00-22:00,是,https://img.pospal.cn/storeLogo/c2f21edb-03df-43f0-b483-1c16998f6f96.jpg,2.0,10.0,0.52,904632648987776736,芝士奶盖绿茶,芝士奶盖,8.0,8.0,0.0,是,https://img.pospal.cn/productImages/5865691/52520671-24cb-43df-ae4e-193ca81f8ced_200x200.png,2505221846492,,否,2025-05-22 18:47:23
5865691,蜜雪冰城（饭堂一楼）,广东省广州市从化区广从南路548号广州软件学院,18938371210,餐饮行业,10:00-22:00,是,https://img.pospal.cn/storeLogo/c2f21edb-03df-43f0-b483-1c16998f6f96.jpg,2.0,10.0,0.52,17895457541548787,芝士奶盖绿茶,芝士奶盖,10.0,10.0,0.0,是,https://img.pospal.cn/productImages/5865691/52520671-24cb-43df-ae4e-193ca81f8ced_200x200.png,2505221846492-1,,否,2025-05-22 18:47:23
5865691,蜜雪冰城（饭堂一楼）,广东省广州市从化区广从南路548号广州软件学院,18938371210,餐饮行业,10:00-22:00,是,https://img.pospal.cn/storeLogo/c2f21edb-03df-43f0-b483-1c16998f6f96.jpg,2.0,10.0,0.52,57705193840545096,芝士奶盖红茶,芝士奶盖,8.0,8.0,0.0,是,https://img.pospal.cn/productImages/5865691/e062a909-7dfb-4b02-b9c1-3bd6e7ebd971_200x200.png,2505221847406,,否,2025-05-22 18:48:17
5865691,蜜雪冰城（饭堂一楼）,广东省广州市从化区广从南路548号广州软件学院,18938371210,餐饮行业,10:00-22:00,是,https://img.pospal.cn/storeLogo/c2f21edb-03df-43f0-b483-1c16998f6f96.jpg,2.0,10.0,0.52,953543329745101807,芝士奶盖红茶,芝士奶盖,10.0,10.0,0.0,是,https://img.pospal.cn/productImages/5865691/e062a909-7dfb-4b02-b9c1-3bd6e7ebd971_200x200.png,2505221847406-1,,否,2025-05-22 18:48:17
5865691,蜜雪冰城（饭堂一楼）,广东省广州市从化区广从南路548号广州软件学院,18938371210,餐饮行业,10:00-22:00,是,https://img.pospal.cn/storeLogo/c2f21edb-03df-43f0-b483-1c16998f6f96.jpg,2.0,10.0,0.52,368265923944959357,芝士奶盖四季春,芝士奶盖,10.0,10.0,0.0,是,https://img.pospal.cn/productImages/5865691/2c1ba369-d48c-46c6-a779-639903f6f90e_200x200.jpg,2511121121492,,是,2025-11-12 11:22:35
5865691,蜜雪冰城（饭堂一楼）,广东省广州市从化区广从南路548号广州软件学院,18938371210,餐饮行业,10:00-22:00,是,https://img.pospal.cn/storeLogo/c2f21edb-03df-43f0-b483-1c16998f6f96.jpg,2.0,10.0,0.52,502410987187309557,珍珠奶茶,醇香奶茶系列,6.0,6.0,0.0,是,https://img.pospal.cn/productImages/5865691/28cf7356-6096-43f8-9c45-e7082c65733a_200x200.png,2505221834239,,否,2025-05-22 18:35:49
5865691,蜜雪冰城（饭堂一楼）,广东省广州市从化区广从南路548号广州软件学院,18938371210,餐饮行业,10:00-22:00,是,https://img.pospal.cn/storeLogo/c2f21edb-03df-43f0-b483-1c16998f6f96.jpg,2.0,10.0,0.52,966679967223057196,珍珠奶茶,醇香奶茶系列,8.0,8.0,0.0,是,https://img.pospal.cn/productImages/5865691/8c8535f5-e855-432c-8743-e2001d64e494_200x200.png,2505221834239-1,,否,2025-05-22 18:35:49
5865691,蜜雪冰城（饭堂一楼）,广东省广州市从化区广从南路548号广州软件学院,18938371210,餐饮行业,10:00-22:00,是,https://img.pospal.cn/storeLogo/c2f21edb-03df-43f0-b483-1c16998f6f96.jpg,2.0,10.0,0.52,304250509210525570,椰果奶茶,醇香奶茶系列,7.0,7.0,0.0,是,https://img.pospal.cn/productImages/5865691/95ae01ab-6738-48ef-a847-7298d1dfc9f2_200x200.png,2505221836288,,否,2025-05-22 18:38:17
5865691,蜜雪冰城（饭堂一楼）,广东省广州市从化区广从南路548号广州软件学院,18938371210,餐饮行业,10:00-22:00,是,https://img.pospal.cn/storeLogo/c2f21edb-03df-43f0-b483-1c16998f6f96.jpg,2.0,10.0,0.52,59381997600723177,椰果奶茶,醇香奶茶系列,8.0,8.0,0.0,是,https://img.pospal.cn/productImages/5865691/95ae01ab-6738-48ef-a847-7298d1dfc9f2_200x200.png,2505221836288-1,,否,2025-05-22 18:38:17
5865691,蜜雪冰城（饭堂一楼）,广东省广州市从化区广从南路548号广州软件学院,18938371210,餐饮行业,10:00-22:00,是,https://img.pospal.cn/storeLogo/c2f21edb-03df-43f0-b483-1c16998f6f96.jpg,2.0,10.0,0.52,948886814598422986,布丁奶茶（升级）,醇香奶茶系列,7.0,7.0,0.0,是,https://img.pospal.cn/productImages/5865691/d1c71f44-c4de-499d-bae1-2fdf02e5e0b1_200x200.png,2505221839296,,否,2025-05-22 18:40:13
5865691,蜜雪冰城（饭堂一楼）,广东省广州市从化区广从南路548号广州软件学院,18938371210,餐饮行业,10:00-22:00,是,https://img.pospal.cn/storeLogo/c2f21edb-03df-43f0-b483-1c16998f6f96.jpg,2.0,10.0,0.52,540457374619218470,布丁奶茶（升级）,醇香奶茶系列,8.0,8.0,0.0,是,https://img.pospal.cn/productImages/5865691/d1c71f44-c4de-499d-bae1-2fdf02e5e0b1_200x200.png,2505221839296-1,,否,2025-05-22 18:40:13
5865691,蜜雪冰城（饭堂一楼）,广东省广州市从化区广从南路548号广州软件学院,18938371210,餐饮行业,10:00-22:00,是,https://img.pospal.cn/storeLogo/c2f21edb-03df-43f0-b483-1c16998f6f96.jpg,2.0,10.0,0.52,137692362736937015,双拼奶茶（升级）,醇香奶茶系列,7.0,7.0,0.0,是,https://img.pospal.cn/productImages/5865691/f9246e47-4d46-4b61-bdf8-0fd45c44b437_200x200.png,2505221840346,,否,2025-05-22 18:41:48
5865691,蜜雪冰城（饭堂一楼）,广东省广州市从化区广从南路548号广州软件学院,18938371210,餐饮行业,10:00-22:00,是,https://img.pospal.cn/storeLogo/c2f21edb-03df-43f0-b483-1c16998f6f96.jpg,2.0,10.0,0.52,802721105724948487,双拼奶茶（升级）,醇香奶茶系列,8.0,8.0,0.0,是,https://img.pospal.cn/productImages/5865691/f9246e47-4d46-4b61-bdf8-0fd45c44b437_200x200.png,2505221840346-1,,否,2025-05-22 18:41:48
5865691,蜜雪冰城（饭堂一楼）,广东省广州市从化区广从南路548号广州软件学院,18938371210,餐饮行业,10:00-22:00,是,https://img.pospal.cn/storeLogo/c2f21edb-03df-43f0-b483-1c16998f6f96.jpg,2.0,10.0,0.52,349277063624637337,芋圆奶茶,醇香奶茶系列,8.0,8.0,0.0,是,https://img.pospal.cn/productImages/5865691/3f16298a-78bf-4bc1-a08a-0cb94337753d_200x200.png,2505221842265,,否,2025-05-22 18:43:09
5865691,蜜雪冰城（饭堂一楼）,广东省广州市从化区广从南路548号广州软件学院,18938371210,餐饮行业,10:00-22:00,是,https://img.pospal.cn/storeLogo/c2f21edb-03df-43f0-b483-1c16998f6f96.jpg,2.0,10.0,0.52,908858608378757150,芋泥好暖椰,醇香奶茶系列,9.0,9.0,0.0,是,https://img.pospal.cn/productImages/5865691/0ee55a7c-d014-48e9-8e69-ee24030690ff_200x200.jpg,2511121052178,,是,2025-11-12 10:52:51
5865691,蜜雪冰城（饭堂一楼）,广东省广州市从化区广从南路548号广州软件学院,18938371210,餐饮行业,10:00-22:00,是,https://img.pospal.cn/storeLogo/c2f21edb-03df-43f0-b483-1c16998f6f96.jpg,2.0,10.0,0.52,827223427439194910,厚芋泥奶茶,醇香奶茶系列,8.0,8.0,0.0,是,https://img.pospal.cn/productImages/5865691/e9e6a00f-f319-46d2-87e3-8decd6f37bb6_200x200.jpg,2511121053106,,是,2025-11-12 10:53:46
5865691,蜜雪冰城（饭堂一楼）,广东省广州市从化区广从南路548号广州软件学院,18938371210,餐饮行业,10:00-22:00,是,https://img.pospal.cn/storeLogo/c2f21edb-03df-43f0-b483-1c16998f6f96.jpg,2.0,10.0,0.52,337237527753068530,冰鲜柠檬水,真鲜果茶,4.0,4.0,0.0,是,https://img.pospal.cn/productImages/5865691/d58c6fc9-4205-4573-a0bd-6d479d96ae0a_200x200.png,2505221823059,,否,2025-05-22 18:24:18
5865691,蜜雪冰城（饭堂一楼）,广东省广州市从化区广从南路548号广州软件学院,18938371210,餐饮行业,10:00-22:00,是,https://img.pospal.cn/storeLogo/c2f21edb-03df-43f0-b483-1c16998f6f96.jpg,2.0,10.0,0.52,915870347909400594,柠檬绿茶,真鲜果茶,5.0,5.0,0.0,是,https://img.pospal.cn/productImages/5865691/3b3b6ac2-7074-41b3-b7ce-cb81ddf8d6ad_200x200.png,2505221825527,,否,2025-05-22 18:26:41
5865691,蜜雪冰城（饭堂一楼）,广东省广州市从化区广从南路548号广州软件学院,18938371210,餐饮行业,10:00-22:00,是,https://img.pospal.cn/storeLogo/c2f21edb-03df-43f0-b483-1c16998f6f96.jpg,2.0,10.0,0.52,767775244361322430,柠檬红茶,真鲜果茶,5.0,5.0,0.0,是,https://img.pospal.cn/productImages/5865691/6625d648-0f98-4c81-b7d0-2005b68a0d5d_200x200.png,2505221827101,,否,2025-05-22 18:27:43
5865691,蜜雪冰城（饭堂一楼）,广东省广州市从化区广从南路548号广州软件学院,18938371210,餐饮行业,10:00-22:00,是,https://img.pospal.cn/storeLogo/c2f21edb-03df-43f0-b483-1c16998f6f96.jpg,2.0,10.0,0.52,894272530444352332,棒打鲜橙,真鲜果茶,6.0,6.0,0.0,是,https://img.pospal.cn/productImages/5865691/8ec2b187-46e1-4514-a4e0-f43a13eb0f82_200x200.png,2505221824476,,否,2025-05-22 18:25:25
5865691,蜜雪冰城（饭堂一楼）,广东省广州市从化区广从南路548号广州软件学院,18938371210,餐饮行业,10:00-22:00,是,https://img.pospal.cn/storeLogo/c2f21edb-03df-43f0-b483-1c16998f6f96.jpg,2.0,10.0,0.52,1015473758210133870,桃喜芒芒,真鲜果茶,8.0,8.0,0.0,是,https://img.pospal.cn/productImages/5865691/6a5f9d4a-62c1-4053-8aea-008b7674d00d_200x200.png,2505221833188,,否,2025-05-22 18:33:35
5865691,蜜雪冰城（饭堂一楼）,广东省广州市从化区广从南路548号广州软件学院,18938371210,餐饮行业,10:00-22:00,是,https://img.pospal.cn/storeLogo/c2f21edb-03df-43f0-b483-1c16998f6f96.jpg,2.0,10.0,0.52,925932437656051892,芋圆葡萄,真鲜果茶,8.0,8.0,0.0,是,https://img.pospal.cn/productImages/5865691/6ecba18e-1be2-4bb1-96a4-a18c4ea8900d_200x200.png,2505221831566,,否,2025-05-22 18:32:17
5865691,蜜雪冰城（饭堂一楼）,广东省广州市从化区广从南路548号广州软件学院,18938371210,餐饮行业,10:00-22:00,是,https://img.pospal.cn/storeLogo/c2f21edb-03df-43f0-b483-1c16998f6f96.jpg,2.0,10.0,0.52,115922378857044923,草莓啵啵,真鲜果茶,9.0,9.0,0.0,是,https://img.pospal.cn/productImages/5865691/eee3e1a1-bedf-4e9c-9356-065e38f00529_200x200.png,2505221832372,,否,2025-05-22 18:32:55
5865691,蜜雪冰城（饭堂一楼）,广东省广州市从化区广从南路548号广州软件学院,18938371210,餐饮行业,10:00-22:00,是,https://img.pospal.cn/storeLogo/c2f21edb-03df-43f0-b483-1c16998f6f96.jpg,2.0,10.0,0.52,1002728118536719421,蜜桃四季春,真鲜果茶,7.0,7.0,0.0,是,https://img.pospal.cn/productImages/5865691/e4b4e194-073b-4d14-a2e3-26e95a02436a_200x200.jpg,2511121105164,,是,2025-11-12 11:05:50
5865691,蜜雪冰城（饭堂一楼）,广东省广州市从化区广从南路548号广州软件学院,18938371210,餐饮行业,10:00-22:00,是,https://img.pospal.cn/storeLogo/c2f21edb-03df-43f0-b483-1c16998f6f96.jpg,2.0,10.0,0.52,1139596906456934740,香柠红茶,真鲜果茶,5.0,5.0,0.0,是,https://img.pospal.cn/productImages/5865691/be48709a-a901-4ea7-ab3a-906237f7e0bf_200x200.jpg,2511121107441,,是,2025-11-12 11:09:07
5865691,蜜雪冰城（饭堂一楼）,广东省广州市从化区广从南路548号广州软件学院,18938371210,餐饮行业,10:00-22:00,是,https://img.pospal.cn/storeLogo/c2f21edb-03df-43f0-b483-1c16998f6f96.jpg,2.0,10.0,0.52,109650420679842366,香柠绿茶,真鲜果茶,5.0,5.0,0.0,是,https://img.pospal.cn/productImages/5865691/0a80b5c6-aad5-4004-800c-6f5617b07849_200x200.jpg,2511121109209,,是,2025-11-12 11:10:35
5865691,蜜雪冰城（饭堂一楼）,广东省广州市从化区广从南路548号广州软件学院,18938371210,餐饮行业,10:00-22:00,是,https://img.pospal.cn/storeLogo/c2f21edb-03df-43f0-b483-1c16998f6f96.jpg,2.0,10.0,0.52,565549245669469912,桃喜芒芒,真鲜果茶,6.0,6.0,0.0,是,https://img.pospal.cn/productImages/5865691/7ede5349-3876-4efd-97f8-78fdd3d4fad5_200x200.jpg,2511121112186,,是,2025-11-12 11:13:06
5865691,蜜雪冰城（饭堂一楼）,广东省广州市从化区广从南路548号广州软件学院,18938371210,餐饮行业,10:00-22:00,是,https://img.pospal.cn/storeLogo/c2f21edb-03df-43f0-b483-1c16998f6f96.jpg,2.0,10.0,0.52,806641990534005294,香柠百香果,真鲜果茶,7.0,7.0,0.0,是,https://img.pospal.cn/productImages/5865691/fef84348-f1ad-42cc-b1a4-65f6175ef7d5_200x200.jpg,2511121113534,,是,2025-11-12 11:14:33
5865691,蜜雪冰城（饭堂一楼）,广东省广州市从化区广从南路548号广州软件学院,18938371210,餐饮行业,10:00-22:00,是,https://img.pospal.cn/storeLogo/c2f21edb-03df-43f0-b483-1c16998f6f96.jpg,2.0,10.0,0.52,215350539336146459,满杯百香果,真鲜果茶,7.0,7.0,0.0,是,https://img.pospal.cn/productImages/5865691/72774166-45da-475c-9188-2eb7ce7dbc3b_200x200.jpg,2524781060742,,否,2025-11-13 11:14:39
5865691,蜜雪冰城（饭堂一楼）,广东省广州市从化区广从南路548号广州软件学院,18938371210,餐饮行业,10:00-22:00,是,https://img.pospal.cn/storeLogo/c2f21edb-03df-43f0-b483-1c16998f6f96.jpg,2.0,10.0,0.52,1117334900022484920,黄桃果霸,真鲜果茶,8.0,8.0,0.0,是,https://img.pospal.cn/productImages/5865691/ecacb84b-f27f-4602-a8b2-63083fbb9edc_200x200.jpg,2609071255449,,是,2026-09-07 12:55:47
5865691,蜜雪冰城（饭堂一楼）,广东省广州市从化区广从南路548号广州软件学院,18938371210,餐饮行业,10:00-22:00,是,https://img.pospal.cn/storeLogo/c2f21edb-03df-43f0-b483-1c16998f6f96.jpg,2.0,10.0,0.52,1002371182680860401,柠檬红茶霸气桶,真鲜果茶,6.9,6.9,-2.0,是,https://img.pospal.cn/productImages/0/default/food_200x200.png,2609071301450,,是,2026-09-07 13:03:34
5865691,蜜雪冰城（饭堂一楼）,广东省广州市从化区广从南路548号广州软件学院,18938371210,餐饮行业,10:00-22:00,是,https://img.pospal.cn/storeLogo/c2f21edb-03df-43f0-b483-1c16998f6f96.jpg,2.0,10.0,0.52,650136481990535060,黄皮百香果,真鲜果茶,8.0,8.0,0.0,是,https://img.pospal.cn/productImages/5865691/317b51ed-77e2-41d3-90b4-5cfa90de64ff_200x200.jpg,2609071304185,,是,2026-09-07 13:05:20
5865691,蜜雪冰城（饭堂一楼）,广东省广州市从化区广从南路548号广州软件学院,18938371210,餐饮行业,10:00-22:00,是,https://img.pospal.cn/storeLogo/c2f21edb-03df-43f0-b483-1c16998f6f96.jpg,2.0,10.0,0.52,938867747197126703,茉莉奶绿,轻乳系列,6.0,6.0,0.0,是,https://img.pospal.cn/productImages/5865691/d8f8def1-98dc-4ea2-ac9f-604365f35233_200x200.png,2505221844542,,否,2025-05-22 18:45:29
5865691,蜜雪冰城（饭堂一楼）,广东省广州市从化区广从南路548号广州软件学院,18938371210,餐饮行业,10:00-22:00,是,https://img.pospal.cn/storeLogo/c2f21edb-03df-43f0-b483-1c16998f6f96.jpg,2.0,10.0,0.52,80047098340467693,杨枝甘露,轻乳系列,9.0,9.0,0.0,是,https://img.pospal.cn/productImages/5865691/f10b0b4b-12f8-463d-b503-be79f8666f31_200x200.jpg,2511121118195,,是,2025-11-12 11:19:07
5865691,蜜雪冰城（饭堂一楼）,广东省广州市从化区广从南路548号广州软件学院,18938371210,餐饮行业,10:00-22:00,是,https://img.pospal.cn/storeLogo/c2f21edb-03df-43f0-b483-1c16998f6f96.jpg,2.0,10.0,0.52,291104545024437147,黄桃燕麦酸奶,轻乳系列,10.0,10.0,-1.0,是,https://img.pospal.cn/productImages/5865691/5175e16f-13e2-43af-a3d8-85d3f4160f89_200x200.jpg,2609071255524,,是,2026-09-07 12:57:14
5865691,蜜雪冰城（饭堂一楼）,广东省广州市从化区广从南路548号广州软件学院,18938371210,餐饮行业,10:00-22:00,是,https://img.pospal.cn/storeLogo/c2f21edb-03df-43f0-b483-1c16998f6f96.jpg,2.0,10.0,0.52,315420672619514215,茉莉绿茶,原叶纯茶,4.0,4.0,0.0,是,https://img.pospal.cn/productImages/5865691/1fab2a4b-ad52-425a-8a42-f3b6bd670d8f_200x200.jpg,2671700087233,,否,2025-11-13 11:25:29
5865691,蜜雪冰城（饭堂一楼）,广东省广州市从化区广从南路548号广州软件学院,18938371210,餐饮行业,10:00-22:00,是,https://img.pospal.cn/storeLogo/c2f21edb-03df-43f0-b483-1c16998f6f96.jpg,2.0,10.0,0.52,314640140746675378,蜜雪原叶红茶,原叶纯茶,4.0,4.0,0.0,是,https://img.pospal.cn/productImages/5865691/2036d9c5-8bf2-477d-a6c1-b8f877862457_200x200.jpg,0243332293423,,否,2025-11-13 11:26:19
5865691,蜜雪冰城（饭堂一楼）,广东省广州市从化区广从南路548号广州软件学院,18938371210,餐饮行业,10:00-22:00,是,https://img.pospal.cn/storeLogo/c2f21edb-03df-43f0-b483-1c16998f6f96.jpg,2.0,10.0,0.52,735567390332688567,高山四季春茶,原叶纯茶,4.0,4.0,0.0,是,https://img.pospal.cn/productImages/5865691/ba4c51d2-b9a0-4fe8-b7b9-fb03aa39f0da_200x200.jpg,0433921810319,,否,2025-11-13 11:27:33
4825262,三餐四季（食堂二楼）,广东省广州市从化区太平镇广从南路548号内,13570707081,餐饮行业,"17:00-18:20, 10:30-12:19",否,https://img.pospal.cn/storeLogo/4825262/188f460b17884a79b607af639fb27a10.jpg,2.0,10.0,0.47,999922748206125995,番茄肉酱意粉,肉酱意粉,10.0,10.0,-2.0,是,https://img.pospal.cn/productImages/4825262/7a9482ab-3fca-4dab-a166-76afdb17a132_200x200.png,2607061053433,,否,2026-07-06 10:59:10
4825262,三餐四季（食堂二楼）,广东省广州市从化区太平镇广从南路548号内,13570707081,餐饮行业,"17:00-18:20, 10:30-12:19",否,https://img.pospal.cn/storeLogo/4825262/188f460b17884a79b607af639fb27a10.jpg,2.0,10.0,0.47,654374054718430249,1肉1小炒（配青菜米饭）,小炒,11.5,11.5,0.0,是,https://img.pospal.cn/productImages/4825262/e7fd0a9b-a4de-4681-8b67-024c687188d7_200x200.jpg,2604040008576,,否,2026-04-04 00:10:18
4825262,三餐四季（食堂二楼）,广东省广州市从化区太平镇广从南路548号内,13570707081,餐饮行业,"17:00-18:20, 10:30-12:19",否,https://img.pospal.cn/storeLogo/4825262/188f460b17884a79b607af639fb27a10.jpg,2.0,10.0,0.47,940576458851881371,1肉2小炒（配青菜米饭）,小炒,13.0,13.0,0.0,是,https://img.pospal.cn/productImages/4825262/5399af82-bcb3-422f-b9c4-78d096c1f22d_200x200.jpg,2604040010227,,否,2026-04-04 00:10:59
4825262,三餐四季（食堂二楼）,广东省广州市从化区太平镇广从南路548号内,13570707081,餐饮行业,"17:00-18:20, 10:30-12:19",否,https://img.pospal.cn/storeLogo/4825262/188f460b17884a79b607af639fb27a10.jpg,2.0,10.0,0.47,233417897993412186,鸡肉肠滑蛋饭,滑蛋饭,10.5,10.5,329.0,否,https://img.pospal.cn/productImages/4825262/f3a003ff-b97b-4c17-a65b-b8917b56d344_200x200.jpg,2604032254530,,否,2026-04-03 22:55:16
4825262,三餐四季（食堂二楼）,广东省广州市从化区太平镇广从南路548号内,13570707081,餐饮行业,"17:00-18:20, 10:30-12:19",否,https://img.pospal.cn/storeLogo/4825262/188f460b17884a79b607af639fb27a10.jpg,2.0,10.0,0.47,126004138117498389,蟹柳滑蛋饭,滑蛋饭,10.5,10.5,333.0,否,https://img.pospal.cn/productImages/4825262/ec887af9-b84c-45f3-9596-4d87d40901fc_200x200.jpg,2604032254370,,否,2026-04-03 22:54:50
4825262,三餐四季（食堂二楼）,广东省广州市从化区太平镇广从南路548号内,13570707081,餐饮行业,"17:00-18:20, 10:30-12:19",否,https://img.pospal.cn/storeLogo/4825262/188f460b17884a79b607af639fb27a10.jpg,2.0,10.0,0.47,1004239517694582280,鸡扒滑蛋饭,滑蛋饭,11.5,11.5,270.0,否,https://img.pospal.cn/productImages/4825262/666257b6-34fa-4da6-bc3e-9451ac43991d_200x200.jpg,2604032252475,,否,2026-04-03 22:53:09
4825262,三餐四季（食堂二楼）,广东省广州市从化区太平镇广从南路548号内,13570707081,餐饮行业,"17:00-18:20, 10:30-12:19",否,https://img.pospal.cn/storeLogo/4825262/188f460b17884a79b607af639fb27a10.jpg,2.0,10.0,0.47,274703916343524210,鸡肉滑蛋饭,滑蛋饭,11.5,11.5,328.0,否,https://img.pospal.cn/productImages/4825262/f740ff66-ebca-48db-95bb-5c1e417e58e6_200x200.jpg,2604032253120,,否,2026-04-03 22:53:39
4825262,三餐四季（食堂二楼）,广东省广州市从化区太平镇广从南路548号内,13570707081,餐饮行业,"17:00-18:20, 10:30-12:19",否,https://img.pospal.cn/storeLogo/4825262/188f460b17884a79b607af639fb27a10.jpg,2.0,10.0,0.47,161703847707263354,腊肠滑蛋饭,滑蛋饭,11.5,11.5,321.0,否,https://img.pospal.cn/productImages/4825262/4168af0b-9acf-4904-85dc-0454e47a3a3e_200x200.jpg,2604032253427,,否,2026-04-03 22:54:05
4825262,三餐四季（食堂二楼）,广东省广州市从化区太平镇广从南路548号内,13570707081,餐饮行业,"17:00-18:20, 10:30-12:19",否,https://img.pospal.cn/storeLogo/4825262/188f460b17884a79b607af639fb27a10.jpg,2.0,10.0,0.47,720114516618363238,虾仁滑蛋饭,滑蛋饭,12.5,12.5,197.0,否,https://img.pospal.cn/productImages/4825262/97e83e6b-3eb9-4b9a-9ec4-b47bab40572d_200x200.jpg,2604032252260,,否,2026-04-03 22:52:44
4825262,三餐四季（食堂二楼）,广东省广州市从化区太平镇广从南路548号内,13570707081,餐饮行业,"17:00-18:20, 10:30-12:19",否,https://img.pospal.cn/storeLogo/4825262/188f460b17884a79b607af639fb27a10.jpg,2.0,10.0,0.47,809007491946137416,牛肉滑蛋饭,滑蛋饭,15.5,15.5,221.0,否,https://img.pospal.cn/productImages/4825262/b78372b5-2bc4-4b1b-9aca-eb8aae20171c_200x200.jpg,2604032251454,,否,2026-04-03 22:52:02
4825262,三餐四季（食堂二楼）,广东省广州市从化区太平镇广从南路548号内,13570707081,餐饮行业,"17:00-18:20, 10:30-12:19",否,https://img.pospal.cn/storeLogo/4825262/188f460b17884a79b607af639fb27a10.jpg,2.0,10.0,0.47,44288115384020967,火腿粒滑蛋饭,滑蛋饭,11.5,11.5,0.0,是,https://img.pospal.cn/productImages/4825262/9d8c357d-9c46-4bf6-bc88-0a637e40511c_200x200.jpg,2604032254080,,否,2026-04-03 22:54:29
4825262,三餐四季（食堂二楼）,广东省广州市从化区太平镇广从南路548号内,13570707081,餐饮行业,"17:00-18:20, 10:30-12:19",否,https://img.pospal.cn/storeLogo/4825262/188f460b17884a79b607af639fb27a10.jpg,2.0,10.0,0.47,1065063160529817704,叉烧滑蛋饭,滑蛋饭,12.5,12.5,0.0,是,https://img.pospal.cn/productImages/4825262/86e7114a-057f-4991-bfcf-aaeadece62ec_200x200.jpg,2604032252093,,否,2026-04-03 22:52:22
4542461,昆吉双拼饭·沙县蒸饺·云吞,广东省广州市从化区太平镇广从南路548号内（菲比幸福113档）,18819387118,餐饮行业,09:00-21:00,是,https://img.pospal.cn/storeLogo/4542461/f1d1807493e143f8a7fa57563c207cb7.png,2.0,10.0,0.69,958029885769674285,虫草花鸡汤,汤类,8.0,8.0,0.0,是,https://img.pospal.cn/productImages/4542461/9acb5fc7-cf56-4cfb-a24a-0fda7876fd96_200x200.jpg,2408192201591,,否,2024-08-19 22:03:03
4542461,昆吉双拼饭·沙县蒸饺·云吞,广东省广州市从化区太平镇广从南路548号内（菲比幸福113档）,18819387118,餐饮行业,09:00-21:00,是,https://img.pospal.cn/storeLogo/4542461/f1d1807493e143f8a7fa57563c207cb7.png,2.0,10.0,0.69,855425410048776259,玉米红萝卜排骨汤,汤类,8.0,8.0,0.0,是,https://img.pospal.cn/productImages/4542461/528d2e4a-255d-41ab-8513-2029522b7220_200x200.jpg,2409171753445,,否,2024-09-17 17:54:29
4542461,昆吉双拼饭·沙县蒸饺·云吞,广东省广州市从化区太平镇广从南路548号内（菲比幸福113档）,18819387118,餐饮行业,09:00-21:00,是,https://img.pospal.cn/storeLogo/4542461/f1d1807493e143f8a7fa57563c207cb7.png,2.0,10.0,0.69,866432599501416656,玉米鲜肉云吞（13个）,广式云吞（小份）,10.0,10.0,880.0,否,https://img.pospal.cn/productImages/4542461/cc9aa074-a34e-425b-9400-9530fbd8f7b0_200x200.jpg,2408192116376,每天新鲜手工包，真材实料！！！,否,2024-08-19 21:18:39
4542461,昆吉双拼饭·沙县蒸饺·云吞,广东省广州市从化区太平镇广从南路548号内（菲比幸福113档）,18819387118,餐饮行业,09:00-21:00,是,https://img.pospal.cn/storeLogo/4542461/f1d1807493e143f8a7fa57563c207cb7.png,2.0,10.0,0.69,463085123152214704,紫菜鲜肉云吞（13个）,广式云吞（小份）,10.0,10.0,8885.0,否,https://img.pospal.cn/productImages/4542461/103e7cdb-dc8f-41a0-8ee4-8153351b5c9d_200x200.jpg,2408192118448,每天新鲜手工包，真材实料！！！,否,2024-08-19 21:29:30
4542461,昆吉双拼饭·沙县蒸饺·云吞,广东省广州市从化区太平镇广从南路548号内（菲比幸福113档）,18819387118,餐饮行业,09:00-21:00,是,https://img.pospal.cn/storeLogo/4542461/f1d1807493e143f8a7fa57563c207cb7.png,2.0,10.0,0.69,545721125155132965,香菇鲜肉云吞（13个）,广式云吞（小份）,10.0,10.0,8884.0,否,https://img.pospal.cn/productImages/4542461/bab7e90f-9a3f-451f-b0b7-a408d9416a27_200x200.jpg,2408192129345,每天新鲜手工包，真材实料！！！,否,2024-08-19 21:31:33
4542461,昆吉双拼饭·沙县蒸饺·云吞,广东省广州市从化区太平镇广从南路548号内（菲比幸福113档）,18819387118,餐饮行业,09:00-21:00,是,https://img.pospal.cn/storeLogo/4542461/f1d1807493e143f8a7fa57563c207cb7.png,2.0,10.0,0.69,977662524839298730,鲜肉云吞（13个）,广式云吞（小份）,10.0,10.0,8881.0,否,https://img.pospal.cn/productImages/4542461/504f6645-b646-4259-81a5-4c0d3253797d_200x200.jpg,2408192131386,每天新鲜手工包，真材实料！！！,否,2024-08-19 21:32:49
4542461,昆吉双拼饭·沙县蒸饺·云吞,广东省广州市从化区太平镇广从南路548号内（菲比幸福113档）,18819387118,餐饮行业,09:00-21:00,是,https://img.pospal.cn/storeLogo/4542461/f1d1807493e143f8a7fa57563c207cb7.png,2.0,10.0,0.69,62706243108361555,混合云吞（13个）,广式云吞（小份）,10.0,10.0,8865.0,否,https://img.pospal.cn/productImages/4542461/942f814b-68dd-4fcd-87ce-24a34006178c_200x200.jpg,2408202245317,每天新鲜手工包，真材实料！！！,否,2024-08-20 22:46:37
4542461,昆吉双拼饭·沙县蒸饺·云吞,广东省广州市从化区太平镇广从南路548号内（菲比幸福113档）,18819387118,餐饮行业,09:00-21:00,是,https://img.pospal.cn/storeLogo/4542461/f1d1807493e143f8a7fa57563c207cb7.png,2.0,10.0,0.69,54993913867859628,紫菜鲜肉云吞（18个）,广式云吞（大份）,13.0,13.0,880.0,否,https://img.pospal.cn/productImages/4542461/a4fbef81-6480-4002-a27c-2d275236fa04_200x200.jpg,2408192136091,每天新鲜手工包，真材实料！！！,否,2024-08-19 21:37:01
4542461,昆吉双拼饭·沙县蒸饺·云吞,广东省广州市从化区太平镇广从南路548号内（菲比幸福113档）,18819387118,餐饮行业,09:00-21:00,是,https://img.pospal.cn/storeLogo/4542461/f1d1807493e143f8a7fa57563c207cb7.png,2.0,10.0,0.69,481059409488114933,玉米鲜肉云吞（18个）,广式云吞（大份）,13.0,13.0,886.0,否,https://img.pospal.cn/productImages/4542461/914f078f-df53-41b6-bca2-40b95c4067d3_200x200.jpg,2408192137388,每天新鲜手工包，真材实料！！！,否,2024-08-19 21:38:21
4542461,昆吉双拼饭·沙县蒸饺·云吞,广东省广州市从化区太平镇广从南路548号内（菲比幸福113档）,18819387118,餐饮行业,09:00-21:00,是,https://img.pospal.cn/storeLogo/4542461/f1d1807493e143f8a7fa57563c207cb7.png,2.0,10.0,0.69,941005674070928087,香菇鲜肉云吞（18个）,广式云吞（大份）,13.0,13.0,8882.0,否,https://img.pospal.cn/productImages/4542461/5d55b764-9133-4637-ad69-311382805b7d_200x200.jpg,2408192138255,每天新鲜手工包，真材实料！！！,否,2024-08-19 21:39:07
4542461,昆吉双拼饭·沙县蒸饺·云吞,广东省广州市从化区太平镇广从南路548号内（菲比幸福113档）,18819387118,餐饮行业,09:00-21:00,是,https://img.pospal.cn/storeLogo/4542461/f1d1807493e143f8a7fa57563c207cb7.png,2.0,10.0,0.69,431982490773088583,鲜肉云吞（18个）,广式云吞（大份）,13.0,13.0,8883.0,否,https://img.pospal.cn/productImages/4542461/01efbd69-c87d-4949-b2cf-93c6f2489a92_200x200.jpg,2408192139184,每天新鲜手工包，真材实料！！！,否,2024-08-19 21:39:52
4542461,昆吉双拼饭·沙县蒸饺·云吞,广东省广州市从化区太平镇广从南路548号内（菲比幸福113档）,18819387118,餐饮行业,09:00-21:00,是,https://img.pospal.cn/storeLogo/4542461/f1d1807493e143f8a7fa57563c207cb7.png,2.0,10.0,0.69,98467993441549642,混合云吞（18个）,广式云吞（大份）,13.0,13.0,8873.0,否,https://img.pospal.cn/productImages/4542461/2a731294-6384-48d4-a5e7-d47ae3967ab8_200x200.jpg,2408202246437,每天新鲜手工包，真材实料！！！,否,2024-08-20 22:47:32
4542461,昆吉双拼饭·沙县蒸饺·云吞,广东省广州市从化区太平镇广从南路548号内（菲比幸福113档）,18819387118,餐饮行业,09:00-21:00,是,https://img.pospal.cn/storeLogo/4542461/f1d1807493e143f8a7fa57563c207cb7.png,2.0,10.0,0.69,492473920572525262,沙县蒸饺（小份8个）,沙县蒸饺,7.0,7.0,8488.0,否,https://img.pospal.cn/productImages/4542461/a33adfe9-566b-4711-8f1a-bb5dfc741a3b_200x200.jpg,2408192140586,,否,2024-08-19 21:42:06
4542461,昆吉双拼饭·沙县蒸饺·云吞,广东省广州市从化区太平镇广从南路548号内（菲比幸福113档）,18819387118,餐饮行业,09:00-21:00,是,https://img.pospal.cn/storeLogo/4542461/f1d1807493e143f8a7fa57563c207cb7.png,2.0,10.0,0.69,443957670028500121,沙县蒸饺（大份12个）,沙县蒸饺,9.0,9.0,8693.0,否,https://img.pospal.cn/productImages/4542461/441b2884-7fac-4c01-a864-f4d8f86c5af5_200x200.jpg,2408192142290,,否,2024-08-19 21:43:28
4542461,昆吉双拼饭·沙县蒸饺·云吞,广东省广州市从化区太平镇广从南路548号内（菲比幸福113档）,18819387118,餐饮行业,09:00-21:00,是,https://img.pospal.cn/storeLogo/4542461/f1d1807493e143f8a7fa57563c207cb7.png,2.0,10.0,0.69,32802680316644531,沙县蒸饺（超大份15个）,沙县蒸饺,11.0,11.0,8775.0,否,https://img.pospal.cn/productImages/4542461/6d8e34a4-24ad-4194-9755-2643dba57d08_200x200.jpg,2408192143341,,否,2024-08-19 21:44:24
4542461,昆吉双拼饭·沙县蒸饺·云吞,广东省广州市从化区太平镇广从南路548号内（菲比幸福113档）,18819387118,餐饮行业,09:00-21:00,是,https://img.pospal.cn/storeLogo/4542461/f1d1807493e143f8a7fa57563c207cb7.png,2.0,10.0,0.69,756587917911779430,云吞面,面类,10.0,10.0,8881.0,否,https://img.pospal.cn/productImages/4542461/4f4c1e48-f285-4166-9376-a01f11841ecc_200x200.jpg,2408192153180,,否,2024-08-19 21:54:17
4542461,昆吉双拼饭·沙县蒸饺·云吞,广东省广州市从化区太平镇广从南路548号内（菲比幸福113档）,18819387118,餐饮行业,09:00-21:00,是,https://img.pospal.cn/storeLogo/4542461/f1d1807493e143f8a7fa57563c207cb7.png,2.0,10.0,0.69,23118728775921357,浓汤斋面,面类,7.0,7.0,8882.0,否,https://img.pospal.cn/productImages/4542461/fd5e1bd8-45ba-4702-9e4f-5f72977b9e7a_200x200.jpg,2408192154231,,否,2024-08-19 21:55:37
4542461,昆吉双拼饭·沙县蒸饺·云吞,广东省广州市从化区太平镇广从南路548号内（菲比幸福113档）,18819387118,餐饮行业,09:00-21:00,是,https://img.pospal.cn/storeLogo/4542461/f1d1807493e143f8a7fa57563c207cb7.png,2.0,10.0,0.69,149227924108528665,花生酱拌面,面类,8.0,8.0,-1.0,是,https://img.pospal.cn/productImages/4542461/ea9dde60-ac5b-4e22-b56f-569af3dbf424_200x200.jpg,2408192155412,,否,2024-08-19 21:56:18
4542461,昆吉双拼饭·沙县蒸饺·云吞,广东省广州市从化区太平镇广从南路548号内（菲比幸福113档）,18819387118,餐饮行业,09:00-21:00,是,https://img.pospal.cn/storeLogo/4542461/f1d1807493e143f8a7fa57563c207cb7.png,2.0,10.0,0.69,651418664665603920,咖喱鸡捞面,面类,10.0,10.0,0.0,是,https://img.pospal.cn/productImages/4542461/f42739a9-7ec5-42fc-8e9a-9817a565f03a_200x200.jpg,2410162128135,,否,2024-10-16 21:32:38
4542461,昆吉双拼饭·沙县蒸饺·云吞,广东省广州市从化区太平镇广从南路548号内（菲比幸福113档）,18819387118,餐饮行业,09:00-21:00,是,https://img.pospal.cn/storeLogo/4542461/f1d1807493e143f8a7fa57563c207cb7.png,2.0,10.0,0.69,659867742184436680,超级双拼饭,饭类,13.0,13.0,7185.0,否,https://img.pospal.cn/productImages/4542461/6f230164-0e69-425d-8b1a-d3f5f18307df_200x200.png,2604162025147,,否,2026-04-16 20:25:45
4542461,昆吉双拼饭·沙县蒸饺·云吞,广东省广州市从化区太平镇广从南路548号内（菲比幸福113档）,18819387118,餐饮行业,09:00-21:00,是,https://img.pospal.cn/storeLogo/4542461/f1d1807493e143f8a7fa57563c207cb7.png,2.0,10.0,0.69,408158592784897448,港式绝味鸡饭,饭类,12.0,12.0,872.0,否,https://img.pospal.cn/productImages/4542461/791bc15f-c86b-4bac-b37a-86e7aad24716_200x200.jpg,2505270632336,,否,2025-05-27 06:37:02
4542461,昆吉双拼饭·沙县蒸饺·云吞,广东省广州市从化区太平镇广从南路548号内（菲比幸福113档）,18819387118,餐饮行业,09:00-21:00,是,https://img.pospal.cn/storeLogo/4542461/f1d1807493e143f8a7fa57563c207cb7.png,2.0,10.0,0.69,1114744155862185888,烧烤煎肉饭,饭类,12.0,12.0,8878.0,否,https://img.pospal.cn/productImages/4542461/19a3197c-3a79-44b9-b437-2a7490748a69_200x200.jpg,2604162012215,,否,2026-04-16 20:19:37
4542461,昆吉双拼饭·沙县蒸饺·云吞,广东省广州市从化区太平镇广从南路548号内（菲比幸福113档）,18819387118,餐饮行业,09:00-21:00,是,https://img.pospal.cn/storeLogo/4542461/f1d1807493e143f8a7fa57563c207cb7.png,2.0,10.0,0.69,633466173098730363,香辣大鸡排饭,饭类,12.0,12.0,879.0,否,https://img.pospal.cn/productImages/4542461/8527c0dc-3af6-406e-b9e9-5f87af39b2ea_200x200.jpg,2511102337010,,否,2025-11-10 23:37:54
4542461,昆吉双拼饭·沙县蒸饺·云吞,广东省广州市从化区太平镇广从南路548号内（菲比幸福113档）,18819387118,餐饮行业,09:00-21:00,是,https://img.pospal.cn/storeLogo/4542461/f1d1807493e143f8a7fa57563c207cb7.png,2.0,10.0,0.69,122770489428173367,韩式鸡米花饭,饭类,12.0,12.0,88867.0,否,https://img.pospal.cn/productImages/4542461/bf3b22d4-e2a8-4dcb-bc9e-0249eafea84f_200x200.jpg,2603012043379,,否,2026-03-01 20:48:21
4542461,昆吉双拼饭·沙县蒸饺·云吞,广东省广州市从化区太平镇广从南路548号内（菲比幸福113档）,18819387118,餐饮行业,09:00-21:00,是,https://img.pospal.cn/storeLogo/4542461/f1d1807493e143f8a7fa57563c207cb7.png,2.0,10.0,0.69,907572962807523388,糖醋鸡贝贝饭,饭类,12.0,12.0,888.0,否,https://img.pospal.cn/productImages/4542461/bcf3eeeb-b69b-49d2-9ef3-f75b152b5015_200x200.png,2504212222062,,否,2025-04-21 22:23:52
4542461,昆吉双拼饭·沙县蒸饺·云吞,广东省广州市从化区太平镇广从南路548号内（菲比幸福113档）,18819387118,餐饮行业,09:00-21:00,是,https://img.pospal.cn/storeLogo/4542461/f1d1807493e143f8a7fa57563c207cb7.png,2.0,10.0,0.69,27402640910723975,咖喱鸡腿肉饭,饭类,12.0,12.0,8869.0,否,https://img.pospal.cn/productImages/4542461/b61df708-c6ea-4272-97f4-962fa913d054_200x200.jpg,2505270637133,,否,2025-05-27 06:37:50
4542461,昆吉双拼饭·沙县蒸饺·云吞,广东省广州市从化区太平镇广从南路548号内（菲比幸福113档）,18819387118,餐饮行业,09:00-21:00,是,https://img.pospal.cn/storeLogo/4542461/f1d1807493e143f8a7fa57563c207cb7.png,2.0,10.0,0.69,317972876899331613,爆炒五花肉饭,饭类,12.0,12.0,872.0,否,https://img.pospal.cn/productImages/4542461/1e596ce9-bfdd-45bc-8813-fba962530e28_200x200.jpg,2603222234246,,否,2026-03-22 22:36:31
4542461,昆吉双拼饭·沙县蒸饺·云吞,广东省广州市从化区太平镇广从南路548号内（菲比幸福113档）,18819387118,餐饮行业,09:00-21:00,是,https://img.pospal.cn/storeLogo/4542461/f1d1807493e143f8a7fa57563c207cb7.png,2.0,10.0,0.69,435240565712406442,霸王炒鸡饭,饭类,12.0,12.0,8888.0,否,https://img.pospal.cn/productImages/4542461/ae230040-106b-46e7-97b0-679c3a8d3ceb_200x200.jpg,2605172109469,,否,2026-05-17 21:11:47
4542461,昆吉双拼饭·沙县蒸饺·云吞,广东省广州市从化区太平镇广从南路548号内（菲比幸福113档）,18819387118,餐饮行业,09:00-21:00,是,https://img.pospal.cn/storeLogo/4542461/f1d1807493e143f8a7fa57563c207cb7.png,2.0,10.0,0.69,267302259492783297,照烧鸡腿肉饭,饭类,12.0,12.0,8870.0,否,https://img.pospal.cn/productImages/4542461/f3cfbd12-4c54-4de0-a0ed-75925dfe5e65_200x200.jpg,2603192315044,,否,2026-03-19 23:17:18
4542461,昆吉双拼饭·沙县蒸饺·云吞,广东省广州市从化区太平镇广从南路548号内（菲比幸福113档）,18819387118,餐饮行业,09:00-21:00,是,https://img.pospal.cn/storeLogo/4542461/f1d1807493e143f8a7fa57563c207cb7.png,2.0,10.0,0.69,140255264984542483,琥珀鸡贝贝饭,饭类,12.0,12.0,8886.0,否,https://img.pospal.cn/productImages/4542461/cd07b4d8-cc37-4295-a025-4c5aa09ac2fa_200x200.png,2409011423194,,否,2024-09-01 14:24:14
4542461,昆吉双拼饭·沙县蒸饺·云吞,广东省广州市从化区太平镇广从南路548号内（菲比幸福113档）,18819387118,餐饮行业,09:00-21:00,是,https://img.pospal.cn/storeLogo/4542461/f1d1807493e143f8a7fa57563c207cb7.png,2.0,10.0,0.69,898707372809201555,奥尔良烤肉饭,饭类,12.0,12.0,872.0,否,https://img.pospal.cn/productImages/4542461/86ef9563-cc12-429a-a55a-4f35cbfc5e0f_200x200.png,2608282007328,,否,2026-08-28 20:15:02
4542461,昆吉双拼饭·沙县蒸饺·云吞,广东省广州市从化区太平镇广从南路548号内（菲比幸福113档）,18819387118,餐饮行业,09:00-21:00,是,https://img.pospal.cn/storeLogo/4542461/f1d1807493e143f8a7fa57563c207cb7.png,2.0,10.0,0.69,875335848367089226,堂食点餐专用勿点！,饭类,13.0,13.0,221.0,否,https://img.pospal.cn/productImages/0/default/food_200x200.png,2609091045280,,否,2026-09-09 10:46:19
4542461,昆吉双拼饭·沙县蒸饺·云吞,广东省广州市从化区太平镇广从南路548号内（菲比幸福113档）,18819387118,餐饮行业,09:00-21:00,是,https://img.pospal.cn/storeLogo/4542461/f1d1807493e143f8a7fa57563c207cb7.png,2.0,10.0,0.69,1079256665526688469,青瓜炒肉卷饭,饭类,12.0,12.0,8888.0,否,https://img.pospal.cn/productImages/4542461/c937d4bd-8514-4d5f-9094-69e5fb6481f5_200x200.png,2609191939298,,否,2026-09-19 19:40:19
4542461,昆吉双拼饭·沙县蒸饺·云吞,广东省广州市从化区太平镇广从南路548号内（菲比幸福113档）,18819387118,餐饮行业,09:00-21:00,是,https://img.pospal.cn/storeLogo/4542461/f1d1807493e143f8a7fa57563c207cb7.png,2.0,10.0,0.69,700609706113237471,麻婆肉沫豆腐饭,饭类,12.0,12.0,8887.0,否,https://img.pospal.cn/productImages/4542461/268d262a-402d-420f-b303-d98e6556c5bf_200x200.png,2609191944216,,否,2026-09-19 19:45:11
4542461,昆吉双拼饭·沙县蒸饺·云吞,广东省广州市从化区太平镇广从南路548号内（菲比幸福113档）,18819387118,餐饮行业,09:00-21:00,是,https://img.pospal.cn/storeLogo/4542461/f1d1807493e143f8a7fa57563c207cb7.png,2.0,10.0,0.69,825644346516938392,椒麻伴翅饭,饭类,12.0,12.0,0.0,是,https://img.pospal.cn/productImages/4542461/ea3bbd05-8c4a-4e47-a2b2-b485a71bd740_200x200.png,2608272147164,,否,2026-08-27 21:48:17
